code,naam,niveau,niveau_naam,leerweg,hoofdgroep_code,hoofdgroep_naam,subgroep_code,subgroep_naam,dossier_code,dossier_naam,sectorkamer_code,sectorkamer_naam
10001,Ondernemer/Manager Detailhandel,4,middenkaderopleiding,"BBL,BOL",hg006,Handel en ondernemerschap,sg031,Management en ondernemerschap,23355,Ondernemerschap handel,04,Handel
10002,Ondernemer Groothandel,4,middenkaderopleiding,"BBL,BOL",hg005,Economie en administratie,sg059,Zakelijke dienstverlening,23354,Commercie,04,Handel
10003,Ondernemer Ambulante Handel,4,middenkaderopleiding,"BBL,BOL",hg006,Handel en ondernemerschap,sg031,Management en ondernemerschap,23355,Ondernemerschap handel,04,Handel
10004,Ondernemer Kleinbedrijf Textielindustrie en -Handel,4,middenkaderopleiding,"BBL,BOL",hg006,Handel en ondernemerschap,sg031,Management en ondernemerschap,23355,Ondernemerschap handel,04,Handel
10005,Filiaalbeheerder,4,middenkaderopleiding,"BBL,BOL",hg006,Handel en ondernemerschap,sg031,Management en ondernemerschap,23323,Retail Management,04,Handel
10006,Districtsmanager,4,middenkaderopleiding,"BBL,BOL",hg005,Economie en administratie,sg059,Zakelijke dienstverlening,23354,Commercie,04,Handel
10007,Hoofd Magazijn,4,middenkaderopleiding,"BBL,BOL",hg013,"Transport, scheepvaart en logistiek",sg028,Logistiek,23310,Management transport en logistiek,02,"Mobiliteit, transport, logistiek en maritiem"
10008,Verkoopchef,3,vakopleiding,"BBL,BOL",hg006,Handel en ondernemerschap,sg010,Detailhandel en groothandel,23325,Retail advies,04,Handel
10009,Afdelingschef Kassa,3,vakopleiding,"BBL,BOL",hg006,Handel en ondernemerschap,sg010,Detailhandel en groothandel,23325,Retail advies,04,Handel
10010,Eerste Verkoper,3,vakopleiding,"BBL,BOL",hg006,Handel en ondernemerschap,sg010,Detailhandel en groothandel,23325,Retail advies,04,Handel
10011,Groepsleider Magazijn,3,vakopleiding,"BBL,BOL",hg013,"Transport, scheepvaart en logistiek",sg028,Logistiek,23309,Logistiek,02,"Mobiliteit, transport, logistiek en maritiem"
10012,Vertegenwoordiger,3,vakopleiding,"BBL,BOL",hg005,Economie en administratie,sg059,Zakelijke dienstverlening,23354,Commercie,04,Handel
10013,Medewerker Inkoop,3,vakopleiding,"BBL,BOL",hg005,Economie en administratie,sg059,Zakelijke dienstverlening,23354,Commercie,04,Handel
10014,Commercieel Medewerker Binnendienst,3,vakopleiding,"BBL,BOL",hg005,Economie en administratie,sg059,Zakelijke dienstverlening,23354,Commercie,04,Handel
10015,Exportmedewerker Binnendienst,3,vakopleiding,"BBL,BOL",hg005,Economie en administratie,sg059,Zakelijke dienstverlening,23354,Commercie,04,Handel
10016,Exportmedewerker Buitendienst,3,vakopleiding,"BBL,BOL",hg005,Economie en administratie,sg059,Zakelijke dienstverlening,23354,Commercie,04,Handel
10017,Assistent Exportmanager,3,vakopleiding,"BBL,BOL",hg005,Economie en administratie,sg059,Zakelijke dienstverlening,23354,Commercie,04,Handel
10018,Leidinggevende Textielindustrie en -Handel,3,vakopleiding,"BBL,BOL",hg006,Handel en ondernemerschap,sg035,Mode en interieurindustrie,23279,Fashion,04,Handel
10019,Verkoopmedewerker,2,basisberoepsopleiding,"BBL,BOL",hg006,Handel en ondernemerschap,sg010,Detailhandel en groothandel,23324,Retail operationeel,04,Handel
10020,Verkoop Medewerker Ambulante Handel,2,basisberoepsopleiding,"BBL,BOL",hg006,Handel en ondernemerschap,sg010,Detailhandel en groothandel,23324,Retail operationeel,04,Handel
10021,Magazijnmedewerker,2,basisberoepsopleiding,"BBL,BOL",hg013,"Transport, scheepvaart en logistiek",sg028,Logistiek,23309,Logistiek,02,"Mobiliteit, transport, logistiek en maritiem"
10022,Winkelassistent,1,entreeopleiding,"BBL,BOL",hg002,Entree,sg061,Entree,23301,Entree,09,Entree
10023,Opslagmedewerker,1,entreeopleiding,"BBL,BOL",hg013,"Transport, scheepvaart en logistiek",sg028,Logistiek,23309,Logistiek,02,"Mobiliteit, transport, logistiek en maritiem"
10024,Orderpicker,1,entreeopleiding,"BBL,BOL",hg002,Entree,sg061,Entree,23301,Entree,09,Entree
10025,Sociaal Juridisch Medewerker - Sociale Zekerheid,4,middenkaderopleiding,"BBL,BOL",hg005,Economie en administratie,sg059,Zakelijke dienstverlening,23296,Business Services,07,Zakelijke dienstverlening en veiligheid
10026,Sociaal Juridisch Medewerker-Arbeidsvoorz. en Pers.werk,4,middenkaderopleiding,"BBL,BOL",hg005,Economie en administratie,sg059,Zakelijke dienstverlening,23296,Business Services,07,Zakelijke dienstverlening en veiligheid
10027,Administratief Juridisch Medewerker-Openbaar Bestuur,4,middenkaderopleiding,"BBL,BOL",hg005,Economie en administratie,sg059,Zakelijke dienstverlening,23296,Business Services,07,Zakelijke dienstverlening en veiligheid
10028,Beheerder Technische Infrastructuur,4,middenkaderopleiding,"BBL,BOL",hg008,Informatie en communicatietechnologie,sg023,ICT en media,23405,ICT support and systems,05,Ict en creatieve industrie
10029,Applicatie Ontwikkelaar,4,specialistenopleiding,"BBL,BOL",hg008,Informatie en communicatietechnologie,sg023,ICT en media,23399,Software development,05,Ict en creatieve industrie
10030,Applicatiebeheerder,4,middenkaderopleiding,"BBL,BOL",hg008,Informatie en communicatietechnologie,sg023,ICT en media,23405,ICT support and systems,05,Ict en creatieve industrie
10031,Systeembeheerder MKB,4,middenkaderopleiding,"BBL,BOL",hg008,Informatie en communicatietechnologie,sg023,ICT en media,23405,ICT support and systems,05,Ict en creatieve industrie
10032,Netwerkbeheerder,4,specialistenopleiding,"BBL,BOL",hg008,Informatie en communicatietechnologie,sg023,ICT en media,23405,ICT support and systems,05,Ict en creatieve industrie
10033,ICT - Beheerder,4,specialistenopleiding,"BBL,BOL",hg008,Informatie en communicatietechnologie,sg023,ICT en media,23405,ICT support and systems,05,Ict en creatieve industrie
10034,Medewerker Logistiek Management - Material Management,4,middenkaderopleiding,"BBL,BOL",hg013,"Transport, scheepvaart en logistiek",sg028,Logistiek,23310,Management transport en logistiek,02,"Mobiliteit, transport, logistiek en maritiem"
10035,Medewerker Logistiek Management - Fysieke Distibutie,4,middenkaderopleiding,"BBL,BOL",hg013,"Transport, scheepvaart en logistiek",sg028,Logistiek,23310,Management transport en logistiek,02,"Mobiliteit, transport, logistiek en maritiem"
10036,Commercieel Medewerker Marketing en Communicatie,4,middenkaderopleiding,"BBL,BOL",hg005,Economie en administratie,sg059,Zakelijke dienstverlening,23296,Business Services,07,Zakelijke dienstverlening en veiligheid
10037,Commercieel Medewerker Banken,4,middenkaderopleiding,"BBL,BOL",hg005,Economie en administratie,sg059,Zakelijke dienstverlening,23296,Business Services,07,Zakelijke dienstverlening en veiligheid
10038,Commercieel Medewerker Verzekeringen,4,middenkaderopleiding,"BBL,BOL",hg005,Economie en administratie,sg059,Zakelijke dienstverlening,23296,Business Services,07,Zakelijke dienstverlening en veiligheid
10039,Administrateur,4,middenkaderopleiding,"BBL,BOL",hg005,Economie en administratie,sg059,Zakelijke dienstverlening,23296,Business Services,07,Zakelijke dienstverlening en veiligheid
10040,Directiesecretaresse / Management Assistent,4,middenkaderopleiding,"BBL,BOL",hg005,Economie en administratie,sg059,Zakelijke dienstverlening,23296,Business Services,07,Zakelijke dienstverlening en veiligheid
10041,Medewerker Beheer Informatiesystemen,3,vakopleiding,"BBL,BOL",hg008,Informatie en communicatietechnologie,sg023,ICT en media,23405,ICT support and systems,05,Ict en creatieve industrie
10042,Logistiek Medewerker Material Management,3,vakopleiding,"BBL,BOL",hg013,"Transport, scheepvaart en logistiek",sg028,Logistiek,23309,Logistiek,02,"Mobiliteit, transport, logistiek en maritiem"
10043,Logistiek Medewerker Fysieke Distributie,3,vakopleiding,"BBL,BOL",hg013,"Transport, scheepvaart en logistiek",sg028,Logistiek,23309,Logistiek,02,"Mobiliteit, transport, logistiek en maritiem"
10044,Commercieel Medewerker Binnendienst,3,vakopleiding,"BBL,BOL",hg005,Economie en administratie,sg059,Zakelijke dienstverlening,23354,Commercie,04,Handel
10045,Bedrijfsadministratief Medewerker,2,basisberoepsopleiding,"BBL,BOL",hg005,Economie en administratie,sg059,Zakelijke dienstverlening,23296,Business Services,07,Zakelijke dienstverlening en veiligheid
10046,Secretaresse,3,vakopleiding,"BBL,BOL",hg005,Economie en administratie,sg059,Zakelijke dienstverlening,23296,Business Services,07,Zakelijke dienstverlening en veiligheid
10047,Beveiligingsmedewerker,2,basisberoepsopleiding,"BBL,BOL",hg015,Veiligheid en sport,sg038,Particuliere veiligheid,23281,Particuliere beveiliging,07,Zakelijke dienstverlening en veiligheid
10048,Commercieel Administratief Medewerker,2,basisberoepsopleiding,"BBL,BOL",hg005,Economie en administratie,sg059,Zakelijke dienstverlening,23354,Commercie,04,Handel
10049,Boekhoudkundig Medewerker,3,vakopleiding,"BBL,BOL",hg005,Economie en administratie,sg059,Zakelijke dienstverlening,23296,Business Services,07,Zakelijke dienstverlening en veiligheid
10050,Secretarieel Medewerker,2,basisberoepsopleiding,"BBL,BOL",hg005,Economie en administratie,sg059,Zakelijke dienstverlening,23296,Business Services,07,Zakelijke dienstverlening en veiligheid
10051,Algemeen Beveiligingsmedewerker,1,entreeopleiding,"BBL,BOL",hg015,Veiligheid en sport,sg038,Particuliere veiligheid,23281,Particuliere beveiliging,07,Zakelijke dienstverlening en veiligheid
10052,Toezichthouder,1,entreeopleiding,"BBL,BOL",hg015,Veiligheid en sport,sg041,Publieke veiligheid,23322,Publieke veiligheid,07,Zakelijke dienstverlening en veiligheid
10053,Administratief Medewerker,1,entreeopleiding,"BBL,BOL",hg005,Economie en administratie,sg059,Zakelijke dienstverlening,23296,Business Services,07,Zakelijke dienstverlening en veiligheid
10054,Werktuigbouwkunde,4,middenkaderopleiding,BOL,hg011,Techniek en procesindustrie,sg013,Elektrotechniek,23371,Middenkader engineering,01,Techniek en gebouwde omgeving
10055,Werktuigbouwkunde,3,vakopleiding,"BOL,CBL,COL",hg011,Techniek en procesindustrie,sg013,Elektrotechniek,23371,Middenkader engineering,01,Techniek en gebouwde omgeving
10056,Vliegtuigonderhoudstechnicus Avionica (JAR-cat. B2),4,middenkaderopleiding,BOL,hg011,Techniek en procesindustrie,sg054,Vliegtuigtechniek,23375,Luchtvaarttechniek,01,Techniek en gebouwde omgeving
10057,Vliegtuigonderhoudstechnicus Mechanisch (JAR-cat. B1),4,middenkaderopleiding,BOL,hg011,Techniek en procesindustrie,sg054,Vliegtuigtechniek,23375,Luchtvaarttechniek,01,Techniek en gebouwde omgeving
10058,Vliegtuigbouwkunde,4,middenkaderopleiding,BOL,hg011,Techniek en procesindustrie,sg054,Vliegtuigtechniek,23375,Luchtvaarttechniek,01,Techniek en gebouwde omgeving
10059,Vliegtuigonderhoudsmonteur Modificatie en Reparatie,3,vakopleiding,"BBL,BOL",hg011,Techniek en procesindustrie,sg054,Vliegtuigtechniek,23375,Luchtvaarttechniek,01,Techniek en gebouwde omgeving
10060,Vliegtuigmonteur,2,basisberoepsopleiding,BBL,hg011,Techniek en procesindustrie,sg054,Vliegtuigtechniek,23375,Luchtvaarttechniek,01,Techniek en gebouwde omgeving
10061,Vliegtuigonderhoudsmonteur,2,basisberoepsopleiding,BOL,hg011,Techniek en procesindustrie,sg054,Vliegtuigtechniek,23375,Luchtvaarttechniek,01,Techniek en gebouwde omgeving
10062,Vliegtuigbouwer Kunststoffen,2,basisberoepsopleiding,BBL,hg011,Techniek en procesindustrie,sg054,Vliegtuigtechniek,23375,Luchtvaarttechniek,01,Techniek en gebouwde omgeving
10063,Vliegtuigbouwer Metaal,2,basisberoepsopleiding,BBL,hg011,Techniek en procesindustrie,sg054,Vliegtuigtechniek,23375,Luchtvaarttechniek,01,Techniek en gebouwde omgeving
10064,Bank- en Plaatwerker Vliegtuigbouwkunde,2,basisberoepsopleiding,BOL,hg011,Techniek en procesindustrie,sg054,Vliegtuigtechniek,23375,Luchtvaarttechniek,01,Techniek en gebouwde omgeving
10065,Modelmaker Hout/Kunststof,2,basisberoepsopleiding,BBL,hg011,Techniek en procesindustrie,sg040,Procestechniek,23321,Procestechniek,01,Techniek en gebouwde omgeving
10066,Gieterijmedewerker,2,basisberoepsopleiding,BBL,hg011,Techniek en procesindustrie,sg040,Procestechniek,23305,Industriële processen,01,Techniek en gebouwde omgeving
10067,Werktuigbouwkundig Tekenaar/Constructeur,4,specialistenopleiding,BBL,hg011,Techniek en procesindustrie,sg013,Elektrotechniek,23123,Technisch tekenen,01,Techniek en gebouwde omgeving
10068,Kaderfunctionaris,4,specialistenopleiding,BBL,hg004,Bouw en infra,sg004,Bouwkunde,23058,Werkvoorbereiden/uitvoeren,01,Techniek en gebouwde omgeving
10069,Technisch Bedrijfsleider,4,specialistenopleiding,BBL,hg011,Techniek en procesindustrie,sg013,Elektrotechniek,23371,Middenkader engineering,01,Techniek en gebouwde omgeving
10070,Werktuigbouwkundig Tekenaar,3,vakopleiding,BBL,hg011,Techniek en procesindustrie,sg013,Elektrotechniek,23123,Technisch tekenen,01,Techniek en gebouwde omgeving
10071,Aankomend Werktuigbouwkundig Tekenaar,2,basisberoepsopleiding,BBL,hg011,Techniek en procesindustrie,sg013,Elektrotechniek,23123,Technisch tekenen,01,Techniek en gebouwde omgeving
10072,Landbouwtechniek,4,middenkaderopleiding,BOL,hg010,Mobiliteit en voertuigen,sg034,Mobiliteitstechniek,23274,Specialist voertuigen en mobiele werktuigen,02,"Mobiliteit, transport, logistiek en maritiem"
10073,Onderhoudstechnicus Elektro en Instrumentatie,4,middenkaderopleiding,BOL,hg011,Techniek en procesindustrie,sg025,Installatietechniek,23329,Service- en onderhoudstechniek,01,Techniek en gebouwde omgeving
10074,Onderhoudstechnicus Instrumentatie,4,specialistenopleiding,BBL,hg011,Techniek en procesindustrie,sg025,Installatietechniek,23329,Service- en onderhoudstechniek,01,Techniek en gebouwde omgeving
10075,"Petroleum, Gas- en Onderhoudstechniek",4,middenkaderopleiding,BOL,hg011,Techniek en procesindustrie,sg025,Installatietechniek,23329,Service- en onderhoudstechniek,01,Techniek en gebouwde omgeving
10076,Operationele Techniek,4,middenkaderopleiding,BOL,hg011,Techniek en procesindustrie,sg040,Procestechniek,23132,Operationele techniek,01,Techniek en gebouwde omgeving
10077,Onderhoudstechnicus Werktuigbouw,4,specialistenopleiding,BBL,hg011,Techniek en procesindustrie,sg025,Installatietechniek,23329,Service- en onderhoudstechniek,01,Techniek en gebouwde omgeving
10078,Eerste Monteur Landbouwmechanisatietechniek,3,vakopleiding,BBL,hg010,Mobiliteit en voertuigen,sg034,Mobiliteitstechniek,23273,Voertuigen en mobiele werktuigen,02,"Mobiliteit, transport, logistiek en maritiem"
10079,Onderhoudsmonteur Elektro en Instrumentatie,3,vakopleiding,"BBL,BOL",hg011,Techniek en procesindustrie,sg058,Werktuigbouwkunde,23360,Mechatronica,01,Techniek en gebouwde omgeving
10080,Eerste Productietechnisch Vakkracht,3,vakopleiding,BBL,hg011,Techniek en procesindustrie,sg040,Procestechniek,23305,Industriële processen,01,Techniek en gebouwde omgeving
10081,Programmeur Robots,3,vakopleiding,BBL,hg011,Techniek en procesindustrie,sg058,Werktuigbouwkunde,23360,Mechatronica,01,Techniek en gebouwde omgeving
10082,Eerste Monteur Industrieel Onderhoud,3,vakopleiding,BBL,hg011,Techniek en procesindustrie,sg025,Installatietechniek,23329,Service- en onderhoudstechniek,01,Techniek en gebouwde omgeving
10083,Monteur Landbouwmechanisatietechniek,2,basisberoepsopleiding,BBL,hg010,Mobiliteit en voertuigen,sg034,Mobiliteitstechniek,23273,Voertuigen en mobiele werktuigen,02,"Mobiliteit, transport, logistiek en maritiem"
10084,Landbouwmachine-Chauffeur/Monteur,2,basisberoepsopleiding,BBL,hg010,Mobiliteit en voertuigen,sg034,Mobiliteitstechniek,23273,Voertuigen en mobiele werktuigen,02,"Mobiliteit, transport, logistiek en maritiem"
10085,Installatiemonteur Elektro en Instrumentatie,2,basisberoepsopleiding,"BBL,BOL",hg011,Techniek en procesindustrie,sg013,Elektrotechniek,23299,Elektrotechnische installaties,01,Techniek en gebouwde omgeving
10086,Productietechnisch Vakkracht,2,basisberoepsopleiding,BBL,hg011,Techniek en procesindustrie,sg040,Procestechniek,23305,Industriële processen,01,Techniek en gebouwde omgeving
10087,Assemblage Vakkracht,2,basisberoepsopleiding,BBL,hg011,Techniek en procesindustrie,sg058,Werktuigbouwkunde,23360,Mechatronica,01,Techniek en gebouwde omgeving
10088,Operationele Techniek,2,basisberoepsopleiding,BOL,hg011,Techniek en procesindustrie,sg040,Procestechniek,23128,Industrieel onderhoud,01,Techniek en gebouwde omgeving
10089,Monteur Montage/Onderhoud,2,basisberoepsopleiding,"BBL,BOL",hg011,Techniek en procesindustrie,sg025,Installatietechniek,23329,Service- en onderhoudstechniek,01,Techniek en gebouwde omgeving
10090,Assistent Productietechnisch Vakkracht,1,entreeopleiding,BBL,hg002,Entree,sg061,Entree,23301,Entree,09,Entree
10091,Assistent Bankwerker Montage,1,entreeopleiding,"BBL,BOL",hg002,Entree,sg061,Entree,23301,Entree,09,Entree
10092,Research-Instrumentmaker Optiek,4,middenkaderopleiding,BOL,hg011,Techniek en procesindustrie,sg058,Werktuigbouwkunde,23361,Productietechniek,01,Techniek en gebouwde omgeving
10093,Research-Instrumentmaker Lasertechniek,4,middenkaderopleiding,BOL,hg011,Techniek en procesindustrie,sg058,Werktuigbouwkunde,23361,Productietechniek,01,Techniek en gebouwde omgeving
10094,Research-Instrumentmaker Glas,4,middenkaderopleiding,BOL,hg011,Techniek en procesindustrie,sg058,Werktuigbouwkunde,23361,Productietechniek,01,Techniek en gebouwde omgeving
10095,Research-Instrumentenmaker Metaal,4,middenkaderopleiding,BOL,hg011,Techniek en procesindustrie,sg058,Werktuigbouwkunde,23361,Productietechniek,01,Techniek en gebouwde omgeving
10096,Fijnmechanische Techniek,4,middenkaderopleiding,BOL,hg011,Techniek en procesindustrie,sg058,Werktuigbouwkunde,23361,Productietechniek,01,Techniek en gebouwde omgeving
10097,Programmeur/Verspaner CNC,3,vakopleiding,BBL,hg011,Techniek en procesindustrie,sg058,Werktuigbouwkunde,23361,Productietechniek,01,Techniek en gebouwde omgeving
10098,Slijper,3,vakopleiding,BBL,hg011,Techniek en procesindustrie,sg058,Werktuigbouwkunde,23361,Productietechniek,01,Techniek en gebouwde omgeving
10099,Gereedschapmaker,3,vakopleiding,BBL,hg011,Techniek en procesindustrie,sg058,Werktuigbouwkunde,23361,Productietechniek,01,Techniek en gebouwde omgeving
10100,Machinaal Verspaner,3,vakopleiding,BBL,hg011,Techniek en procesindustrie,sg058,Werktuigbouwkunde,23361,Productietechniek,01,Techniek en gebouwde omgeving
10101,Machinaal Verspaner CNC,2,basisberoepsopleiding,BBL,hg011,Techniek en procesindustrie,sg058,Werktuigbouwkunde,23361,Productietechniek,01,Techniek en gebouwde omgeving
10102,Slijper,2,basisberoepsopleiding,BBL,hg011,Techniek en procesindustrie,sg058,Werktuigbouwkunde,23361,Productietechniek,01,Techniek en gebouwde omgeving
10103,Instrumentmaker,2,basisberoepsopleiding,BBL,hg011,Techniek en procesindustrie,sg058,Werktuigbouwkunde,23361,Productietechniek,01,Techniek en gebouwde omgeving
10104,Graveur,2,basisberoepsopleiding,BBL,hg011,Techniek en procesindustrie,sg058,Werktuigbouwkunde,23361,Productietechniek,01,Techniek en gebouwde omgeving
10105,Machinebankwerker Werktuigbouw,2,basisberoepsopleiding,BBL,hg011,Techniek en procesindustrie,sg058,Werktuigbouwkunde,23361,Productietechniek,01,Techniek en gebouwde omgeving
10106,Machinebankwerker Fijnmechanisch,2,basisberoepsopleiding,BBL,hg011,Techniek en procesindustrie,sg058,Werktuigbouwkunde,23361,Productietechniek,01,Techniek en gebouwde omgeving
10107,Machinaal Verspaner,2,basisberoepsopleiding,"BBL,BOL",hg011,Techniek en procesindustrie,sg058,Werktuigbouwkunde,23361,Productietechniek,01,Techniek en gebouwde omgeving
10108,Frezer,2,basisberoepsopleiding,BBL,hg011,Techniek en procesindustrie,sg058,Werktuigbouwkunde,23361,Productietechniek,01,Techniek en gebouwde omgeving
10109,Draaier,2,basisberoepsopleiding,BBL,hg011,Techniek en procesindustrie,sg058,Werktuigbouwkunde,23361,Productietechniek,01,Techniek en gebouwde omgeving
10110,Assistent Machinaal Verspaner,1,entreeopleiding,"BBL,BOL",hg002,Entree,sg061,Entree,23301,Entree,09,Entree
10111,Scheepsbouwer,3,vakopleiding,BBL,hg011,Techniek en procesindustrie,sg058,Werktuigbouwkunde,23361,Productietechniek,01,Techniek en gebouwde omgeving
10112,Opmeter/Werkvoorbereider Industriele Isolatie,3,vakopleiding,BBL,hg011,Techniek en procesindustrie,sg013,Elektrotechniek,23116,Isolatiewerken,01,Techniek en gebouwde omgeving
10113,Plaatwerker,3,vakopleiding,BBL,hg011,Techniek en procesindustrie,sg058,Werktuigbouwkunde,23361,Productietechniek,01,Techniek en gebouwde omgeving
10114,Constructie- en Apparatenbouwer,3,vakopleiding,BBL,hg011,Techniek en procesindustrie,sg058,Werktuigbouwkunde,23361,Productietechniek,01,Techniek en gebouwde omgeving
10115,Scheepsmetaalbewerker,2,basisberoepsopleiding,BBL,hg011,Techniek en procesindustrie,sg058,Werktuigbouwkunde,23361,Productietechniek,01,Techniek en gebouwde omgeving
10116,Isoleerder/Plaatwerker,2,basisberoepsopleiding,BBL,hg011,Techniek en procesindustrie,sg058,Werktuigbouwkunde,23361,Productietechniek,01,Techniek en gebouwde omgeving
10117,Pijpenbewerker,2,basisberoepsopleiding,BBL,hg011,Techniek en procesindustrie,sg058,Werktuigbouwkunde,23361,Productietechniek,01,Techniek en gebouwde omgeving
10118,Plaatwerker,2,basisberoepsopleiding,BBL,hg011,Techniek en procesindustrie,sg058,Werktuigbouwkunde,23361,Productietechniek,01,Techniek en gebouwde omgeving
10119,Forceur,2,basisberoepsopleiding,BBL,hg011,Techniek en procesindustrie,sg058,Werktuigbouwkunde,23361,Productietechniek,01,Techniek en gebouwde omgeving
10120,Bankwerker Aluminium Ramen,2,basisberoepsopleiding,BBL,hg011,Techniek en procesindustrie,sg058,Werktuigbouwkunde,23361,Productietechniek,01,Techniek en gebouwde omgeving
10121,Constructiebankwerker/Lasser,2,basisberoepsopleiding,"BBL,BOL",hg011,Techniek en procesindustrie,sg058,Werktuigbouwkunde,23361,Productietechniek,01,Techniek en gebouwde omgeving
10122,Plaat- en Constructiewerker,2,basisberoepsopleiding,"BBL,BOL",hg011,Techniek en procesindustrie,sg058,Werktuigbouwkunde,23361,Productietechniek,01,Techniek en gebouwde omgeving
10123,Productiemedewerker Plaatwerken,1,entreeopleiding,"BBL,BOL",hg002,Entree,sg061,Entree,23301,Entree,09,Entree
10124,Assistent Constructiewerker/Lasser,1,entreeopleiding,"BBL,BOL",hg002,Entree,sg061,Entree,23301,Entree,09,Entree
10125,Metaalkunde,4,middenkaderopleiding,BOL,hg011,Techniek en procesindustrie,sg013,Elektrotechniek,23371,Middenkader engineering,01,Techniek en gebouwde omgeving
10126,Booglassen,2,basisberoepsopleiding,BBL,hg011,Techniek en procesindustrie,sg058,Werktuigbouwkunde,23361,Productietechniek,01,Techniek en gebouwde omgeving
10127,Aspirant-Lasser,1,entreeopleiding,"BBL,BOL",hg002,Entree,sg061,Entree,23301,Entree,09,Entree
10128,Middenkaderopleiding Verkeer- en Stedebouwkunde,4,middenkaderopleiding,BOL,hg004,Bouw en infra,sg004,Bouwkunde,23353,Middenkader bouw en infra,01,Techniek en gebouwde omgeving
10129,Middenkaderopleiding Afbouw,4,middenkaderopleiding,BOL,hg001,"Afbouw, hout en onderhoud",sg045,Schilderen en onderhoud,23378,Kaderfunctie afbouw en onderhoud,01,Techniek en gebouwde omgeving
10130,Middenkaderopleiding Bouwkunde,4,middenkaderopleiding,BOL,hg004,Bouw en infra,sg004,Bouwkunde,23353,Middenkader bouw en infra,01,Techniek en gebouwde omgeving
10131,Assistent Uitvoerder Burger en Utiliteitsbouw,4,middenkaderopleiding,BBL,hg004,Bouw en infra,sg004,Bouwkunde,23058,Werkvoorbereiden/uitvoeren,01,Techniek en gebouwde omgeving
10132,Restauratiemedewerker,4,specialistenopleiding,BBL,hg004,Bouw en infra,sg004,Bouwkunde,23353,Middenkader bouw en infra,01,Techniek en gebouwde omgeving
10133,Kaderfunctionaris Betontimmerbedrijven,4,specialistenopleiding,BBL,hg004,Bouw en infra,sg004,Bouwkunde,23353,Middenkader bouw en infra,01,Techniek en gebouwde omgeving
10134,Kaderfunctionaris Tegelzetbedrijven,4,specialistenopleiding,BBL,hg004,Bouw en infra,sg004,Bouwkunde,23058,Werkvoorbereiden/uitvoeren,01,Techniek en gebouwde omgeving
10135,Kaderfunctionaris Betonstaalverwerkingsbedrijven,4,specialistenopleiding,BBL,hg004,Bouw en infra,sg004,Bouwkunde,23058,Werkvoorbereiden/uitvoeren,01,Techniek en gebouwde omgeving
10136,Kaderfunctionaris Natuursteenbedrijf,4,specialistenopleiding,BBL,hg004,Bouw en infra,sg004,Bouwkunde,23058,Werkvoorbereiden/uitvoeren,01,Techniek en gebouwde omgeving
10137,Vakkracht Bouwtechniek,3,vakopleiding,BBL,hg004,Bouw en infra,sg004,Bouwkunde,23313,Metselen,01,Techniek en gebouwde omgeving
10138,Restauratietimmerkracht,3,vakopleiding,BBL,hg004,Bouw en infra,sg004,Bouwkunde,23331,Timmeren,01,Techniek en gebouwde omgeving
10139,Voortgezette Dakdekker,4,specialistenopleiding,BBL,hg004,Bouw en infra,sg004,Bouwkunde,23352,Dakdekken,01,Techniek en gebouwde omgeving
10140,Voortgezette Metselaar,3,vakopleiding,BBL,hg004,Bouw en infra,sg004,Bouwkunde,23313,Metselen,01,Techniek en gebouwde omgeving
10141,Voortgezette Timmerkracht,3,vakopleiding,BBL,hg004,Bouw en infra,sg004,Bouwkunde,23331,Timmeren,01,Techniek en gebouwde omgeving
10142,Vakkracht Houtskeletbouw,2,basisberoepsopleiding,BBL,hg004,Bouw en infra,sg004,Bouwkunde,23331,Timmeren,01,Techniek en gebouwde omgeving
10143,Betonreparateur,2,basisberoepsopleiding,BBL,hg004,Bouw en infra,sg004,Bouwkunde,23407,Betonreparatie,01,Techniek en gebouwde omgeving
10144,Natuursteenbewerker,2,basisberoepsopleiding,BBL,hg004,Bouw en infra,sg004,Bouwkunde,23054,Natuursteenbewerken,01,Techniek en gebouwde omgeving
10145,Primaire Dakdekker,2,basisberoepsopleiding,BBL,hg004,Bouw en infra,sg004,Bouwkunde,23352,Dakdekken,01,Techniek en gebouwde omgeving
10146,Betonmodelmaker,2,basisberoepsopleiding,BBL,hg004,Bouw en infra,sg004,Bouwkunde,23331,Timmeren,01,Techniek en gebouwde omgeving
10147,Ovenbouwmetselaar,2,basisberoepsopleiding,BBL,hg004,Bouw en infra,sg004,Bouwkunde,23313,Metselen,01,Techniek en gebouwde omgeving
10148,Voeger,2,basisberoepsopleiding,BBL,hg004,Bouw en infra,sg004,Bouwkunde,23196,Voegen/gevelbehandelen,01,Techniek en gebouwde omgeving
10149,Betontimmerkracht,2,basisberoepsopleiding,BBL,hg004,Bouw en infra,sg004,Bouwkunde,23048,Betontimmeren,01,Techniek en gebouwde omgeving
10150,Betonstaalverwerker,2,basisberoepsopleiding,BBL,hg004,Bouw en infra,sg004,Bouwkunde,23047,Betonstaalverwerken,01,Techniek en gebouwde omgeving
10151,Tegelzetter,2,basisberoepsopleiding,BBL,hg004,Bouw en infra,sg004,Bouwkunde,23330,Tegelzetten,01,Techniek en gebouwde omgeving
10152,Primaire Metselaar,2,basisberoepsopleiding,"BBL,BOL",hg004,Bouw en infra,sg004,Bouwkunde,23313,Metselen,01,Techniek en gebouwde omgeving
10153,Primaire Timmerkracht,2,basisberoepsopleiding,"BBL,BOL",hg004,Bouw en infra,sg004,Bouwkunde,23331,Timmeren,01,Techniek en gebouwde omgeving
10154,Hulpvakkracht,2,basisberoepsopleiding,BBL,hg004,Bouw en infra,sg004,Bouwkunde,23331,Timmeren,01,Techniek en gebouwde omgeving
10155,"Vormgever Reclame, Presentatie en Communicatie",4,middenkaderopleiding,"BBL,BOL",hg009,Media en vormgeving,sg043,Ruimtelijke vormgeving,23326,Ruimtelijke vormgeving,05,Ict en creatieve industrie
10156,Medewerker Toegepaste Vormgeving,2,basisberoepsopleiding,BOL,hg009,Media en vormgeving,sg032,Mediatechniek,23237,Mediamaken,05,Ict en creatieve industrie
10157,Chef Lakkerij,4,specialistenopleiding,BBL,hg001,"Afbouw, hout en onderhoud",sg045,Schilderen en onderhoud,23005,Industriële lakverwerking,01,Techniek en gebouwde omgeving
10158,Vakkracht Industriele Lakverwerking Metaal,3,vakopleiding,BBL,hg001,"Afbouw, hout en onderhoud",sg045,Schilderen en onderhoud,23005,Industriële lakverwerking,01,Techniek en gebouwde omgeving
10159,Vakkracht Industriele Lakverwerking Hout,3,vakopleiding,BBL,hg001,"Afbouw, hout en onderhoud",sg045,Schilderen en onderhoud,23005,Industriële lakverwerking,01,Techniek en gebouwde omgeving
10160,Industriele Lakverwerker Metaal,2,basisberoepsopleiding,BBL,hg001,"Afbouw, hout en onderhoud",sg045,Schilderen en onderhoud,23005,Industriële lakverwerking,01,Techniek en gebouwde omgeving
10161,Industriele Lakverwerker Hout,2,basisberoepsopleiding,BBL,hg001,"Afbouw, hout en onderhoud",sg045,Schilderen en onderhoud,23005,Industriële lakverwerking,01,Techniek en gebouwde omgeving
10162,Metaalconserveerder,2,basisberoepsopleiding,BBL,hg001,"Afbouw, hout en onderhoud",sg045,Schilderen en onderhoud,23005,Industriële lakverwerking,01,Techniek en gebouwde omgeving
10163,Assistent Metaalconserveerder,1,entreeopleiding,BBL,hg002,Entree,sg061,Entree,23301,Entree,09,Entree
10164,Assistent Industriele Lakverwerker,1,entreeopleiding,BBL,hg002,Entree,sg061,Entree,23301,Entree,09,Entree
10165,Uitvoerder,4,specialistenopleiding,BBL,hg001,"Afbouw, hout en onderhoud",sg045,Schilderen en onderhoud,23378,Kaderfunctie afbouw en onderhoud,01,Techniek en gebouwde omgeving
10166,Restauratiestukadoor,4,specialistenopleiding,BBL,hg001,"Afbouw, hout en onderhoud",sg049,Stukadoren en afbouw,23229,Decoratiestukadoor,01,Techniek en gebouwde omgeving
10167,Gezel Stukadoor,3,vakopleiding,BBL,hg001,"Afbouw, hout en onderhoud",sg049,Stukadoren en afbouw,23027,Stukadoren,01,Techniek en gebouwde omgeving
10168,Betonreparateur,2,basisberoepsopleiding,BBL,hg004,Bouw en infra,sg004,Bouwkunde,23407,Betonreparatie,01,Techniek en gebouwde omgeving
10169,Dekvloerenlegger,2,basisberoepsopleiding,BBL,hg001,"Afbouw, hout en onderhoud",sg049,Stukadoren en afbouw,23376,Dekvloeren leggen,01,Techniek en gebouwde omgeving
10170,Monteur Systeemwanden en -Plafonds,2,basisberoepsopleiding,BBL,hg001,"Afbouw, hout en onderhoud",sg049,Stukadoren en afbouw,23022,Plafond-/wandmontage,01,Techniek en gebouwde omgeving
10171,Stukadoor,2,basisberoepsopleiding,BBL,hg001,"Afbouw, hout en onderhoud",sg049,Stukadoren en afbouw,23027,Stukadoren,01,Techniek en gebouwde omgeving
10172,Ondernemer Bescherming en Afwerking,4,middenkaderopleiding,BOL,hg001,"Afbouw, hout en onderhoud",sg045,Schilderen en onderhoud,23378,Kaderfunctie afbouw en onderhoud,01,Techniek en gebouwde omgeving
10173,Specialist Wandafwerking,4,specialistenopleiding,BBL,hg001,"Afbouw, hout en onderhoud",sg045,Schilderen en onderhoud,23403,Specialist schilderen,01,Techniek en gebouwde omgeving
10174,Restauratieschilder,4,specialistenopleiding,BBL,hg001,"Afbouw, hout en onderhoud",sg045,Schilderen en onderhoud,23403,Specialist schilderen,01,Techniek en gebouwde omgeving
10175,Gezel Schilder,3,vakopleiding,BBL,hg001,"Afbouw, hout en onderhoud",sg045,Schilderen en onderhoud,23236,Schilderen,01,Techniek en gebouwde omgeving
10176,Gezel Glaszetter,3,vakopleiding,BBL,hg001,"Afbouw, hout en onderhoud",sg045,Schilderen en onderhoud,23377,Glaszetten,01,Techniek en gebouwde omgeving
10177,Glaszetter,2,basisberoepsopleiding,BBL,hg001,"Afbouw, hout en onderhoud",sg045,Schilderen en onderhoud,23377,Glaszetten,01,Techniek en gebouwde omgeving
10178,Schilder,2,basisberoepsopleiding,"BBL,BOL",hg001,"Afbouw, hout en onderhoud",sg045,Schilderen en onderhoud,23236,Schilderen,01,Techniek en gebouwde omgeving
10179,Commercieel Bedrijfsleider/Ondernemer Kleinbedrijf,4,middenkaderopleiding,BOL,hg010,Mobiliteit en voertuigen,sg034,Mobiliteitstechniek,23292,(After)sales in de mobiliteitsbranche,02,"Mobiliteit, transport, logistiek en maritiem"
10180,Commercieel Bedrijfsleider/Ondernemer Mobiele Werktuigen,4,middenkaderopleiding,BOL,hg010,Mobiliteit en voertuigen,sg034,Mobiliteitstechniek,23292,(After)sales in de mobiliteitsbranche,02,"Mobiliteit, transport, logistiek en maritiem"
10181,Diagnosetechnicus Bedrijfsauto's,4,specialistenopleiding,BBL,hg010,Mobiliteit en voertuigen,sg034,Mobiliteitstechniek,23274,Specialist voertuigen en mobiele werktuigen,02,"Mobiliteit, transport, logistiek en maritiem"
10182,Diagnosetechnicus Personenauto's,4,specialistenopleiding,BBL,hg010,Mobiliteit en voertuigen,sg034,Mobiliteitstechniek,23274,Specialist voertuigen en mobiele werktuigen,02,"Mobiliteit, transport, logistiek en maritiem"
10183,Commercieel Bedrijfsleider/Ondernemer Middelgroot Bedrijf,4,middenkaderopleiding,BOL,hg010,Mobiliteit en voertuigen,sg034,Mobiliteitstechniek,23292,(After)sales in de mobiliteitsbranche,02,"Mobiliteit, transport, logistiek en maritiem"
10184,Management autobedrijf,4,middenkaderopleiding,BBL,hg010,Mobiliteit en voertuigen,sg034,Mobiliteitstechniek,23292,(After)sales in de mobiliteitsbranche,02,"Mobiliteit, transport, logistiek en maritiem"
10185,Eerste Bedrijfsauto-Elektrotechnicus,4,specialistenopleiding,BBL,hg010,Mobiliteit en voertuigen,sg034,Mobiliteitstechniek,23274,Specialist voertuigen en mobiele werktuigen,02,"Mobiliteit, transport, logistiek en maritiem"
10186,Eerste Auto-elektrotechnicus,4,specialistenopleiding,BBL,hg010,Mobiliteit en voertuigen,sg034,Mobiliteitstechniek,23274,Specialist voertuigen en mobiele werktuigen,02,"Mobiliteit, transport, logistiek en maritiem"
10187,Middenkaderfunctionaris Carrosseriebedrijf,4,specialistenopleiding,BBL,hg006,Handel en ondernemerschap,sg031,Management en ondernemerschap,23422,Leidinggeven op basis van vakmanschap,04,Handel
10188,Middenkaderf. Autoschadeherstelbedrijf c.q. Autospuitbedrijf,4,specialistenopleiding,BBL,hg006,Handel en ondernemerschap,sg031,Management en ondernemerschap,23422,Leidinggeven op basis van vakmanschap,04,Handel
10189,Werkplaatsmanager Bedrijfsauto's,4,specialistenopleiding,BBL,hg006,Handel en ondernemerschap,sg031,Management en ondernemerschap,23422,Leidinggeven op basis van vakmanschap,04,Handel
10190,Servicemanager Bedrijfsauto's,4,middenkaderopleiding,BOL,hg010,Mobiliteit en voertuigen,sg034,Mobiliteitstechniek,23292,(After)sales in de mobiliteitsbranche,02,"Mobiliteit, transport, logistiek en maritiem"
10191,Werkplaatsmanager Personenauto's,4,specialistenopleiding,BBL,hg006,Handel en ondernemerschap,sg031,Management en ondernemerschap,23422,Leidinggeven op basis van vakmanschap,04,Handel
10192,Servicemanager Personenauto's,4,middenkaderopleiding,BOL,hg010,Mobiliteit en voertuigen,sg034,Mobiliteitstechniek,23292,(After)sales in de mobiliteitsbranche,02,"Mobiliteit, transport, logistiek en maritiem"
10193,Onderdelenmanager,4,specialistenopleiding,BBL,hg013,"Transport, scheepvaart en logistiek",sg028,Logistiek,23310,Management transport en logistiek,02,"Mobiliteit, transport, logistiek en maritiem"
10194,Praktijkinstructeur,4,specialistenopleiding,BBL,hg010,Mobiliteit en voertuigen,sg034,Mobiliteitstechniek,23292,(After)sales in de mobiliteitsbranche,02,"Mobiliteit, transport, logistiek en maritiem"
10195,Verkoopleider Bedrijfsauto's,4,middenkaderopleiding,BOL,hg010,Mobiliteit en voertuigen,sg034,Mobiliteitstechniek,23292,(After)sales in de mobiliteitsbranche,02,"Mobiliteit, transport, logistiek en maritiem"
10196,Verkoopleider Personenauto's,4,middenkaderopleiding,BOL,hg010,Mobiliteit en voertuigen,sg034,Mobiliteitstechniek,23292,(After)sales in de mobiliteitsbranche,02,"Mobiliteit, transport, logistiek en maritiem"
10197,Verkoper Bedrijfsauto's,3,vakopleiding,"BBL,BOL",hg010,Mobiliteit en voertuigen,sg034,Mobiliteitstechniek,23292,(After)sales in de mobiliteitsbranche,02,"Mobiliteit, transport, logistiek en maritiem"
10198,Verkoper Personenauto's,3,vakopleiding,"BBL,BOL",hg010,Mobiliteit en voertuigen,sg034,Mobiliteitstechniek,23292,(After)sales in de mobiliteitsbranche,02,"Mobiliteit, transport, logistiek en maritiem"
10199,Eerste Autospuiter,3,vakopleiding,BBL,hg010,Mobiliteit en voertuigen,sg006,Carrosserietechniek,23293,Autospuiten,02,"Mobiliteit, transport, logistiek en maritiem"
10200,Eerste Autoschadehersteller,3,vakopleiding,BBL,hg010,Mobiliteit en voertuigen,sg006,Carrosserietechniek,23358,Autoschadehersteltechniek,02,"Mobiliteit, transport, logistiek en maritiem"
10201,Eerste Caravanhersteller,3,vakopleiding,BBL,hg011,Techniek en procesindustrie,sg058,Werktuigbouwkunde,23361,Productietechniek,02,"Mobiliteit, transport, logistiek en maritiem"
10202,Eerste Carrosseriebouwer,3,vakopleiding,BBL,hg011,Techniek en procesindustrie,sg058,Werktuigbouwkunde,23361,Productietechniek,02,"Mobiliteit, transport, logistiek en maritiem"
10203,Eerste Motorfietstechnicus,3,vakopleiding,BBL,hg010,Mobiliteit en voertuigen,sg034,Mobiliteitstechniek,23273,Voertuigen en mobiele werktuigen,02,"Mobiliteit, transport, logistiek en maritiem"
10204,Eerste Dieselmotortechnicus,3,vakopleiding,BBL,hg010,Mobiliteit en voertuigen,sg034,Mobiliteitstechniek,23332,Verbrandingsmotortechniek,02,"Mobiliteit, transport, logistiek en maritiem"
10205,Eerste Bedrijfsautotechnicus,3,vakopleiding,BBL,hg010,Mobiliteit en voertuigen,sg034,Mobiliteitstechniek,23273,Voertuigen en mobiele werktuigen,02,"Mobiliteit, transport, logistiek en maritiem"
10206,Eerste Autotechnicus,3,vakopleiding,BBL,hg010,Mobiliteit en voertuigen,sg034,Mobiliteitstechniek,23273,Voertuigen en mobiele werktuigen,02,"Mobiliteit, transport, logistiek en maritiem"
10207,Eerste Verkoper Tankstation,2,basisberoepsopleiding,BBL,hg006,Handel en ondernemerschap,sg010,Detailhandel en groothandel,23324,Retail operationeel,04,Handel
10208,Onderdelenadviseur,2,basisberoepsopleiding,BBL,hg013,"Transport, scheepvaart en logistiek",sg028,Logistiek,23309,Logistiek,02,"Mobiliteit, transport, logistiek en maritiem"
10209,Auto-Elektricien,2,basisberoepsopleiding,BBL,hg010,Mobiliteit en voertuigen,sg034,Mobiliteitstechniek,23273,Voertuigen en mobiele werktuigen,02,"Mobiliteit, transport, logistiek en maritiem"
10210,Autodemontagetechnicus,2,basisberoepsopleiding,BBL,hg010,Mobiliteit en voertuigen,sg034,Mobiliteitstechniek,23273,Voertuigen en mobiele werktuigen,02,"Mobiliteit, transport, logistiek en maritiem"
10211,Assemblagetechnicus,2,basisberoepsopleiding,BBL,hg011,Techniek en procesindustrie,sg058,Werktuigbouwkunde,23361,Productietechniek,02,"Mobiliteit, transport, logistiek en maritiem"
10212,Carrosseriebouwer,2,basisberoepsopleiding,BBL,hg011,Techniek en procesindustrie,sg058,Werktuigbouwkunde,23361,Productietechniek,02,"Mobiliteit, transport, logistiek en maritiem"
10213,Dieselmotortechnicus,2,basisberoepsopleiding,BBL,hg010,Mobiliteit en voertuigen,sg034,Mobiliteitstechniek,23332,Verbrandingsmotortechniek,02,"Mobiliteit, transport, logistiek en maritiem"
10214,Revisietechnicus,2,basisberoepsopleiding,BBL,hg010,Mobiliteit en voertuigen,sg034,Mobiliteitstechniek,23332,Verbrandingsmotortechniek,02,"Mobiliteit, transport, logistiek en maritiem"
10215,Autospuiter,2,basisberoepsopleiding,BBL,hg010,Mobiliteit en voertuigen,sg006,Carrosserietechniek,23293,Autospuiten,02,"Mobiliteit, transport, logistiek en maritiem"
10216,Voertuiginterieurbouwer,2,basisberoepsopleiding,BBL,hg011,Techniek en procesindustrie,sg058,Werktuigbouwkunde,23361,Productietechniek,02,"Mobiliteit, transport, logistiek en maritiem"
10217,Autoschadehersteller,2,basisberoepsopleiding,"BBL,BOL",hg010,Mobiliteit en voertuigen,sg006,Carrosserietechniek,23358,Autoschadehersteltechniek,02,"Mobiliteit, transport, logistiek en maritiem"
10218,Caravanhersteller,2,basisberoepsopleiding,BBL,hg011,Techniek en procesindustrie,sg058,Werktuigbouwkunde,23361,Productietechniek,02,"Mobiliteit, transport, logistiek en maritiem"
10219,Motorfietstechnicus,2,basisberoepsopleiding,BBL,hg010,Mobiliteit en voertuigen,sg034,Mobiliteitstechniek,23273,Voertuigen en mobiele werktuigen,02,"Mobiliteit, transport, logistiek en maritiem"
10220,Bromfietstechnicus,2,basisberoepsopleiding,BBL,hg010,Mobiliteit en voertuigen,sg034,Mobiliteitstechniek,23273,Voertuigen en mobiele werktuigen,02,"Mobiliteit, transport, logistiek en maritiem"
10221,Fietstechnicus,2,basisberoepsopleiding,BBL,hg010,Mobiliteit en voertuigen,sg034,Mobiliteitstechniek,23415,Fietstechniek,02,"Mobiliteit, transport, logistiek en maritiem"
10222,Bedrijfsautotechnicus,2,basisberoepsopleiding,"BBL,BOL",hg010,Mobiliteit en voertuigen,sg034,Mobiliteitstechniek,23273,Voertuigen en mobiele werktuigen,02,"Mobiliteit, transport, logistiek en maritiem"
10223,Autotechnicus,2,basisberoepsopleiding,"BBL,BOL",hg010,Mobiliteit en voertuigen,sg034,Mobiliteitstechniek,23273,Voertuigen en mobiele werktuigen,02,"Mobiliteit, transport, logistiek en maritiem"
10224,Verkoper Tankstation,1,entreeopleiding,BBL,hg006,Handel en ondernemerschap,sg010,Detailhandel en groothandel,23324,Retail operationeel,04,Handel
10225,Aankomend Voorbewerker,1,entreeopleiding,BBL,hg002,Entree,sg061,Entree,23301,Entree,09,Entree
10226,Assistent Autotechnicus,1,entreeopleiding,"BBL,BOL",hg002,Entree,sg061,Entree,23301,Entree,09,Entree
10227,Middenkaderfunct. Kantoor Automatiseringstechniek (MK-TKA),4,middenkaderopleiding,BOL,hg011,Techniek en procesindustrie,sg013,Elektrotechniek,23371,Middenkader engineering,01,Techniek en gebouwde omgeving
10228,Middenkaderfunct. Productie Automatiseringstechniek (MK-TPA),4,middenkaderopleiding,BOL,hg011,Techniek en procesindustrie,sg025,Installatietechniek,23410,Infratechniek (kader),01,Techniek en gebouwde omgeving
10229,Middenkaderfuctionaris Computer Interfacetechniek (MK-CIT),4,middenkaderopleiding,BOL,hg011,Techniek en procesindustrie,sg013,Elektrotechniek,23371,Middenkader engineering,01,Techniek en gebouwde omgeving
10230,Middenkaderfunctionaris Telematica (MK-TMA),4,middenkaderopleiding,BOL,hg011,Techniek en procesindustrie,sg013,Elektrotechniek,23371,Middenkader engineering,01,Techniek en gebouwde omgeving
10231,Technicus Communicatiesystemen (TCS),4,specialistenopleiding,"BBL,BOL,CBL,COL",hg011,Techniek en procesindustrie,sg025,Installatietechniek,23410,Infratechniek (kader),01,Techniek en gebouwde omgeving
10232,Middenkaderfunctionaris Automatiserings Elektronica (MK-AEC),4,middenkaderopleiding,BOL,hg011,Techniek en procesindustrie,sg013,Elektrotechniek,23371,Middenkader engineering,01,Techniek en gebouwde omgeving
10233,Technicus Consumentenelektronica (TCE),4,specialistenopleiding,"BBL,BOL",hg011,Techniek en procesindustrie,sg025,Installatietechniek,23329,Service- en onderhoudstechniek,01,Techniek en gebouwde omgeving
10234,Middenkaderfunctionaris Vliegtuigelektronicatechniek (MK-VET),4,middenkaderopleiding,BOL,hg011,Techniek en procesindustrie,sg054,Vliegtuigtechniek,23375,Luchtvaarttechniek,01,Techniek en gebouwde omgeving
10235,Middenkaderfunctionaris Automatiserings Energietechniek (MK-AEN),4,middenkaderopleiding,BOL,hg011,Techniek en procesindustrie,sg058,Werktuigbouwkunde,23360,Mechatronica,01,Techniek en gebouwde omgeving
10236,Technicus Elektrische Bedrijfsinstallaties (TBI),4,specialistenopleiding,"BBL,BOL,CBL,COL",hg011,Techniek en procesindustrie,sg025,Installatietechniek,23329,Service- en onderhoudstechniek,01,Techniek en gebouwde omgeving
10237,Middenkaderf. Elektrotechnische Install. techniek (MK-EIT),4,middenkaderopleiding,BOL,hg011,Techniek en procesindustrie,sg013,Elektrotechniek,23300,Elektrotechnische systemen en installaties,01,Techniek en gebouwde omgeving
10238,Technicus Sterkstroominstallaties (TSI),4,specialistenopleiding,"BBL,BOL,CBL,COL",hg011,Techniek en procesindustrie,sg025,Installatietechniek,23329,Service- en onderhoudstechniek,01,Techniek en gebouwde omgeving
10239,Technicus Middenspanningsinstallaties (TMI),4,specialistenopleiding,"BBL,BOL",hg011,Techniek en procesindustrie,sg025,Installatietechniek,23410,Infratechniek (kader),01,Techniek en gebouwde omgeving
10240,Eerste Monteur Communicatienetten (EMCN),3,vakopleiding,"BBL,BOL",hg011,Techniek en procesindustrie,sg025,Installatietechniek,23404,Infratechniek,01,Techniek en gebouwde omgeving
10241,Eerste Monteur Communicatie-Installaties (EMCI),3,vakopleiding,"BBL,BOL",hg011,Techniek en procesindustrie,sg013,Elektrotechniek,23299,Elektrotechnische installaties,01,Techniek en gebouwde omgeving
10242,Eerste Monteur Consumentenelektronica (EMCE),3,vakopleiding,"BBL,BOL",hg011,Techniek en procesindustrie,sg025,Installatietechniek,23329,Service- en onderhoudstechniek,01,Techniek en gebouwde omgeving
10243,Eerste Monteur Industriele Elektronica (EMIE),3,vakopleiding,"BBL,BOL",hg011,Techniek en procesindustrie,sg025,Installatietechniek,23329,Service- en onderhoudstechniek,01,Techniek en gebouwde omgeving
10244,Eerste Monteur Witgoedapparaten (EMWA),3,vakopleiding,"BBL,BOL",hg011,Techniek en procesindustrie,sg025,Installatietechniek,23329,Service- en onderhoudstechniek,01,Techniek en gebouwde omgeving
10245,Eerste Monteur Elektrotechnische Panelen (EMEP),3,vakopleiding,"BBL,BOL",hg011,Techniek en procesindustrie,sg058,Werktuigbouwkunde,23360,Mechatronica,01,Techniek en gebouwde omgeving
10246,Eerste Monteur Elektrische Vliegtuiginstallaties (EMVI),3,vakopleiding,"BBL,BOL",hg011,Techniek en procesindustrie,sg054,Vliegtuigtechniek,23375,Luchtvaarttechniek,01,Techniek en gebouwde omgeving
10247,Eerste Monteur Elektro en Instrumentatie (EMEI),3,vakopleiding,"BBL,BOL",hg011,Techniek en procesindustrie,sg025,Installatietechniek,23329,Service- en onderhoudstechniek,01,Techniek en gebouwde omgeving
10248,Eerste Monteur Elektrische Bedrijfsinstallaties (EMBI),3,vakopleiding,"BBL,BOL",hg011,Techniek en procesindustrie,sg013,Elektrotechniek,23299,Elektrotechnische installaties,01,Techniek en gebouwde omgeving
10249,Eerste Monteur Sterkstroominstallaties (EMSI),3,vakopleiding,"BBL,BOL",hg011,Techniek en procesindustrie,sg013,Elektrotechniek,23299,Elektrotechnische installaties,01,Techniek en gebouwde omgeving
10250,Eerste Monteur Middenspanningsinstallaties (EMMI),3,vakopleiding,"BBL,BOL",hg011,Techniek en procesindustrie,sg025,Installatietechniek,23404,Infratechniek,01,Techniek en gebouwde omgeving
10251,Eerste Monteur Laagspanningsnetten (EMLN),3,vakopleiding,"BBL,BOL",hg011,Techniek en procesindustrie,sg025,Installatietechniek,23404,Infratechniek,01,Techniek en gebouwde omgeving
10252,Monteur Communicatienetten (MCN),2,basisberoepsopleiding,"BBL,BOL",hg011,Techniek en procesindustrie,sg025,Installatietechniek,23404,Infratechniek,01,Techniek en gebouwde omgeving
10253,Monteur Communicatie-Installaties (MCI),2,basisberoepsopleiding,"BBL,BOL",hg011,Techniek en procesindustrie,sg013,Elektrotechniek,23299,Elektrotechnische installaties,01,Techniek en gebouwde omgeving
10254,Monteur Consumentenelektronica (MCE),2,basisberoepsopleiding,"BBL,BOL",hg011,Techniek en procesindustrie,sg025,Installatietechniek,23329,Service- en onderhoudstechniek,01,Techniek en gebouwde omgeving
10255,Monteur Industriele Elektronica (MIE),2,basisberoepsopleiding,"BBL,BOL",hg011,Techniek en procesindustrie,sg058,Werktuigbouwkunde,23360,Mechatronica,01,Techniek en gebouwde omgeving
10256,Monteur Witgoedapparaten (MWA),2,basisberoepsopleiding,"BBL,BOL",hg011,Techniek en procesindustrie,sg025,Installatietechniek,23329,Service- en onderhoudstechniek,01,Techniek en gebouwde omgeving
10257,Monteur Elektrotechnisch Wikkelen (MEW),2,basisberoepsopleiding,"BBL,BOL",hg011,Techniek en procesindustrie,sg058,Werktuigbouwkunde,23360,Mechatronica,01,Techniek en gebouwde omgeving
10258,Monteur Elektrotechnische Panelen (MEP),2,basisberoepsopleiding,"BBL,BOL",hg011,Techniek en procesindustrie,sg058,Werktuigbouwkunde,23360,Mechatronica,01,Techniek en gebouwde omgeving
10259,Monteur Elektrische Vliegtuiginstallaties (MVI),2,basisberoepsopleiding,"BBL,BOL",hg011,Techniek en procesindustrie,sg058,Werktuigbouwkunde,23360,Mechatronica,01,Techniek en gebouwde omgeving
10260,Monteur Elektrische Bedrijfsinstallaties (MBI),2,basisberoepsopleiding,"BBL,BOL",hg011,Techniek en procesindustrie,sg013,Elektrotechniek,23299,Elektrotechnische installaties,01,Techniek en gebouwde omgeving
10261,Monteur Sterkstroominstallaties (MSI),2,basisberoepsopleiding,"BBL,BOL",hg011,Techniek en procesindustrie,sg013,Elektrotechniek,23299,Elektrotechnische installaties,01,Techniek en gebouwde omgeving
10262,Monteur Middenspanningsinstallaties (MMI),2,basisberoepsopleiding,"BBL,BOL",hg011,Techniek en procesindustrie,sg025,Installatietechniek,23404,Infratechniek,01,Techniek en gebouwde omgeving
10263,Monteur Laagspanningsnetten (MLN),2,basisberoepsopleiding,"BBL,BOL",hg011,Techniek en procesindustrie,sg025,Installatietechniek,23404,Infratechniek,01,Techniek en gebouwde omgeving
10264,Assistent Monteur Montage Elektronica Componenten (AMME),1,entreeopleiding,"BBL,BOL",hg002,Entree,sg061,Entree,23301,Entree,09,Entree
10265,Assistent Monteur Assemblage Elektro Componenten (AMAE),1,entreeopleiding,"BBL,BOL",hg002,Entree,sg061,Entree,23301,Entree,09,Entree
10266,Assistent Monteur Elektrische Vliegtuiginstallaties (AMVI),1,entreeopleiding,"BBL,BOL",hg002,Entree,sg061,Entree,23301,Entree,09,Entree
10267,Assistent Monteur Nieuwbouwinstallaties (AMNI),1,entreeopleiding,"BBL,BOL",hg002,Entree,sg061,Entree,23301,Entree,09,Entree
10268,Assistent Monteur Laagspanningsnetten (AMLN),1,entreeopleiding,"BBL,BOL",hg002,Entree,sg061,Entree,23301,Entree,09,Entree
10269,Specialist Aanpassingen aan Confectieschoenen,4,andere_opleiding,"BBL,BOL",hg003,"Ambacht, laboratorium en gezondheidstechniek",sg017,Gezondheidstechniek,23350,Orthopedische schoentechniek,08,Specialistisch vakmanschap
10270,Ondernemer/Manager Schoenherstellersbedrijf,4,andere_opleiding,"BBL,BOL",hg003,"Ambacht, laboratorium en gezondheidstechniek",sg003,Ambachtelijke techniek,23387,Schoentechniek,08,Specialistisch vakmanschap
10271,Schoenconsulent,4,andere_opleiding,"BBL,BOL",hg006,Handel en ondernemerschap,sg010,Detailhandel en groothandel,23398,Ondernemerschap op basis van een vakspecialisme,04,Handel
10272,Ondernemer/Manager Schoendetailhandelbedrijf,4,andere_opleiding,"BBL,BOL",hg006,Handel en ondernemerschap,sg010,Detailhandel en groothandel,23398,Ondernemerschap op basis van een vakspecialisme,04,Handel
10273,Vakbekwaam Hersteller Schoenen en Lederwaren,3,vakopleiding,BBL,hg003,"Ambacht, laboratorium en gezondheidstechniek",sg003,Ambachtelijke techniek,23387,Schoentechniek,08,Specialistisch vakmanschap
10274,Hoofdverkoper Schoendetailhandel,3,vakopleiding,BBL,hg003,"Ambacht, laboratorium en gezondheidstechniek",sg003,Ambachtelijke techniek,23387,Schoentechniek,08,Specialistisch vakmanschap
10275,Gezel Hersteller Schoenen en Lederwaren,2,basisberoepsopleiding,BBL,hg003,"Ambacht, laboratorium en gezondheidstechniek",sg003,Ambachtelijke techniek,23387,Schoentechniek,08,Specialistisch vakmanschap
10276,Verkoopmedewerker Schoendetailhandel,2,basisberoepsopleiding,BBL,hg003,"Ambacht, laboratorium en gezondheidstechniek",sg003,Ambachtelijke techniek,23387,Schoentechniek,08,Specialistisch vakmanschap
10277,Assistent Schoenhersteller,1,entreeopleiding,BBL,hg003,"Ambacht, laboratorium en gezondheidstechniek",sg003,Ambachtelijke techniek,23387,Schoentechniek,08,Specialistisch vakmanschap
10278,Assistent Schoenenverkoper,1,entreeopleiding,BBL,hg003,"Ambacht, laboratorium en gezondheidstechniek",sg003,Ambachtelijke techniek,23387,Schoentechniek,08,Specialistisch vakmanschap
10279,Kaderfunctionaris Schoenen en Lederwaren,4,middenkaderopleiding,BBL,hg006,Handel en ondernemerschap,sg010,Detailhandel en groothandel,23398,Ondernemerschap op basis van een vakspecialisme,04,Handel
10280,Industrieel Lederwarenvervaardiger,3,vakopleiding,BBL,hg003,"Ambacht, laboratorium en gezondheidstechniek",sg003,Ambachtelijke techniek,23387,Schoentechniek,08,Specialistisch vakmanschap
10281,Ontwerper Modelleur,3,vakopleiding,BBL,hg003,"Ambacht, laboratorium en gezondheidstechniek",sg003,Ambachtelijke techniek,23387,Schoentechniek,08,Specialistisch vakmanschap
10282,Industrieel Schoenmaker,3,vakopleiding,BBL,hg003,"Ambacht, laboratorium en gezondheidstechniek",sg003,Ambachtelijke techniek,23387,Schoentechniek,08,Specialistisch vakmanschap
10283,Tassenvervaardiger,2,basisberoepsopleiding,BBL,hg003,"Ambacht, laboratorium en gezondheidstechniek",sg003,Ambachtelijke techniek,23387,Schoentechniek,08,Specialistisch vakmanschap
10284,Klein Lederwarenvervaardiger,2,basisberoepsopleiding,BBL,hg003,"Ambacht, laboratorium en gezondheidstechniek",sg003,Ambachtelijke techniek,23387,Schoentechniek,08,Specialistisch vakmanschap
10285,Assembleur,2,basisberoepsopleiding,BBL,hg003,"Ambacht, laboratorium en gezondheidstechniek",sg003,Ambachtelijke techniek,23387,Schoentechniek,08,Specialistisch vakmanschap
10286,Stikker,2,basisberoepsopleiding,BBL,hg003,"Ambacht, laboratorium en gezondheidstechniek",sg003,Ambachtelijke techniek,23387,Schoentechniek,08,Specialistisch vakmanschap
10287,Stanzer,2,basisberoepsopleiding,BBL,hg003,"Ambacht, laboratorium en gezondheidstechniek",sg003,Ambachtelijke techniek,23387,Schoentechniek,08,Specialistisch vakmanschap
10288,Assistent Schoenen & Lederwaren,1,entreeopleiding,BBL,hg003,"Ambacht, laboratorium en gezondheidstechniek",sg003,Ambachtelijke techniek,23387,Schoentechniek,08,Specialistisch vakmanschap
10289,Graveur/Ondernemer,4,middenkaderopleiding,BOL,hg003,"Ambacht, laboratorium en gezondheidstechniek",sg003,Ambachtelijke techniek,23349,Goud- en Zilversmeden,08,Specialistisch vakmanschap
10290,Graveur,3,vakopleiding,BOL,hg003,"Ambacht, laboratorium en gezondheidstechniek",sg003,Ambachtelijke techniek,23349,Goud- en Zilversmeden,08,Specialistisch vakmanschap
10291,Gezel Pianotechnicus,3,vakopleiding,"BBL,BOL",hg003,"Ambacht, laboratorium en gezondheidstechniek",sg003,Ambachtelijke techniek,23270,Pianotechniek,08,Specialistisch vakmanschap
10292,Assistent Pianotechnicus,2,basisberoepsopleiding,"BBL,BOL",hg003,"Ambacht, laboratorium en gezondheidstechniek",sg003,Ambachtelijke techniek,23270,Pianotechniek,08,Specialistisch vakmanschap
10293,Juwelier/Ondernemer,4,middenkaderopleiding,"BBL,BOL",hg003,"Ambacht, laboratorium en gezondheidstechniek",sg003,Ambachtelijke techniek,23411,Juweliersbedrijf,08,Specialistisch vakmanschap
10294,Uurwerktechnicus/Ondernemer,4,middenkaderopleiding,"BBL,BOL",hg003,"Ambacht, laboratorium en gezondheidstechniek",sg003,Ambachtelijke techniek,23386,Uurwerktechniek,08,Specialistisch vakmanschap
10295,Zilversmid/Ondernemer,4,middenkaderopleiding,"BBL,BOL",hg003,"Ambacht, laboratorium en gezondheidstechniek",sg003,Ambachtelijke techniek,23349,Goud- en Zilversmeden,08,Specialistisch vakmanschap
10296,Goudsmid/Ondernemer,4,middenkaderopleiding,"BBL,BOL",hg003,"Ambacht, laboratorium en gezondheidstechniek",sg003,Ambachtelijke techniek,23349,Goud- en Zilversmeden,08,Specialistisch vakmanschap
10297,Juwelier,3,vakopleiding,"BBL,BOL",hg003,"Ambacht, laboratorium en gezondheidstechniek",sg003,Ambachtelijke techniek,23411,Juweliersbedrijf,08,Specialistisch vakmanschap
10298,Uurwerktechnicus,3,vakopleiding,"BBL,BOL",hg003,"Ambacht, laboratorium en gezondheidstechniek",sg003,Ambachtelijke techniek,23386,Uurwerktechniek,08,Specialistisch vakmanschap
10299,Zilversmid,3,vakopleiding,"BBL,BOL",hg003,"Ambacht, laboratorium en gezondheidstechniek",sg003,Ambachtelijke techniek,23349,Goud- en Zilversmeden,08,Specialistisch vakmanschap
10300,Goudsmid,3,vakopleiding,"BBL,BOL",hg003,"Ambacht, laboratorium en gezondheidstechniek",sg003,Ambachtelijke techniek,23349,Goud- en Zilversmeden,08,Specialistisch vakmanschap
10301,Aspirant Juwelier,2,basisberoepsopleiding,"BBL,BOL",hg003,"Ambacht, laboratorium en gezondheidstechniek",sg003,Ambachtelijke techniek,23411,Juweliersbedrijf,08,Specialistisch vakmanschap
10302,Atelier Uurwerktechnicus,2,basisberoepsopleiding,"BBL,BOL",hg003,"Ambacht, laboratorium en gezondheidstechniek",sg003,Ambachtelijke techniek,23386,Uurwerktechniek,08,Specialistisch vakmanschap
10303,Productiemedewerker Goud- en Zilversmeden,2,basisberoepsopleiding,"BBL,BOL",hg003,"Ambacht, laboratorium en gezondheidstechniek",sg003,Ambachtelijke techniek,23349,Goud- en Zilversmeden,08,Specialistisch vakmanschap
10304,Specialist Scoliose Orthesen,4,andere_opleiding,"BBL,BOL",hg003,"Ambacht, laboratorium en gezondheidstechniek",sg017,Gezondheidstechniek,23351,Orthopedische techniek,08,Specialistisch vakmanschap
10305,"Specialist Heup-, Knie-, Enkel-, Voetprothesen",4,andere_opleiding,"BBL,BOL",hg003,"Ambacht, laboratorium en gezondheidstechniek",sg017,Gezondheidstechniek,23351,Orthopedische techniek,08,Specialistisch vakmanschap
10306,Specialist Armprothesen,4,andere_opleiding,"BBL,BOL",hg003,"Ambacht, laboratorium en gezondheidstechniek",sg017,Gezondheidstechniek,23351,Orthopedische techniek,08,Specialistisch vakmanschap
10307,Ondernemer/Manager Orthopedisch Instrumentmaker/bandagist,4,andere_opleiding,"BBL,BOL",hg003,"Ambacht, laboratorium en gezondheidstechniek",sg017,Gezondheidstechniek,23351,Orthopedische techniek,08,Specialistisch vakmanschap
10308,Paskamermedewerker Orthopedisch/Instrumentmaker en-bandagist,4,specialistenopleiding,BBL,hg003,"Ambacht, laboratorium en gezondheidstechniek",sg017,Gezondheidstechniek,23351,Orthopedische techniek,08,Specialistisch vakmanschap
10309,Orthopedisch Bandagist,3,vakopleiding,BBL,hg003,"Ambacht, laboratorium en gezondheidstechniek",sg017,Gezondheidstechniek,23351,Orthopedische techniek,08,Specialistisch vakmanschap
10310,Orthopedisch Instrumentmaker,3,vakopleiding,BBL,hg003,"Ambacht, laboratorium en gezondheidstechniek",sg017,Gezondheidstechniek,23351,Orthopedische techniek,08,Specialistisch vakmanschap
10311,Assistent Orthopedisch Bandagist,2,basisberoepsopleiding,BBL,hg003,"Ambacht, laboratorium en gezondheidstechniek",sg017,Gezondheidstechniek,23351,Orthopedische techniek,08,Specialistisch vakmanschap
10312,Assistent Orthopedisch Instrumentenmaker,2,basisberoepsopleiding,BBL,hg003,"Ambacht, laboratorium en gezondheidstechniek",sg017,Gezondheidstechniek,23351,Orthopedische techniek,08,Specialistisch vakmanschap
10313,Orthopedisch Technisch Vakkracht,1,entreeopleiding,BBL,hg003,"Ambacht, laboratorium en gezondheidstechniek",sg017,Gezondheidstechniek,23351,Orthopedische techniek,08,Specialistisch vakmanschap
10314,Orthopedisch Schoentechnicus,4,middenkaderopleiding,BBL,hg003,"Ambacht, laboratorium en gezondheidstechniek",sg017,Gezondheidstechniek,23350,Orthopedische schoentechniek,08,Specialistisch vakmanschap
10315,Ondernemer/Manager Orthopedisch Schoentechniek,4,andere_opleiding,"BBL,BOL",hg003,"Ambacht, laboratorium en gezondheidstechniek",sg017,Gezondheidstechniek,23350,Orthopedische schoentechniek,08,Specialistisch vakmanschap
10316,Paskamermedewerker Orthopedische Schoentechniek,3,vakopleiding,BBL,hg003,"Ambacht, laboratorium en gezondheidstechniek",sg017,Gezondheidstechniek,23350,Orthopedische schoentechniek,08,Specialistisch vakmanschap
10317,Vervaardiger Orthopedische Voorzieningen Onderbeen/Voet,2,basisberoepsopleiding,BBL,hg003,"Ambacht, laboratorium en gezondheidstechniek",sg003,Ambachtelijke techniek,23387,Schoentechniek,08,Specialistisch vakmanschap
10318,Onderwerkmaker,2,basisberoepsopleiding,BBL,hg003,"Ambacht, laboratorium en gezondheidstechniek",sg003,Ambachtelijke techniek,23387,Schoentechniek,08,Specialistisch vakmanschap
10319,Schachtenmaker,2,basisberoepsopleiding,BBL,hg003,"Ambacht, laboratorium en gezondheidstechniek",sg003,Ambachtelijke techniek,23387,Schoentechniek,08,Specialistisch vakmanschap
10320,Leestenmaker,2,basisberoepsopleiding,BBL,hg003,"Ambacht, laboratorium en gezondheidstechniek",sg017,Gezondheidstechniek,23350,Orthopedische schoentechniek,08,Specialistisch vakmanschap
10321,Orthopedisch Schoentechnisch Vakkracht,1,entreeopleiding,BBL,hg003,"Ambacht, laboratorium en gezondheidstechniek",sg003,Ambachtelijke techniek,23387,Schoentechniek,08,Specialistisch vakmanschap
10322,Ondernemer/Manager Adaptietechnieken,4,andere_opleiding,"BBL,BOL",hg003,"Ambacht, laboratorium en gezondheidstechniek",sg017,Gezondheidstechniek,23351,Orthopedische techniek,08,Specialistisch vakmanschap
10323,Adaptietechnicus Auto-Aanpassingen,3,vakopleiding,BBL,hg003,"Ambacht, laboratorium en gezondheidstechniek",sg003,Ambachtelijke techniek,23387,Schoentechniek,08,Specialistisch vakmanschap
10324,Adaptietechnicus Algemeen,3,vakopleiding,BBL,hg003,"Ambacht, laboratorium en gezondheidstechniek",sg003,Ambachtelijke techniek,23387,Schoentechniek,08,Specialistisch vakmanschap
10325,Tandprotheticus,4,andere_opleiding,"BBL,BOL",hg003,"Ambacht, laboratorium en gezondheidstechniek",sg017,Gezondheidstechniek,23271,Tandtechniek,08,Specialistisch vakmanschap
10326,Manager/Ondernemer Tandtechnicus,4,andere_opleiding,"BBL,BOL",hg003,"Ambacht, laboratorium en gezondheidstechniek",sg017,Gezondheidstechniek,23271,Tandtechniek,08,Specialistisch vakmanschap
10327,Specialist Orthodontie,4,andere_opleiding,"BBL,BOL",hg003,"Ambacht, laboratorium en gezondheidstechniek",sg017,Gezondheidstechniek,23271,Tandtechniek,08,Specialistisch vakmanschap
10328,Specialist Kroon- en Brugwerk,4,andere_opleiding,"BBL,BOL",hg003,"Ambacht, laboratorium en gezondheidstechniek",sg017,Gezondheidstechniek,23271,Tandtechniek,08,Specialistisch vakmanschap
10329,Specialist Partiele Prothese,4,andere_opleiding,"BBL,BOL",hg003,"Ambacht, laboratorium en gezondheidstechniek",sg017,Gezondheidstechniek,23271,Tandtechniek,08,Specialistisch vakmanschap
10330,Specialist Volledige Prothese,4,andere_opleiding,"BBL,BOL",hg003,"Ambacht, laboratorium en gezondheidstechniek",sg017,Gezondheidstechniek,23271,Tandtechniek,08,Specialistisch vakmanschap
10331,Tandtechnicus,3,vakopleiding,"BBL,BOL",hg003,"Ambacht, laboratorium en gezondheidstechniek",sg017,Gezondheidstechniek,23271,Tandtechniek,08,Specialistisch vakmanschap
10332,Assistent Tandtechnicus,2,basisberoepsopleiding,"BBL,BOL",hg003,"Ambacht, laboratorium en gezondheidstechniek",sg017,Gezondheidstechniek,23271,Tandtechniek,08,Specialistisch vakmanschap
10333,Opticien/Ondernemer,4,middenkaderopleiding,"BBL,BOL",hg003,"Ambacht, laboratorium en gezondheidstechniek",sg017,Gezondheidstechniek,23413,Optiek,08,Specialistisch vakmanschap
10334,Opticien,3,vakopleiding,"BBL,BOL",hg003,"Ambacht, laboratorium en gezondheidstechniek",sg017,Gezondheidstechniek,23413,Optiek,08,Specialistisch vakmanschap
10335,Assistent Opticien,2,basisberoepsopleiding,"BBL,BOL",hg003,"Ambacht, laboratorium en gezondheidstechniek",sg017,Gezondheidstechniek,23413,Optiek,08,Specialistisch vakmanschap
10336,Verkoopmedewerker Optiekbedrijf,1,entreeopleiding,"BBL,BOL",hg003,"Ambacht, laboratorium en gezondheidstechniek",sg017,Gezondheidstechniek,23413,Optiek,08,Specialistisch vakmanschap
10337,Vakbekwaam Audicien,3,vakopleiding,"BBL,BOL",hg003,"Ambacht, laboratorium en gezondheidstechniek",sg017,Gezondheidstechniek,23388,Audiciens,08,Specialistisch vakmanschap
10338,Assistent Audicien,2,basisberoepsopleiding,"BBL,BOL",hg003,"Ambacht, laboratorium en gezondheidstechniek",sg017,Gezondheidstechniek,23388,Audiciens,08,Specialistisch vakmanschap
10339,Praktijkopleiders/Voorlieden,4,specialistenopleiding,BBL,hg017,Zorg en welzijn,sg039,Pedagogisch werk,23320,Praktijkopleider,03,"Zorg, welzijn en sport"
10340,Grafisch Management,4,middenkaderopleiding,"BBL,BOL",hg009,Media en vormgeving,sg033,Mediavormgeving,23356,Mediamanagement,05,Ict en creatieve industrie
10341,Multimedia Vormgever,4,middenkaderopleiding,"BBL,BOL",hg009,Media en vormgeving,sg033,Mediavormgeving,23257,Mediavormgeving,05,Ict en creatieve industrie
10342,Grafisch Vormgever,4,middenkaderopleiding,"BBL,BOL",hg009,Media en vormgeving,sg033,Mediavormgeving,23257,Mediavormgeving,05,Ict en creatieve industrie
10343,Grafisch Intermediair,4,middenkaderopleiding,"BBL,BOL",hg009,Media en vormgeving,sg033,Mediavormgeving,23356,Mediamanagement,05,Ict en creatieve industrie
10344,Audiovisueel Medewerker,3,vakopleiding,"BBL,BOL",hg009,Media en vormgeving,sg032,Mediatechniek,23294,AV-productie,05,Ict en creatieve industrie
10345,Boekbinder,3,vakopleiding,"BBL,BOL",hg009,Media en vormgeving,sg032,Mediatechniek,23242,Printmedia,05,Ict en creatieve industrie
10346,Uitgaafbinder,3,vakopleiding,"BBL,BOL",hg009,Media en vormgeving,sg032,Mediatechniek,23242,Printmedia,05,Ict en creatieve industrie
10347,Brocheerder,3,vakopleiding,"BBL,BOL",hg009,Media en vormgeving,sg032,Mediatechniek,23242,Printmedia,05,Ict en creatieve industrie
10348,Vellenbewerker,3,vakopleiding,"BBL,BOL",hg009,Media en vormgeving,sg032,Mediatechniek,23242,Printmedia,05,Ict en creatieve industrie
10349,Zeefdrukker,3,vakopleiding,"BBL,BOL",hg009,Media en vormgeving,sg032,Mediatechniek,23242,Printmedia,05,Ict en creatieve industrie
10350,Flexodrukker,3,vakopleiding,"BBL,BOL",hg009,Media en vormgeving,sg032,Mediatechniek,23242,Printmedia,05,Ict en creatieve industrie
10351,Diepdrukker,3,vakopleiding,"BBL,BOL",hg009,Media en vormgeving,sg032,Mediatechniek,23242,Printmedia,05,Ict en creatieve industrie
10352,Offsetdrukker,3,vakopleiding,"BBL,BOL",hg009,Media en vormgeving,sg032,Mediatechniek,23242,Printmedia,05,Ict en creatieve industrie
10353,Elektronisch Voorbereider,3,vakopleiding,"BBL,BOL",hg009,Media en vormgeving,sg032,Mediatechniek,23242,Printmedia,05,Ict en creatieve industrie
10354,Behoudsmedewerker,2,basisberoepsopleiding,"BBL,BOL",hg003,"Ambacht, laboratorium en gezondheidstechniek",sg003,Ambachtelijke techniek,23217,Creatief Vakmanschap,08,Specialistisch vakmanschap
10355,Verpakkingsoperator,2,basisberoepsopleiding,"BBL,BOL",hg009,Media en vormgeving,sg032,Mediatechniek,23242,Printmedia,05,Ict en creatieve industrie
10356,Basisnabewerker,2,basisberoepsopleiding,"BBL,BOL",hg009,Media en vormgeving,sg032,Mediatechniek,23242,Printmedia,05,Ict en creatieve industrie
10357,Basisdrukker,2,basisberoepsopleiding,"BBL,BOL",hg009,Media en vormgeving,sg032,Mediatechniek,23242,Printmedia,05,Ict en creatieve industrie
10358,Basisvoorbereider,2,basisberoepsopleiding,"BBL,BOL",hg009,Media en vormgeving,sg032,Mediatechniek,23237,Mediamaken,05,Ict en creatieve industrie
10359,Grafisch Assistent,1,entreeopleiding,"BBL,BOL",hg009,Media en vormgeving,sg032,Mediatechniek,23242,Printmedia,05,Ict en creatieve industrie
10360,Middenkader Medewerker Productie,4,middenkaderopleiding,"BBL,BOL",hg006,Handel en ondernemerschap,sg035,Mode en interieurindustrie,23279,Fashion,04,Handel
10361,Middenkader Medewerker Ontwikkeling,4,middenkaderopleiding,"BBL,BOL",hg006,Handel en ondernemerschap,sg035,Mode en interieurindustrie,23279,Fashion,04,Handel
10362,Middenkader Medewerker Commercie,4,middenkaderopleiding,"BBL,BOL",hg006,Handel en ondernemerschap,sg035,Mode en interieurindustrie,23279,Fashion,04,Handel
10363,Medewerker Grootvak Maatkleding,3,vakopleiding,"BBL,BOL",hg006,Handel en ondernemerschap,sg035,Mode en interieurindustrie,23279,Fashion,04,Handel
10364,Eerste Medewerker Naai-/Perszaal,3,vakopleiding,"BBL,BOL",hg006,Handel en ondernemerschap,sg035,Mode en interieurindustrie,23279,Fashion,04,Handel
10365,Eerste Medewerker Snijzaal,3,vakopleiding,"BBL,BOL",hg006,Handel en ondernemerschap,sg035,Mode en interieurindustrie,23279,Fashion,04,Handel
10366,Ondernemer/Middenkader Medewerker Breedvak Maatkleding,4,middenkaderopleiding,"BBL,BOL",hg006,Handel en ondernemerschap,sg035,Mode en interieurindustrie,23279,Fashion,04,Handel
10367,Specialist Veredeling,3,vakopleiding,"BBL,BOL",hg011,Techniek en procesindustrie,sg040,Procestechniek,23305,Industriële processen,01,Techniek en gebouwde omgeving
10368,Monteur Mechanische Verwerking,3,vakopleiding,"BBL,BOL",hg011,Techniek en procesindustrie,sg040,Procestechniek,23305,Industriële processen,01,Techniek en gebouwde omgeving
10369,Specialist Mechanische Verwerking,3,vakopleiding,"BBL,BOL",hg011,Techniek en procesindustrie,sg040,Procestechniek,23305,Industriële processen,01,Techniek en gebouwde omgeving
10370,Uitvoerend Medewerker Kleinvak Maatkleding,2,basisberoepsopleiding,"BBL,BOL",hg006,Handel en ondernemerschap,sg035,Mode en interieurindustrie,23280,Fashionatelier,04,Handel
10371,Uitvoerend Medewerker Naai-/Perszaal,2,basisberoepsopleiding,"BBL,BOL",hg006,Handel en ondernemerschap,sg035,Mode en interieurindustrie,23280,Fashionatelier,04,Handel
10372,Uitvoerend Medewerker Snijzaal,2,basisberoepsopleiding,"BBL,BOL",hg006,Handel en ondernemerschap,sg035,Mode en interieurindustrie,23280,Fashionatelier,04,Handel
10373,Operator Filament- en Vezelvervaardiging,2,basisberoepsopleiding,"BBL,BOL",hg011,Techniek en procesindustrie,sg040,Procestechniek,23305,Industriële processen,01,Techniek en gebouwde omgeving
10374,Operator Veredeling,2,basisberoepsopleiding,"BBL,BOL",hg011,Techniek en procesindustrie,sg040,Procestechniek,23305,Industriële processen,01,Techniek en gebouwde omgeving
10375,Operator Garenverwerking,2,basisberoepsopleiding,"BBL,BOL",hg011,Techniek en procesindustrie,sg040,Procestechniek,23305,Industriële processen,01,Techniek en gebouwde omgeving
10376,Operator Vliesstofvervaardiging,2,basisberoepsopleiding,"BBL,BOL",hg011,Techniek en procesindustrie,sg040,Procestechniek,23305,Industriële processen,01,Techniek en gebouwde omgeving
10377,Operator Vezelverwerking,2,basisberoepsopleiding,"BBL,BOL",hg011,Techniek en procesindustrie,sg040,Procestechniek,23305,Industriële processen,01,Techniek en gebouwde omgeving
10378,Assistent Medewerker Naaizaal,1,entreeopleiding,"BBL,BOL",hg002,Entree,sg061,Entree,23301,Entree,09,Entree
10379,Assistent Operator Veredeling,1,entreeopleiding,"BBL,BOL",hg002,Entree,sg061,Entree,23301,Entree,09,Entree
10380,Assistent Operator Garenverwerking,1,entreeopleiding,"BBL,BOL",hg002,Entree,sg061,Entree,23301,Entree,09,Entree
10381,Assistent Operator Vezelverwerking,1,entreeopleiding,"BBL,BOL",hg002,Entree,sg061,Entree,23301,Entree,09,Entree
10382,Middenkaderfunctionaris Recreatie,4,middenkaderopleiding,"BBL,BOL",hg012,Toerisme en recreatie,sg051,Toerisme,23264,"Travel, leisure & hospitality",06,"Voedsel, groen en gastvrijheid"
10383,Middenkaderfunctionaris Toeristische Informatie,4,middenkaderopleiding,"BBL,BOL",hg012,Toerisme en recreatie,sg051,Toerisme,23264,"Travel, leisure & hospitality",06,"Voedsel, groen en gastvrijheid"
10384,Middenkaderfunctionaris Reizen,4,middenkaderopleiding,"BBL,BOL",hg012,Toerisme en recreatie,sg051,Toerisme,23264,"Travel, leisure & hospitality",06,"Voedsel, groen en gastvrijheid"
10385,Afdelingsmanager,4,middenkaderopleiding,"BBL,BOL",hg007,Horeca en bakkerij,sg021,Horeca,23081,Bediening,06,"Voedsel, groen en gastvrijheid"
10386,Horeca-Ondernemer Cafe/Bar en Fast Food,4,middenkaderopleiding,"CBL,COL",hg007,Horeca en bakkerij,sg021,Horeca,23087,Ondernemer horeca/bakkerij,06,"Voedsel, groen en gastvrijheid"
10387,Restaurateur,4,middenkaderopleiding,"BBL,BOL",hg007,Horeca en bakkerij,sg021,Horeca,23081,Bediening,06,"Voedsel, groen en gastvrijheid"
10388,Horeca-ondernemer/-manager,4,middenkaderopleiding,BOL,hg007,Horeca en bakkerij,sg021,Horeca,23087,Ondernemer horeca/bakkerij,06,"Voedsel, groen en gastvrijheid"
10389,Gespecialiseerd Kok,4,specialistenopleiding,BBL,hg007,Horeca en bakkerij,sg021,Horeca,23085,Keuken,06,"Voedsel, groen en gastvrijheid"
10390,Dieetkok,4,specialistenopleiding,BBL,hg007,Horeca en bakkerij,sg021,Horeca,23085,Keuken,06,"Voedsel, groen en gastvrijheid"
10391,Zelfstandig Werkend Medewerker Recreatie,3,vakopleiding,"BBL,BOL",hg012,Toerisme en recreatie,sg051,Toerisme,23264,"Travel, leisure & hospitality",06,"Voedsel, groen en gastvrijheid"
10392,Zelfstandig Werkend Medewerker Toeristische Informatie,3,vakopleiding,"BBL,BOL",hg012,Toerisme en recreatie,sg051,Toerisme,23264,"Travel, leisure & hospitality",06,"Voedsel, groen en gastvrijheid"
10393,Zelfstandig Werkend Medewerker Reizen,3,vakopleiding,"BBL,BOL",hg012,Toerisme en recreatie,sg051,Toerisme,23264,"Travel, leisure & hospitality",06,"Voedsel, groen en gastvrijheid"
10394,Zelfstandig Werkend Gastheer/-vrouw,3,vakopleiding,BBL,hg007,Horeca en bakkerij,sg021,Horeca,23081,Bediening,06,"Voedsel, groen en gastvrijheid"
10395,Zelfstandig Werkend Kok,3,vakopleiding,BBL,hg007,Horeca en bakkerij,sg021,Horeca,23085,Keuken,06,"Voedsel, groen en gastvrijheid"
10396,Medewerker Recreatie,2,basisberoepsopleiding,"BBL,BOL",hg017,Zorg en welzijn,sg060,Basis dienstverlening,23385,Dienstverlening,03,"Zorg, welzijn en sport"
10397,Medewerker Reizen & Toeristische Informatie,2,basisberoepsopleiding,"BBL,BOL",hg012,Toerisme en recreatie,sg051,Toerisme,23264,"Travel, leisure & hospitality",06,"Voedsel, groen en gastvrijheid"
10398,Receptionist,2,basisberoepsopleiding,"BBL,BOL",hg012,Toerisme en recreatie,sg051,Toerisme,23264,"Travel, leisure & hospitality",06,"Voedsel, groen en gastvrijheid"
10399,Gastheer/Gastvrouw,2,basisberoepsopleiding,"BBL,BOL",hg007,Horeca en bakkerij,sg021,Horeca,23081,Bediening,06,"Voedsel, groen en gastvrijheid"
10400,Kok,2,basisberoepsopleiding,"BBL,BOL",hg007,Horeca en bakkerij,sg021,Horeca,23085,Keuken,06,"Voedsel, groen en gastvrijheid"
10401,Bartender,2,basisberoepsopleiding,BOL,hg007,Horeca en bakkerij,sg021,Horeca,23081,Bediening,06,"Voedsel, groen en gastvrijheid"
10402,Fast Food-Specialist,2,basisberoepsopleiding,"BBL,BOL",hg007,Horeca en bakkerij,sg021,Horeca,23084,Fastservice,06,"Voedsel, groen en gastvrijheid"
10403,Horeca-Assistent,1,entreeopleiding,"BBL,BOL",hg002,Entree,sg061,Entree,23301,Entree,09,Entree
10404,Middenkaderfunctionaris Milieutechniek,4,middenkaderopleiding,BOL,hg016,"Voedsel, natuur en leefomgeving",sg036,Natuur en groene ruimte,23234,Advies en onderzoek leefomgeving,06,"Voedsel, groen en gastvrijheid"
10405,Uitvoerend Milieumedewerker,1,entreeopleiding,BBL,hg002,Entree,sg061,Entree,23301,Entree,09,Entree
10406,Middenkaderfunctionaris Medische Laboratoriumtechniek,4,middenkaderopleiding,BOL,hg003,"Ambacht, laboratorium en gezondheidstechniek",sg027,Laboratoriumtechniek,23380,Analisten,01,Techniek en gebouwde omgeving
10407,Middenkaderfunctionaris Chemische Laboratoriumtechniek,4,middenkaderopleiding,BOL,hg003,"Ambacht, laboratorium en gezondheidstechniek",sg027,Laboratoriumtechniek,23380,Analisten,01,Techniek en gebouwde omgeving
10408,Middenkaderfunctionaris Biologische Laboratoriumtechniek,4,middenkaderopleiding,BOL,hg003,"Ambacht, laboratorium en gezondheidstechniek",sg027,Laboratoriumtechniek,23380,Analisten,01,Techniek en gebouwde omgeving
10409,Middenkaderfunctionaris Laboratoriumtechniek,4,middenkaderopleiding,BOL,hg003,"Ambacht, laboratorium en gezondheidstechniek",sg027,Laboratoriumtechniek,23380,Analisten,01,Techniek en gebouwde omgeving
10410,Vakfunctionaris Medische Laboratoriumtechniek,3,vakopleiding,BOL,hg003,"Ambacht, laboratorium en gezondheidstechniek",sg027,Laboratoriumtechniek,23380,Analisten,01,Techniek en gebouwde omgeving
10411,Vakfunctionaris Chemische Laboratoriumtechniek,3,vakopleiding,BOL,hg003,"Ambacht, laboratorium en gezondheidstechniek",sg027,Laboratoriumtechniek,23380,Analisten,01,Techniek en gebouwde omgeving
10412,Vakfunctionaris Biotechniek,3,vakopleiding,BOL,hg003,"Ambacht, laboratorium en gezondheidstechniek",sg027,Laboratoriumtechniek,23380,Analisten,01,Techniek en gebouwde omgeving
10413,Vakfunctionaris Biologische Laboratoriumtechniek,3,vakopleiding,BOL,hg003,"Ambacht, laboratorium en gezondheidstechniek",sg027,Laboratoriumtechniek,23380,Analisten,01,Techniek en gebouwde omgeving
10414,Proefdierverzorger,2,basisberoepsopleiding,BOL,hg016,"Voedsel, natuur en leefomgeving",sg011,Dier,23298,Dierverzorging,06,"Voedsel, groen en gastvrijheid"
10415,Laborant,2,basisberoepsopleiding,BBL,hg003,"Ambacht, laboratorium en gezondheidstechniek",sg027,Laboratoriumtechniek,23380,Analisten,01,Techniek en gebouwde omgeving
10416,Middenkaderfunctionaris Fotonica,4,middenkaderopleiding,BOL,hg009,Media en vormgeving,sg032,Mediatechniek,23294,AV-productie,05,Ict en creatieve industrie
10417,Middenkaderfuctionaris Procestechniek,4,middenkaderopleiding,BOL,hg011,Techniek en procesindustrie,sg040,Procestechniek,23321,Procestechniek,01,Techniek en gebouwde omgeving
10418,Mechanisch Operator C,4,specialistenopleiding,BBL,hg011,Techniek en procesindustrie,sg040,Procestechniek,23321,Procestechniek,01,Techniek en gebouwde omgeving
10419,Procesoperator C,4,specialistenopleiding,BBL,hg011,Techniek en procesindustrie,sg040,Procestechniek,23321,Procestechniek,01,Techniek en gebouwde omgeving
10420,Mechanisch Operator B,3,vakopleiding,"BBL,BOL",hg011,Techniek en procesindustrie,sg040,Procestechniek,23305,Industriële processen,01,Techniek en gebouwde omgeving
10421,Procesoperator B,3,vakopleiding,"BBL,BOL",hg011,Techniek en procesindustrie,sg040,Procestechniek,23305,Industriële processen,01,Techniek en gebouwde omgeving
10422,Operator A,2,basisberoepsopleiding,BOL,hg011,Techniek en procesindustrie,sg040,Procestechniek,23305,Industriële processen,01,Techniek en gebouwde omgeving
10423,Mechanisch Operator A,2,basisberoepsopleiding,BBL,hg011,Techniek en procesindustrie,sg040,Procestechniek,23305,Industriële processen,01,Techniek en gebouwde omgeving
10424,Procesoperator A,2,basisberoepsopleiding,BBL,hg011,Techniek en procesindustrie,sg040,Procestechniek,23305,Industriële processen,01,Techniek en gebouwde omgeving
10425,Basisoperator,1,entreeopleiding,BBL,hg002,Entree,sg061,Entree,23301,Entree,09,Entree
10426,Verpleegkundige,4,middenkaderopleiding,"BBL,BOL",hg017,Zorg en welzijn,sg052,Verpleging en verzorging,23267,Mbo-Verpleegkundige,03,"Zorg, welzijn en sport"
10427,Verzorgende,3,vakopleiding,"BBL,BOL",hg017,Zorg en welzijn,sg052,Verpleging en verzorging,23268,verzorgende-IG,03,"Zorg, welzijn en sport"
10428,Helpende,2,basisberoepsopleiding,"BBL,BOL",hg017,Zorg en welzijn,sg060,Basis dienstverlening,23385,Dienstverlening,03,"Zorg, welzijn en sport"
10429,Praktijkopleider,4,specialistenopleiding,BBL,hg017,Zorg en welzijn,sg039,Pedagogisch werk,23320,Praktijkopleider,03,"Zorg, welzijn en sport"
10430,Sport- en Bewegingsleider,4,middenkaderopleiding,BOL,hg015,Veiligheid en sport,sg048,Sport en bewegen,23366,Sport en Bewegen,03,"Zorg, welzijn en sport"
10431,Sociaal Dienstverlener,4,middenkaderopleiding,"BBL,BOL",hg017,Zorg en welzijn,sg030,Maatschappelijke zorg,23384,Sociaal werk,03,"Zorg, welzijn en sport"
10432,Sociaal Cultureel Werker,4,middenkaderopleiding,"BBL,BOL",hg017,Zorg en welzijn,sg030,Maatschappelijke zorg,23384,Sociaal werk,03,"Zorg, welzijn en sport"
10433,Sociaal Pedagogisch Werker,4,middenkaderopleiding,"BBL,BOL",hg017,Zorg en welzijn,sg039,Pedagogisch werk,23285,Pedagogisch werk,03,"Zorg, welzijn en sport"
10434,Activiteitenbegeleider,4,middenkaderopleiding,"BBL,BOL",hg017,Zorg en welzijn,sg039,Pedagogisch werk,23285,Pedagogisch werk,03,"Zorg, welzijn en sport"
10435,Apothekersassistent,4,middenkaderopleiding,"BBL,BOL",hg017,Zorg en welzijn,sg016,Gezondheidsondersteuning,23265,Apothekersassistent,03,"Zorg, welzijn en sport"
10436,Tandartsassistent,4,middenkaderopleiding,BOL,hg017,Zorg en welzijn,sg016,Gezondheidsondersteuning,23286,Tandartsassistent,03,"Zorg, welzijn en sport"
10437,Doktersassistent,4,middenkaderopleiding,BOL,hg017,Zorg en welzijn,sg016,Gezondheidsondersteuning,23284,Doktersassistent,03,"Zorg, welzijn en sport"
10438,"Medewerker Facilitaire Dienstverlening, Niveau 4",4,middenkaderopleiding,BOL,hg007,Horeca en bakkerij,sg015,Facilitaire dienstverlening,23247,Facilitaire dienstverlening,06,"Voedsel, groen en gastvrijheid"
10439,Leidster Kindercentra M/V,3,vakopleiding,BBL,hg017,Zorg en welzijn,sg039,Pedagogisch werk,23285,Pedagogisch werk,03,"Zorg, welzijn en sport"
10440,"Medewerker Facilitaire Dienstverlening, Niveau 2",2,basisberoepsopleiding,BOL,hg017,Zorg en welzijn,sg060,Basis dienstverlening,23385,Dienstverlening,06,"Voedsel, groen en gastvrijheid"
10441,Voedingsassistent,2,basisberoepsopleiding,BBL,hg017,Zorg en welzijn,sg060,Basis dienstverlening,23385,Dienstverlening,03,"Zorg, welzijn en sport"
10442,Middenkaderfunctionaris Geodesie,4,middenkaderopleiding,BOL,hg004,Bouw en infra,sg004,Bouwkunde,23353,Middenkader bouw en infra,01,Techniek en gebouwde omgeving
10443,"Middenkaderfunctionaris Grond-, Water- en Wegenbouw",4,middenkaderopleiding,BOL,hg004,Bouw en infra,sg004,Bouwkunde,23353,Middenkader bouw en infra,01,Techniek en gebouwde omgeving
10444,Machinist Funderingsmachines,3,vakopleiding,BBL,hg004,Bouw en infra,sg024,Infrastructuur,23379,Machinisten,01,Techniek en gebouwde omgeving
10445,Machinist Torenkraan,3,vakopleiding,BBL,hg004,Bouw en infra,sg024,Infrastructuur,23379,Machinisten,01,Techniek en gebouwde omgeving
10446,Machinist Mobiele Kraan,3,vakopleiding,BBL,hg004,Bouw en infra,sg024,Infrastructuur,23379,Machinisten,01,Techniek en gebouwde omgeving
10447,Machinist Wegenbouwmachines,3,vakopleiding,BBL,hg004,Bouw en infra,sg024,Infrastructuur,23379,Machinisten,01,Techniek en gebouwde omgeving
10448,Machinist Grondverzetmachines,3,vakopleiding,BBL,hg004,Bouw en infra,sg024,Infrastructuur,23379,Machinisten,01,Techniek en gebouwde omgeving
10449,Middenkaderfunctionaris Machinale Wegenbouw,4,middenkaderopleiding,BOL,hg004,Bouw en infra,sg004,Bouwkunde,23353,Middenkader bouw en infra,01,Techniek en gebouwde omgeving
10450,"Machinist Grond-, Water- en Wegenbouw",3,vakopleiding,BOL,hg004,Bouw en infra,sg024,Infrastructuur,23379,Machinisten,01,Techniek en gebouwde omgeving
10451,Monteur GWW-machines SOMA,3,vakopleiding,BOL,hg010,Mobiliteit en voertuigen,sg034,Mobiliteitstechniek,23273,Voertuigen en mobiele werktuigen,02,"Mobiliteit, transport, logistiek en maritiem"
10452,Monteur GWW-machines,3,vakopleiding,BBL,hg010,Mobiliteit en voertuigen,sg034,Mobiliteitstechniek,23273,Voertuigen en mobiele werktuigen,02,"Mobiliteit, transport, logistiek en maritiem"
10453,Buizenlegger,3,vakopleiding,BBL,hg011,Techniek en procesindustrie,sg025,Installatietechniek,23404,Infratechniek,01,Techniek en gebouwde omgeving
10454,Aankomend Buizenlegger,2,basisberoepsopleiding,BBL,hg011,Techniek en procesindustrie,sg025,Installatietechniek,23404,Infratechniek,01,Techniek en gebouwde omgeving
10455,Kabelwerker,2,basisberoepsopleiding,BBL,hg011,Techniek en procesindustrie,sg025,Installatietechniek,23404,Infratechniek,01,Techniek en gebouwde omgeving
10456,Waterbouwer,3,vakopleiding,BBL,hg004,Bouw en infra,sg004,Bouwkunde,23303,"Grond-, water- en wegenbouw",01,Techniek en gebouwde omgeving
10457,Aankomend Waterbouwer,2,basisberoepsopleiding,BBL,hg004,Bouw en infra,sg004,Bouwkunde,23303,"Grond-, water- en wegenbouw",01,Techniek en gebouwde omgeving
10458,Rioleringswerker,3,vakopleiding,BBL,hg004,Bouw en infra,sg004,Bouwkunde,23303,"Grond-, water- en wegenbouw",01,Techniek en gebouwde omgeving
10459,Aankomend Rioleringswerker,2,basisberoepsopleiding,BBL,hg004,Bouw en infra,sg004,Bouwkunde,23303,"Grond-, water- en wegenbouw",01,Techniek en gebouwde omgeving
10460,Wegenwerker,3,vakopleiding,BBL,hg004,Bouw en infra,sg004,Bouwkunde,23303,"Grond-, water- en wegenbouw",01,Techniek en gebouwde omgeving
10461,Aankomend Wegenwerker,2,basisberoepsopleiding,BBL,hg004,Bouw en infra,sg004,Bouwkunde,23303,"Grond-, water- en wegenbouw",01,Techniek en gebouwde omgeving
10462,Straatmaker,3,vakopleiding,BBL,hg004,Bouw en infra,sg004,Bouwkunde,23303,"Grond-, water- en wegenbouw",01,Techniek en gebouwde omgeving
10463,Aankomend Straatmaker,2,basisberoepsopleiding,BBL,hg004,Bouw en infra,sg004,Bouwkunde,23303,"Grond-, water- en wegenbouw",01,Techniek en gebouwde omgeving
10464,Afdelingschef Wonen,4,middenkaderopleiding,"BBL,BOL",hg006,Handel en ondernemerschap,sg031,Management en ondernemerschap,23323,Retail Management,04,Handel
10465,Kaderfunctionaris Meubelstofferen,4,middenkaderopleiding,"BBL,BOL",hg006,Handel en ondernemerschap,sg031,Management en ondernemerschap,23422,Leidinggeven op basis van vakmanschap,04,Handel
10466,Kaderfunctionaris Meubel-/Interieurbouwbedrijf,4,middenkaderopleiding,"BBL,BOL",hg001,"Afbouw, hout en onderhoud",sg022,Hout en meubel,23373,Meubels en (scheeps)interieurs maken,01,Techniek en gebouwde omgeving
10467,Kaderfunctionaris Timmerindustrie,4,middenkaderopleiding,"BBL,BOL",hg006,Handel en ondernemerschap,sg031,Management en ondernemerschap,23422,Leidinggeven op basis van vakmanschap,04,Handel
10468,Kaderfunctionaris Houthandel,4,middenkaderopleiding,"BBL,BOL",hg005,Economie en administratie,sg059,Zakelijke dienstverlening,23354,Commercie,04,Handel
10469,Allround Woningstoffeerder,3,vakopleiding,"BBL,BOL",hg001,"Afbouw, hout en onderhoud",sg022,Hout en meubel,23269,Interieurvakmanschap,04,Handel
10470,Verkoopadviseur Wonen,3,vakopleiding,"BBL,BOL",hg006,Handel en ondernemerschap,sg010,Detailhandel en groothandel,23325,Retail advies,04,Handel
10471,Allround Meubelstoffeerder,3,vakopleiding,"BBL,BOL",hg001,"Afbouw, hout en onderhoud",sg022,Hout en meubel,23348,Meubels stofferen,01,Techniek en gebouwde omgeving
10472,Allround Meubelmaker / Interieurbouwer / Scheepsinterieurbouwer,3,vakopleiding,"BBL,BOL",hg001,"Afbouw, hout en onderhoud",sg022,Hout en meubel,23373,Meubels en (scheeps)interieurs maken,01,Techniek en gebouwde omgeving
10473,Allround Machinaal Houtbewerker Timmer-/Meubelindustrie,3,vakopleiding,"BBL,BOL",hg001,"Afbouw, hout en onderhoud",sg022,Hout en meubel,23373,Meubels en (scheeps)interieurs maken,01,Techniek en gebouwde omgeving
10474,Allround Werkplaatstimmerman,3,vakopleiding,"BBL,BOL",hg001,"Afbouw, hout en onderhoud",sg022,Hout en meubel,23235,Industrieel produceren met hout,01,Techniek en gebouwde omgeving
10475,Allround Gereedschapslijper,3,vakopleiding,"BBL,BOL",hg001,"Afbouw, hout en onderhoud",sg022,Hout en meubel,23373,Meubels en (scheeps)interieurs maken,01,Techniek en gebouwde omgeving
10476,Allround Bestekzoeker,3,vakopleiding,"BBL,BOL",hg013,"Transport, scheepvaart en logistiek",sg028,Logistiek,23309,Logistiek,02,"Mobiliteit, transport, logistiek en maritiem"
10477,Allround Machinaal Houtbewerker Houthandel,3,vakopleiding,"BBL,BOL",hg001,"Afbouw, hout en onderhoud",sg022,Hout en meubel,23373,Meubels en (scheeps)interieurs maken,01,Techniek en gebouwde omgeving
10478,Parketlegger,2,basisberoepsopleiding,"BBL,BOL",hg001,"Afbouw, hout en onderhoud",sg022,Hout en meubel,23269,Interieurvakmanschap,04,Handel
10479,Woningstoffeerder,2,basisberoepsopleiding,"BBL,BOL",hg001,"Afbouw, hout en onderhoud",sg022,Hout en meubel,23269,Interieurvakmanschap,04,Handel
10480,Verkoper Wonen,2,basisberoepsopleiding,"BBL,BOL",hg006,Handel en ondernemerschap,sg010,Detailhandel en groothandel,23324,Retail operationeel,04,Handel
10481,Meubelstoffeerder,2,basisberoepsopleiding,"BBL,BOL",hg001,"Afbouw, hout en onderhoud",sg022,Hout en meubel,23348,Meubels stofferen,01,Techniek en gebouwde omgeving
10482,Meubelmaker / Interieurbouwer / Scheepsinterieurbouwer,2,basisberoepsopleiding,"BBL,BOL",hg001,"Afbouw, hout en onderhoud",sg022,Hout en meubel,23373,Meubels en (scheeps)interieurs maken,01,Techniek en gebouwde omgeving
10483,Machinaal Houtbewerker Timmerindustrie/Meubelindustrie,2,basisberoepsopleiding,"BBL,BOL",hg001,"Afbouw, hout en onderhoud",sg022,Hout en meubel,23373,Meubels en (scheeps)interieurs maken,01,Techniek en gebouwde omgeving
10484,Werkplaatstimmerman,2,basisberoepsopleiding,"BBL,BOL",hg001,"Afbouw, hout en onderhoud",sg022,Hout en meubel,23235,Industrieel produceren met hout,01,Techniek en gebouwde omgeving
10485,Gereedschapslijper,2,basisberoepsopleiding,"BBL,BOL",hg001,"Afbouw, hout en onderhoud",sg022,Hout en meubel,23373,Meubels en (scheeps)interieurs maken,01,Techniek en gebouwde omgeving
10486,Bestekzoeker,2,basisberoepsopleiding,"BBL,BOL",hg013,"Transport, scheepvaart en logistiek",sg028,Logistiek,23309,Logistiek,02,"Mobiliteit, transport, logistiek en maritiem"
10487,Machinaal Houtbewerker Houthandel,2,basisberoepsopleiding,"BBL,BOL",hg001,"Afbouw, hout en onderhoud",sg022,Hout en meubel,23373,Meubels en (scheeps)interieurs maken,01,Techniek en gebouwde omgeving
10488,Vloerenstoffeerder,1,entreeopleiding,"BBL,BOL",hg001,"Afbouw, hout en onderhoud",sg022,Hout en meubel,23269,Interieurvakmanschap,04,Handel
10489,Assistent Verkoper Wonen,1,entreeopleiding,"BBL,BOL",hg002,Entree,sg061,Entree,23301,Entree,09,Entree
10490,Montagemedewerker Timmerindustrie,1,entreeopleiding,"BBL,BOL",hg002,Entree,sg061,Entree,23301,Entree,09,Entree
10491,Assistent Machinaal Houtbewerker,1,entreeopleiding,"BBL,BOL",hg002,Entree,sg061,Entree,23301,Entree,09,Entree
10492,Assistent Bestekzoeker,1,entreeopleiding,"BBL,BOL",hg002,Entree,sg061,Entree,23301,Entree,09,Entree
10493,Specialist Banketbakker,4,specialistenopleiding,BBL,hg007,Horeca en bakkerij,sg005,Brood en banket,23318,Patisserie,06,"Voedsel, groen en gastvrijheid"
10494,Leidinggevende,4,middenkaderopleiding,"BBL,BOL",hg007,Horeca en bakkerij,sg021,Horeca,23087,Ondernemer horeca/bakkerij,06,"Voedsel, groen en gastvrijheid"
10495,Specialist Broodbakker,4,specialistenopleiding,BBL,hg007,Horeca en bakkerij,sg005,Brood en banket,23295,Brood en banket,06,"Voedsel, groen en gastvrijheid"
10496,All-Round Banketbakker,3,vakopleiding,"BBL,BOL",hg007,Horeca en bakkerij,sg005,Brood en banket,23295,Brood en banket,06,"Voedsel, groen en gastvrijheid"
10497,All-Round Brood- en Banketbakker,3,vakopleiding,"BBL,BOL",hg007,Horeca en bakkerij,sg005,Brood en banket,23295,Brood en banket,06,"Voedsel, groen en gastvrijheid"
10498,All-Round Broodbakker,3,vakopleiding,"BBL,BOL",hg007,Horeca en bakkerij,sg005,Brood en banket,23295,Brood en banket,06,"Voedsel, groen en gastvrijheid"
10499,Banketbakker,2,basisberoepsopleiding,"BBL,BOL",hg007,Horeca en bakkerij,sg005,Brood en banket,23295,Brood en banket,06,"Voedsel, groen en gastvrijheid"
10500,Brood- en Banketbakker,2,basisberoepsopleiding,"BBL,BOL",hg007,Horeca en bakkerij,sg005,Brood en banket,23295,Brood en banket,06,"Voedsel, groen en gastvrijheid"
10501,Broodbakker,2,basisberoepsopleiding,"BBL,BOL",hg007,Horeca en bakkerij,sg005,Brood en banket,23295,Brood en banket,06,"Voedsel, groen en gastvrijheid"
10502,Banketbakker Grootbedrijf,2,basisberoepsopleiding,"BBL,BOL",hg007,Horeca en bakkerij,sg005,Brood en banket,23295,Brood en banket,06,"Voedsel, groen en gastvrijheid"
10503,Broodbakker Grootbedrijf,2,basisberoepsopleiding,"BBL,BOL",hg007,Horeca en bakkerij,sg005,Brood en banket,23295,Brood en banket,06,"Voedsel, groen en gastvrijheid"
10504,Assistent Bakker,1,entreeopleiding,"BBL,BOL",hg002,Entree,sg061,Entree,23301,Entree,09,Entree
10505,Voetverzorger,3,vakopleiding,BOL,hg014,Uiterlijke verzorging,sg056,Voetverzorging,23283,Voetzorg,03,"Zorg, welzijn en sport"
10506,Schoonheidsspecialist,3,vakopleiding,BOL,hg014,Uiterlijke verzorging,sg046,Schoonheidsverzorging,23365,Schoonheidsverzorging,03,"Zorg, welzijn en sport"
10507,All-Round Kapper,3,vakopleiding,"BBL,BOL",hg014,Uiterlijke verzorging,sg019,Haarverzorging,23263,Haarverzorging,06,"Voedsel, groen en gastvrijheid"
10508,Kapper,2,basisberoepsopleiding,"BBL,BOL",hg014,Uiterlijke verzorging,sg019,Haarverzorging,23263,Haarverzorging,06,"Voedsel, groen en gastvrijheid"
10509,Leidinggevende Vleesbe- en -verwerkende Industrie,4,middenkaderopleiding,"BBL,BOL",hg016,"Voedsel, natuur en leefomgeving",sg053,Verse voeding,23226,Vers: leidinggeven & industrie,06,"Voedsel, groen en gastvrijheid"
10510,Produktievakkracht Vleesbe- en -verwerkende Industrie,3,vakopleiding,"BBL,BOL",hg016,"Voedsel, natuur en leefomgeving",sg053,Verse voeding,23227,Vers: vakmanschap & industrie,06,"Voedsel, groen en gastvrijheid"
10511,Produktiemedewerker Vleesbe- en -Verwerkende Industrie,2,basisberoepsopleiding,"BBL,BOL",hg016,"Voedsel, natuur en leefomgeving",sg053,Verse voeding,23227,Vers: vakmanschap & industrie,06,"Voedsel, groen en gastvrijheid"
10512,Produktie-assistent Vleesbe- en -verwerkende Industrie,1,entreeopleiding,"BBL,BOL",hg002,Entree,sg061,Entree,23301,Entree,09,Entree
10513,Islamitische Slager,3,vakopleiding,"BBL,BOL",hg016,"Voedsel, natuur en leefomgeving",sg053,Verse voeding,23288,Vers: vakmanschap & ambacht,06,"Voedsel, groen en gastvrijheid"
10514,Medewerker Islamitische Slagerij,2,basisberoepsopleiding,"BBL,BOL",hg016,"Voedsel, natuur en leefomgeving",sg053,Verse voeding,23288,Vers: vakmanschap & ambacht,06,"Voedsel, groen en gastvrijheid"
10515,Assistent Islamitische Slagerij,1,entreeopleiding,"BBL,BOL",hg002,Entree,sg061,Entree,23301,Entree,09,Entree
10516,Manager Vleesdetailhandel,4,middenkaderopleiding,"BBL,BOL",hg016,"Voedsel, natuur en leefomgeving",sg053,Verse voeding,23287,Vers: leidinggeven & ambacht,06,"Voedsel, groen en gastvrijheid"
10517,Chef Vleesdetailhandel,3,vakopleiding,"BBL,BOL",hg016,"Voedsel, natuur en leefomgeving",sg053,Verse voeding,23287,Vers: leidinggeven & ambacht,06,"Voedsel, groen en gastvrijheid"
10518,Traiteur,3,vakopleiding,"BBL,BOL",hg016,"Voedsel, natuur en leefomgeving",sg053,Verse voeding,23288,Vers: vakmanschap & ambacht,06,"Voedsel, groen en gastvrijheid"
10519,Vleeswarenbereider,3,vakopleiding,"BBL,BOL",hg016,"Voedsel, natuur en leefomgeving",sg053,Verse voeding,23288,Vers: vakmanschap & ambacht,06,"Voedsel, groen en gastvrijheid"
10520,Vleesbewerker,3,vakopleiding,"BBL,BOL",hg016,"Voedsel, natuur en leefomgeving",sg053,Verse voeding,23288,Vers: vakmanschap & ambacht,06,"Voedsel, groen en gastvrijheid"
10521,Winkelslager,3,vakopleiding,"BBL,BOL",hg016,"Voedsel, natuur en leefomgeving",sg053,Verse voeding,23288,Vers: vakmanschap & ambacht,06,"Voedsel, groen en gastvrijheid"
10522,Produktiemedewerker Vleesbe- en -verwerkende Detailhandel,2,basisberoepsopleiding,"BBL,BOL",hg016,"Voedsel, natuur en leefomgeving",sg053,Verse voeding,23227,Vers: vakmanschap & industrie,06,"Voedsel, groen en gastvrijheid"
10523,Verkoopmedewerker Vleesdetailhandel,2,basisberoepsopleiding,"BBL,BOL",hg016,"Voedsel, natuur en leefomgeving",sg053,Verse voeding,23288,Vers: vakmanschap & ambacht,06,"Voedsel, groen en gastvrijheid"
10524,Verwarmingsmonteur (VM),3,vakopleiding,BBL,hg011,Techniek en procesindustrie,sg058,Werktuigbouwkunde,23333,Werktuigkundige installaties (montage),01,Techniek en gebouwde omgeving
10525,Tekenaar Gebouwinstallaties (TGIsan),2,basisberoepsopleiding,"BBL,BOL",hg011,Techniek en procesindustrie,sg013,Elektrotechniek,23123,Technisch tekenen,01,Techniek en gebouwde omgeving
10526,Tekenaar Gebouwinstallaties (TGIsan/cv/vent),2,basisberoepsopleiding,"BBL,BOL",hg011,Techniek en procesindustrie,sg013,Elektrotechniek,23123,Technisch tekenen,01,Techniek en gebouwde omgeving
10527,Tekenaar Gebouwinstallaties (TGIcv/vent),2,basisberoepsopleiding,"BBL,BOL",hg011,Techniek en procesindustrie,sg013,Elektrotechniek,23123,Technisch tekenen,01,Techniek en gebouwde omgeving
10528,Servicetechnicus (ST),4,specialistenopleiding,BBL,hg011,Techniek en procesindustrie,sg025,Installatietechniek,23329,Service- en onderhoudstechniek,01,Techniek en gebouwde omgeving
10529,Servicemonteur Verwarmingstechniek (SEMv),3,vakopleiding,BBL,hg011,Techniek en procesindustrie,sg025,Installatietechniek,23329,Service- en onderhoudstechniek,01,Techniek en gebouwde omgeving
10530,Servicemonteur Koudetechniek (SEMk),3,vakopleiding,"BBL,BOL",hg011,Techniek en procesindustrie,sg025,Installatietechniek,23427,Koude- en klimaatsystemen,01,Techniek en gebouwde omgeving
10531,Servicemonteur Installatietechniek (SEMi),3,vakopleiding,BBL,hg011,Techniek en procesindustrie,sg025,Installatietechniek,23329,Service- en onderhoudstechniek,01,Techniek en gebouwde omgeving
10532,Projectleider Koudetechniek (PLk),3,vakopleiding,"BBL,BOL",hg004,Bouw en infra,sg004,Bouwkunde,23058,Werkvoorbereiden/uitvoeren,01,Techniek en gebouwde omgeving
10533,Onderhoudsmonteur Verwarmingstechniek (OMv),3,vakopleiding,BBL,hg011,Techniek en procesindustrie,sg025,Installatietechniek,23329,Service- en onderhoudstechniek,01,Techniek en gebouwde omgeving
10534,Onderhoudsmonteur Installatietechniek (OMi),2,basisberoepsopleiding,BBL,hg011,Techniek en procesindustrie,sg025,Installatietechniek,23329,Service- en onderhoudstechniek,01,Techniek en gebouwde omgeving
10535,Monteur Koudetechniek (Mk),2,basisberoepsopleiding,BBL,hg011,Techniek en procesindustrie,sg025,Installatietechniek,23427,Koude- en klimaatsystemen,01,Techniek en gebouwde omgeving
10536,Montage-Assistent Verwarmingstechniek (MASv),1,entreeopleiding,"BBL,BOL",hg002,Entree,sg061,Entree,23301,Entree,09,Entree
10537,Montage-Assistent Koudetechniek (MASk),1,entreeopleiding,"BBL,BOL",hg002,Entree,sg061,Entree,23301,Entree,09,Entree
10538,Montage-Assistent Installatietechniek (MASi),1,entreeopleiding,"BBL,BOL",hg002,Entree,sg061,Entree,23301,Entree,09,Entree
10539,Montage-Assistent Distributietechniek (MASd),1,entreeopleiding,"BBL,BOL",hg002,Entree,sg061,Entree,23301,Entree,09,Entree
10540,Installatiemonteur met Specialisatie Utiliteit (IMu),3,vakopleiding,BBL,hg011,Techniek en procesindustrie,sg058,Werktuigbouwkunde,23333,Werktuigkundige installaties (montage),01,Techniek en gebouwde omgeving
10541,Installatiemonteur met Specialisatie Woningbouw (IMw),3,vakopleiding,BBL,hg011,Techniek en procesindustrie,sg058,Werktuigbouwkunde,23333,Werktuigkundige installaties (montage),01,Techniek en gebouwde omgeving
10542,Installatiemonteur met specialisatie Dakbedekking (IMd),3,vakopleiding,BBL,hg011,Techniek en procesindustrie,sg058,Werktuigbouwkunde,23333,Werktuigkundige installaties (montage),01,Techniek en gebouwde omgeving
10543,Distributiemonteur Water (DMw),3,vakopleiding,BBL,hg011,Techniek en procesindustrie,sg025,Installatietechniek,23404,Infratechniek,01,Techniek en gebouwde omgeving
10544,Distributiemonteur Gas (DMg),3,vakopleiding,BBL,hg011,Techniek en procesindustrie,sg025,Installatietechniek,23404,Infratechniek,01,Techniek en gebouwde omgeving
10545,Dakbedekkingsmonteur(DAKM),3,vakopleiding,BBL,hg004,Bouw en infra,sg004,Bouwkunde,23352,Dakdekken,01,Techniek en gebouwde omgeving
10546,Assistent Verwarmingsmonteur (AVM),2,basisberoepsopleiding,"BBL,BOL",hg011,Techniek en procesindustrie,sg058,Werktuigbouwkunde,23333,Werktuigkundige installaties (montage),01,Techniek en gebouwde omgeving
10547,Aankomend Projecttechnicus Gebouwinstallaties (APGsan),3,vakopleiding,"BBL,BOL",hg004,Bouw en infra,sg004,Bouwkunde,23058,Werkvoorbereiden/uitvoeren,01,Techniek en gebouwde omgeving
10548,Aankomend Projecttechnicus Gebouwinstallaties (APGsan/cv/ac),3,vakopleiding,"BBL,BOL",hg004,Bouw en infra,sg004,Bouwkunde,23058,Werkvoorbereiden/uitvoeren,01,Techniek en gebouwde omgeving
10549,Aankomend Ontwerptechnicus Gebouwinstallaties (AOGsan/cv/ac),3,vakopleiding,"BBL,BOL",hg004,Bouw en infra,sg004,Bouwkunde,23058,Werkvoorbereiden/uitvoeren,01,Techniek en gebouwde omgeving
10550,Aankomend Ontwerptechnicus Gebouwinstallaties (AOGsan),3,vakopleiding,"BBL,BOL",hg004,Bouw en infra,sg004,Bouwkunde,23058,Werkvoorbereiden/uitvoeren,01,Techniek en gebouwde omgeving
10551,Assistent Installatiemonteur (AIMv),2,basisberoepsopleiding,"BBL,BOL",hg011,Techniek en procesindustrie,sg058,Werktuigbouwkunde,23333,Werktuigkundige installaties (montage),01,Techniek en gebouwde omgeving
10552,Assistent Installatiemonteur (AIMdv),2,basisberoepsopleiding,"BBL,BOL",hg011,Techniek en procesindustrie,sg025,Installatietechniek,23329,Service- en onderhoudstechniek,01,Techniek en gebouwde omgeving
10553,Assistent Installatiemonteur (AIMd),2,basisberoepsopleiding,"BBL,BOL",hg011,Techniek en procesindustrie,sg058,Werktuigbouwkunde,23333,Werktuigkundige installaties (montage),01,Techniek en gebouwde omgeving
10554,Assistent Distributiemonteur Water (ADMw),2,basisberoepsopleiding,BBL,hg011,Techniek en procesindustrie,sg025,Installatietechniek,23404,Infratechniek,01,Techniek en gebouwde omgeving
10555,Assistent Distributiemonteur Gas (ADMg),2,basisberoepsopleiding,BBL,hg011,Techniek en procesindustrie,sg025,Installatietechniek,23404,Infratechniek,01,Techniek en gebouwde omgeving
10556,Assistent Dakbedekkingsmonteur (ADAK),2,basisberoepsopleiding,BBL,hg004,Bouw en infra,sg004,Bouwkunde,23352,Dakdekken,01,Techniek en gebouwde omgeving
10557,Zelfstandig beroepsbeoefenaar hoefsmid,3,vakopleiding,BBL,hg016,"Voedsel, natuur en leefomgeving",sg011,Dier,23367,Hoefsmederij,06,"Voedsel, groen en gastvrijheid"
10558,Kaderfunctionaris milieutoezicht,4,middenkaderopleiding,BOL,hg016,"Voedsel, natuur en leefomgeving",sg036,Natuur en groene ruimte,23234,Advies en onderzoek leefomgeving,06,"Voedsel, groen en gastvrijheid"
10559,Gespecialiseerd beroepsbeoefenaar bos- en natuurbeheer,4,specialistenopleiding,BBL,hg016,"Voedsel, natuur en leefomgeving",sg055,"Voeding, teelt en verwerking",23394,Groene ruimte,06,"Voedsel, groen en gastvrijheid"
10560,Kaderfunctionaris bos- en natuurbeheer,4,middenkaderopleiding,BOL,hg016,"Voedsel, natuur en leefomgeving",sg055,"Voeding, teelt en verwerking",23394,Groene ruimte,06,"Voedsel, groen en gastvrijheid"
10561,"Gespecialiseerd beroepsbeoefenaar land-, water- en milieubeheer",4,specialistenopleiding,BBL,hg016,"Voedsel, natuur en leefomgeving",sg036,Natuur en groene ruimte,23234,Advies en onderzoek leefomgeving,06,"Voedsel, groen en gastvrijheid"
10562,"Kaderfunctionaris land-, water- en milieubeheer",4,middenkaderopleiding,BOL,hg016,"Voedsel, natuur en leefomgeving",sg036,Natuur en groene ruimte,23234,Advies en onderzoek leefomgeving,06,"Voedsel, groen en gastvrijheid"
10563,Gespecialiseerd beroepsbeoefenaar groenbeheer,4,specialistenopleiding,BBL,hg016,"Voedsel, natuur en leefomgeving",sg055,"Voeding, teelt en verwerking",23394,Groene ruimte,06,"Voedsel, groen en gastvrijheid"
10564,Kaderfunctionaris groenbeheer,4,middenkaderopleiding,BOL,hg016,"Voedsel, natuur en leefomgeving",sg055,"Voeding, teelt en verwerking",23394,Groene ruimte,06,"Voedsel, groen en gastvrijheid"
10565,Zelfstandig beroepsbeoefenaar tuincentrum,3,vakopleiding,"BBL,BOL",hg006,Handel en ondernemerschap,sg010,Detailhandel en groothandel,23325,Retail advies,04,Handel
10566,"Zelfstandig beroepsbeoefenaar land, water en milieu",3,vakopleiding,"BBL,BOL",hg016,"Voedsel, natuur en leefomgeving",sg055,"Voeding, teelt en verwerking",23394,Groene ruimte,06,"Voedsel, groen en gastvrijheid"
10567,Zelfstandig beroepsbeoefenaar groot groen,3,vakopleiding,"BBL,BOL",hg016,"Voedsel, natuur en leefomgeving",sg055,"Voeding, teelt en verwerking",23395,"Groen, grond en groene infra",06,"Voedsel, groen en gastvrijheid"
10568,Zelfstandig beroepsbeoefenaar klein groen,3,vakopleiding,"BBL,BOL",hg016,"Voedsel, natuur en leefomgeving",sg055,"Voeding, teelt en verwerking",23394,Groene ruimte,06,"Voedsel, groen en gastvrijheid"
10569,Assistent beroepsbeoefenaar groene ruimte,1,entreeopleiding,BBL,hg002,Entree,sg061,Entree,23301,Entree,09,Entree
10570,Beginnend beroepsbeoefenaar groene ruimte,2,basisberoepsopleiding,"BBL,BOL",hg016,"Voedsel, natuur en leefomgeving",sg055,"Voeding, teelt en verwerking",23395,"Groen, grond en groene infra",06,"Voedsel, groen en gastvrijheid"
10571,Gespecialiseerd beroepsbeoefenaar paardenhouderij en management,4,specialistenopleiding,BBL,hg016,"Voedsel, natuur en leefomgeving",sg011,Dier,23369,Paardensport en -houderij,06,"Voedsel, groen en gastvrijheid"
10572,Kaderfunctionaris paardenhouderij en management,4,middenkaderopleiding,BOL,hg016,"Voedsel, natuur en leefomgeving",sg011,Dier,23369,Paardensport en -houderij,06,"Voedsel, groen en gastvrijheid"
10573,Gespecialiseerd beroepsbeoefenaar paardesport,4,specialistenopleiding,BBL,hg016,"Voedsel, natuur en leefomgeving",sg011,Dier,23369,Paardensport en -houderij,06,"Voedsel, groen en gastvrijheid"
10574,Kaderfunctionaris paardesport,4,middenkaderopleiding,BOL,hg016,"Voedsel, natuur en leefomgeving",sg011,Dier,23369,Paardensport en -houderij,06,"Voedsel, groen en gastvrijheid"
10575,Zelfstandig beroepsbeoefenaar paardenhouderij en paardesport,3,vakopleiding,"BBL,BOL",hg016,"Voedsel, natuur en leefomgeving",sg011,Dier,23369,Paardensport en -houderij,06,"Voedsel, groen en gastvrijheid"
10576,Zelfstandig beroepsbeoefenaar paardenhouderij,3,vakopleiding,"BBL,BOL",hg016,"Voedsel, natuur en leefomgeving",sg011,Dier,23369,Paardensport en -houderij,06,"Voedsel, groen en gastvrijheid"
10577,Beginnend beroepsbeoefenaar paardenhouderij en paardesport,2,basisberoepsopleiding,"BBL,BOL",hg016,"Voedsel, natuur en leefomgeving",sg011,Dier,23298,Dierverzorging,06,"Voedsel, groen en gastvrijheid"
10578,Kaderfunctionaris bd land- en tuinbouw,4,middenkaderopleiding,BOL,hg016,"Voedsel, natuur en leefomgeving",sg055,"Voeding, teelt en verwerking",23393,"Agro productie, handel en technologie",06,"Voedsel, groen en gastvrijheid"
10579,Zelfstandig beroepsbeoefenaar bd land- en tuinbouw,3,vakopleiding,BOL,hg016,"Voedsel, natuur en leefomgeving",sg055,"Voeding, teelt en verwerking",23393,"Agro productie, handel en technologie",06,"Voedsel, groen en gastvrijheid"
10580,Beginnend beroepsbeoefenaar bd land- en tuinbouw,2,basisberoepsopleiding,"BBL,BOL",hg016,"Voedsel, natuur en leefomgeving",sg055,"Voeding, teelt en verwerking",23393,"Agro productie, handel en technologie",06,"Voedsel, groen en gastvrijheid"
10581,Gespecialiseerd beroepsbeoefenaar dierenzorg,4,specialistenopleiding,BBL,hg016,"Voedsel, natuur en leefomgeving",sg011,Dier,23298,Dierverzorging,06,"Voedsel, groen en gastvrijheid"
10582,Kaderfunctionaris dierenzorg,4,middenkaderopleiding,BOL,hg016,"Voedsel, natuur en leefomgeving",sg011,Dier,23298,Dierverzorging,06,"Voedsel, groen en gastvrijheid"
10583,Gespecialiseerd beroepsbeoefenaar dierenonderneming,4,specialistenopleiding,BBL,hg016,"Voedsel, natuur en leefomgeving",sg011,Dier,23298,Dierverzorging,06,"Voedsel, groen en gastvrijheid"
10584,Kaderfunctionaris dierenonderneming,4,middenkaderopleiding,BOL,hg016,"Voedsel, natuur en leefomgeving",sg011,Dier,23298,Dierverzorging,06,"Voedsel, groen en gastvrijheid"
10585,Zelfstandig beroepsbeoefenaar dierenzorg,3,vakopleiding,"BBL,BOL",hg016,"Voedsel, natuur en leefomgeving",sg055,"Voeding, teelt en verwerking",23393,"Agro productie, handel en technologie",06,"Voedsel, groen en gastvrijheid"
10586,Zelfstandig beroepsbeoefenaar dierenonderneming,3,vakopleiding,"BBL,BOL",hg016,"Voedsel, natuur en leefomgeving",sg055,"Voeding, teelt en verwerking",23393,"Agro productie, handel en technologie",06,"Voedsel, groen en gastvrijheid"
10587,Beginnend beroepsbeoefenaar dierverzorging,2,basisberoepsopleiding,"BBL,BOL",hg016,"Voedsel, natuur en leefomgeving",sg011,Dier,23298,Dierverzorging,06,"Voedsel, groen en gastvrijheid"
10588,Specialist bloembinden,4,specialistenopleiding,BBL,hg016,"Voedsel, natuur en leefomgeving",sg055,"Voeding, teelt en verwerking",23289,"Bloem, groen en styling",06,"Voedsel, groen en gastvrijheid"
10589,Middenkaderfunctionaris bloemschikken,4,middenkaderopleiding,BOL,hg016,"Voedsel, natuur en leefomgeving",sg055,"Voeding, teelt en verwerking",23289,"Bloem, groen en styling",06,"Voedsel, groen en gastvrijheid"
10590,Zelfstandig beroepsbeoefenaar handel in plantenteeltprodukten,3,vakopleiding,"BBL,BOL",hg006,Handel en ondernemerschap,sg010,Detailhandel en groothandel,23325,Retail advies,04,Handel
10591,Zelfstandig beroepsbeoefenaar tuincentrum,3,vakopleiding,"BBL,BOL",hg006,Handel en ondernemerschap,sg010,Detailhandel en groothandel,23325,Retail advies,04,Handel
10592,Zelfstandig beroepsbeoefenaar bloemendetailhandel,3,vakopleiding,"BBL,BOL",hg016,"Voedsel, natuur en leefomgeving",sg055,"Voeding, teelt en verwerking",23289,"Bloem, groen en styling",06,"Voedsel, groen en gastvrijheid"
10593,Beginnend beroepsbeoefenaar bloemschikken,2,basisberoepsopleiding,"BBL,BOL",hg016,"Voedsel, natuur en leefomgeving",sg055,"Voeding, teelt en verwerking",23289,"Bloem, groen en styling",06,"Voedsel, groen en gastvrijheid"
10594,Kaderfunctionaris kwaliteitszorg vleesketen,4,middenkaderopleiding,BOL,hg016,"Voedsel, natuur en leefomgeving",sg055,"Voeding, teelt en verwerking",23392,Voeding,06,"Voedsel, groen en gastvrijheid"
10595,Gespecialiseerd beroepsbeoefenaar levensmiddelentechnologie en kwaliteitszorg,4,specialistenopleiding,BBL,hg016,"Voedsel, natuur en leefomgeving",sg055,"Voeding, teelt en verwerking",23392,Voeding,06,"Voedsel, groen en gastvrijheid"
10596,Kaderfunctionaris levensmiddelentechnologie en kwaliteitszorg,4,middenkaderopleiding,BOL,hg016,"Voedsel, natuur en leefomgeving",sg055,"Voeding, teelt en verwerking",23392,Voeding,06,"Voedsel, groen en gastvrijheid"
10597,Kaderfunctionaris levensmiddelentechnologie en produktcontrole,4,middenkaderopleiding,BOL,hg016,"Voedsel, natuur en leefomgeving",sg055,"Voeding, teelt en verwerking",23392,Voeding,06,"Voedsel, groen en gastvrijheid"
10598,Gespecialiseerd beroepsbeoefenaar mengvoederindustrie,4,specialistenopleiding,BBL,hg016,"Voedsel, natuur en leefomgeving",sg055,"Voeding, teelt en verwerking",23392,Voeding,06,"Voedsel, groen en gastvrijheid"
10599,Kaderfunctionaris mengvoederindustrie,4,middenkaderopleiding,BOL,hg016,"Voedsel, natuur en leefomgeving",sg055,"Voeding, teelt en verwerking",23392,Voeding,06,"Voedsel, groen en gastvrijheid"
10600,Kaderfunctionaris levensmiddelentechnologie en milieutechnologie,4,middenkaderopleiding,BOL,hg016,"Voedsel, natuur en leefomgeving",sg055,"Voeding, teelt en verwerking",23392,Voeding,06,"Voedsel, groen en gastvrijheid"
10601,Gespecialiseerd beroepsbeoefenaar levensmiddelen- en produkttechnologie,4,specialistenopleiding,BBL,hg016,"Voedsel, natuur en leefomgeving",sg055,"Voeding, teelt en verwerking",23392,Voeding,06,"Voedsel, groen en gastvrijheid"
10602,Kaderfunctionaris levensmiddelen- en produkttechnologie,4,middenkaderopleiding,BOL,hg016,"Voedsel, natuur en leefomgeving",sg055,"Voeding, teelt en verwerking",23392,Voeding,06,"Voedsel, groen en gastvrijheid"
10603,Zelfstandig beroepsbeoefenaar kwaliteitszorg vlees en vleesverwerking,3,vakopleiding,BOL,hg016,"Voedsel, natuur en leefomgeving",sg055,"Voeding, teelt en verwerking",23392,Voeding,06,"Voedsel, groen en gastvrijheid"
10604,Zelfstandig beroepsbeoefenaar levensmiddelentechnologie,3,vakopleiding,"BBL,BOL",hg016,"Voedsel, natuur en leefomgeving",sg055,"Voeding, teelt en verwerking",23392,Voeding,06,"Voedsel, groen en gastvrijheid"
10605,Assistent beroepsbeoefenaar levensmiddelentechnologie,1,entreeopleiding,"BBL,BOL",hg002,Entree,sg061,Entree,23301,Entree,09,Entree
10606,Beginnend beroepsbeoefenaar levensmiddelentechnologie,2,basisberoepsopleiding,"BBL,BOL",hg016,"Voedsel, natuur en leefomgeving",sg055,"Voeding, teelt en verwerking",23392,Voeding,06,"Voedsel, groen en gastvrijheid"
10607,Kaderfunctionaris kwaliteitszorg vleesketen,4,middenkaderopleiding,BOL,hg016,"Voedsel, natuur en leefomgeving",sg055,"Voeding, teelt en verwerking",23392,Voeding,06,"Voedsel, groen en gastvrijheid"
10608,Kaderfunctionaris veehouderij en milieu,4,middenkaderopleiding,BOL,hg016,"Voedsel, natuur en leefomgeving",sg036,Natuur en groene ruimte,23234,Advies en onderzoek leefomgeving,06,"Voedsel, groen en gastvrijheid"
10609,Kaderfunctionaris veehouderij en handel,4,middenkaderopleiding,BOL,hg016,"Voedsel, natuur en leefomgeving",sg055,"Voeding, teelt en verwerking",23393,"Agro productie, handel en technologie",06,"Voedsel, groen en gastvrijheid"
10610,Gespecialiseerd beroepsbeoefenaar veehouderij en management,4,specialistenopleiding,BBL,hg016,"Voedsel, natuur en leefomgeving",sg055,"Voeding, teelt en verwerking",23393,"Agro productie, handel en technologie",06,"Voedsel, groen en gastvrijheid"
10611,Kaderfunctionaris veehouderij en management,4,middenkaderopleiding,BOL,hg016,"Voedsel, natuur en leefomgeving",sg055,"Voeding, teelt en verwerking",23393,"Agro productie, handel en technologie",06,"Voedsel, groen en gastvrijheid"
10612,Zelfstandig beroepsbeoefenaar kwaliteitszorg vee en vlees,3,vakopleiding,BOL,hg016,"Voedsel, natuur en leefomgeving",sg055,"Voeding, teelt en verwerking",23392,Voeding,06,"Voedsel, groen en gastvrijheid"
10613,Zelfstandig beroepsbeoefenaar pluimveehouderij,3,vakopleiding,"BBL,BOL",hg016,"Voedsel, natuur en leefomgeving",sg011,Dier,23298,Dierverzorging,06,"Voedsel, groen en gastvrijheid"
10614,Zelfstandig beroepsbeoefenaar varkenshouderij,3,vakopleiding,"BBL,BOL",hg016,"Voedsel, natuur en leefomgeving",sg055,"Voeding, teelt en verwerking",23393,"Agro productie, handel en technologie",06,"Voedsel, groen en gastvrijheid"
10615,Zelfstandig beroepsbeoefenaar melkveehouderij,3,vakopleiding,"BBL,BOL",hg016,"Voedsel, natuur en leefomgeving",sg055,"Voeding, teelt en verwerking",23393,"Agro productie, handel en technologie",06,"Voedsel, groen en gastvrijheid"
10616,Beginnend beroepsbeoefenaar veehouderij,2,basisberoepsopleiding,"BBL,BOL",hg016,"Voedsel, natuur en leefomgeving",sg011,Dier,23298,Dierverzorging,06,"Voedsel, groen en gastvrijheid"
10617,Gespecialiseerd beroepsbeoefenaar loonwerk,4,specialistenopleiding,BBL,hg016,"Voedsel, natuur en leefomgeving",sg055,"Voeding, teelt en verwerking",23395,"Groen, grond en groene infra",06,"Voedsel, groen en gastvrijheid"
10618,Kaderfunctionaris plantenteelt en milieu,4,middenkaderopleiding,BOL,hg016,"Voedsel, natuur en leefomgeving",sg055,"Voeding, teelt en verwerking",23393,"Agro productie, handel en technologie",06,"Voedsel, groen en gastvrijheid"
10619,Gespecialiseerd beroepsbeoefenaar plantenteelt en handel,4,specialistenopleiding,BBL,hg016,"Voedsel, natuur en leefomgeving",sg055,"Voeding, teelt en verwerking",23393,"Agro productie, handel en technologie",06,"Voedsel, groen en gastvrijheid"
10620,Kaderfunctionaris plantenteelt en handel,4,middenkaderopleiding,BOL,hg016,"Voedsel, natuur en leefomgeving",sg055,"Voeding, teelt en verwerking",23393,"Agro productie, handel en technologie",06,"Voedsel, groen en gastvrijheid"
10621,Gespecialiseerd beroepsbeoefenaar plantenteelt en management,4,specialistenopleiding,BBL,hg016,"Voedsel, natuur en leefomgeving",sg055,"Voeding, teelt en verwerking",23393,"Agro productie, handel en technologie",06,"Voedsel, groen en gastvrijheid"
10622,Kaderfunctionaris plantenteelt en management,4,middenkaderopleiding,BOL,hg016,"Voedsel, natuur en leefomgeving",sg055,"Voeding, teelt en verwerking",23393,"Agro productie, handel en technologie",06,"Voedsel, groen en gastvrijheid"
10623,Zelfstandig beroepsbeoefenaar paddestoelenteelt,3,vakopleiding,"BBL,BOL",hg016,"Voedsel, natuur en leefomgeving",sg055,"Voeding, teelt en verwerking",23393,"Agro productie, handel en technologie",06,"Voedsel, groen en gastvrijheid"
10624,Zelfstandig beroepsbeoefenaar loonwerk,3,vakopleiding,"BBL,BOL",hg016,"Voedsel, natuur en leefomgeving",sg055,"Voeding, teelt en verwerking",23395,"Groen, grond en groene infra",06,"Voedsel, groen en gastvrijheid"
10625,Zelfstandig beroepsbeoefenaar handel in plantenteeltproducten,3,vakopleiding,"BBL,BOL",hg016,"Voedsel, natuur en leefomgeving",sg055,"Voeding, teelt en verwerking",23393,"Agro productie, handel en technologie",06,"Voedsel, groen en gastvrijheid"
10626,Zelfstandig beroepsbeoefenaar boomteelt,3,vakopleiding,"BBL,BOL",hg016,"Voedsel, natuur en leefomgeving",sg055,"Voeding, teelt en verwerking",23393,"Agro productie, handel en technologie",06,"Voedsel, groen en gastvrijheid"
10627,Zelfstandig beroepsbeoefenaar bollenteelt,3,vakopleiding,"BBL,BOL",hg016,"Voedsel, natuur en leefomgeving",sg055,"Voeding, teelt en verwerking",23393,"Agro productie, handel en technologie",06,"Voedsel, groen en gastvrijheid"
10628,Zelfstandig beroepsbeoefenaar fruitteelt,3,vakopleiding,"BBL,BOL",hg016,"Voedsel, natuur en leefomgeving",sg055,"Voeding, teelt en verwerking",23393,"Agro productie, handel en technologie",06,"Voedsel, groen en gastvrijheid"
10629,Zelfstandig beroepsbeoefenaar akkerbouw,3,vakopleiding,"BBL,BOL",hg016,"Voedsel, natuur en leefomgeving",sg055,"Voeding, teelt en verwerking",23393,"Agro productie, handel en technologie",06,"Voedsel, groen en gastvrijheid"
10630,Zelfstandig beroepsbeoefenaar potplantenteelt,3,vakopleiding,"BBL,BOL",hg016,"Voedsel, natuur en leefomgeving",sg055,"Voeding, teelt en verwerking",23393,"Agro productie, handel en technologie",06,"Voedsel, groen en gastvrijheid"
10631,Zelfstandig beroepsbeoefenaar bloementeelt,3,vakopleiding,"BBL,BOL",hg016,"Voedsel, natuur en leefomgeving",sg055,"Voeding, teelt en verwerking",23393,"Agro productie, handel en technologie",06,"Voedsel, groen en gastvrijheid"
10632,Zelfstandig beroepsbeoefenaar groenteteelt,3,vakopleiding,"BBL,BOL",hg016,"Voedsel, natuur en leefomgeving",sg055,"Voeding, teelt en verwerking",23393,"Agro productie, handel en technologie",06,"Voedsel, groen en gastvrijheid"
10633,Beginnend beroepsbeoefenaar handel in plantenteeltproducten,2,basisberoepsopleiding,"BBL,BOL",hg006,Handel en ondernemerschap,sg010,Detailhandel en groothandel,23324,Retail operationeel,04,Handel
10634,Assistent beroepsbeoefenaar plantenteelt,1,entreeopleiding,"BBL,BOL",hg002,Entree,sg061,Entree,23301,Entree,09,Entree
10635,Beginnend beroepsbeoefenaar plantenteelt,2,basisberoepsopleiding,"BBL,BOL",hg016,"Voedsel, natuur en leefomgeving",sg055,"Voeding, teelt en verwerking",23393,"Agro productie, handel en technologie",06,"Voedsel, groen en gastvrijheid"
10636,Medewerker Goederenontvangst en Voorraadbeheer,2,andere_opleiding,"BBL,BOL",hg013,"Transport, scheepvaart en logistiek",sg028,Logistiek,23309,Logistiek,02,"Mobiliteit, transport, logistiek en maritiem"
10637,Medewerker Orderverzamelen en Goederenuitlevering,2,andere_opleiding,"BBL,BOL",hg013,"Transport, scheepvaart en logistiek",sg028,Logistiek,23309,Logistiek,02,"Mobiliteit, transport, logistiek en maritiem"
10638,Scheepsbouwkundige (Scheepsbouw),4,middenkaderopleiding,BOL,hg013,"Transport, scheepvaart en logistiek",sg044,Scheepvaart,23239,Maritieme techniek,02,"Mobiliteit, transport, logistiek en maritiem"
10639,Baggeraar (Baggerbedrijf),4,middenkaderopleiding,BOL,hg013,"Transport, scheepvaart en logistiek",sg044,Scheepvaart,23278,Maritiem officier,02,"Mobiliteit, transport, logistiek en maritiem"
10640,Baggeraar/Machinist (Baggerbedrijf),4,middenkaderopleiding,BOL,hg013,"Transport, scheepvaart en logistiek",sg044,Scheepvaart,23278,Maritiem officier,02,"Mobiliteit, transport, logistiek en maritiem"
10641,Baggeraar/Stuurman (Baggerbedrijf),4,middenkaderopleiding,BOL,hg013,"Transport, scheepvaart en logistiek",sg044,Scheepvaart,23278,Maritiem officier,02,"Mobiliteit, transport, logistiek en maritiem"
10642,Maritiem Officier (Zeevaart),4,middenkaderopleiding,BOL,hg013,"Transport, scheepvaart en logistiek",sg044,Scheepvaart,23278,Maritiem officier,02,"Mobiliteit, transport, logistiek en maritiem"
10643,Stuurman/Werktuigkundige Zeevisvaart SW6,2,basisberoepsopleiding,BOL,hg013,"Transport, scheepvaart en logistiek",sg044,Scheepvaart,23420,Zee- en zeevisvaart beperkt vaargebied,02,"Mobiliteit, transport, logistiek en maritiem"
10644,Stuurman/Werktuigkundige Kleine Schepen (Zeevaart),3,vakopleiding,BOL,hg013,"Transport, scheepvaart en logistiek",sg044,Scheepvaart,23278,Maritiem officier,02,"Mobiliteit, transport, logistiek en maritiem"
10645,Stuurman/Werktuigkundige Zeevisvaart SW5,3,vakopleiding,BOL,hg013,"Transport, scheepvaart en logistiek",sg044,Scheepvaart,23278,Maritiem officier,02,"Mobiliteit, transport, logistiek en maritiem"
10646,Bakschipper/Dekknecht (Baggerbedrijf),2,basisberoepsopleiding,"BBL,BOL",hg013,"Transport, scheepvaart en logistiek",sg044,Scheepvaart,23420,Zee- en zeevisvaart beperkt vaargebied,02,"Mobiliteit, transport, logistiek en maritiem"
10647,Scheepstechnicus (Zeevaart),2,basisberoepsopleiding,BOL,hg013,"Transport, scheepvaart en logistiek",sg044,Scheepvaart,23420,Zee- en zeevisvaart beperkt vaargebied,02,"Mobiliteit, transport, logistiek en maritiem"
10648,Schipper/Machinist Beperkt Werkgebied,2,basisberoepsopleiding,BOL,hg013,"Transport, scheepvaart en logistiek",sg044,Scheepvaart,23420,Zee- en zeevisvaart beperkt vaargebied,02,"Mobiliteit, transport, logistiek en maritiem"
10649,Stuurman/Werktuigkundige Zeevisvaart SW-IV,4,middenkaderopleiding,BOL,hg013,"Transport, scheepvaart en logistiek",sg044,Scheepvaart,23278,Maritiem officier,02,"Mobiliteit, transport, logistiek en maritiem"
10650,Kapitein,3,vakopleiding,"BBL,BOL",hg013,"Transport, scheepvaart en logistiek",sg044,Scheepvaart,23389,Binnenvaart,02,"Mobiliteit, transport, logistiek en maritiem"
10651,Stuurman/Schipper,3,vakopleiding,"BBL,BOL",hg013,"Transport, scheepvaart en logistiek",sg044,Scheepvaart,23389,Binnenvaart,02,"Mobiliteit, transport, logistiek en maritiem"
10652,Matroos,2,basisberoepsopleiding,"BBL,BOL",hg013,"Transport, scheepvaart en logistiek",sg044,Scheepvaart,23389,Binnenvaart,02,"Mobiliteit, transport, logistiek en maritiem"
10653,Bootman,2,basisberoepsopleiding,BBL,hg013,"Transport, scheepvaart en logistiek",sg044,Scheepvaart,23390,Bootmannen,02,"Mobiliteit, transport, logistiek en maritiem"
10654,Luchtvaartdienstverlener,4,middenkaderopleiding,"BBL,BOL",hg013,"Transport, scheepvaart en logistiek",sg029,Luchtvaart,23416,Dienstverlening in de luchtvaart,02,"Mobiliteit, transport, logistiek en maritiem"
10655,Luchtvaartlogisticus,4,middenkaderopleiding,"BBL,BOL",hg013,"Transport, scheepvaart en logistiek",sg029,Luchtvaart,23311,Luchtvracht,02,"Mobiliteit, transport, logistiek en maritiem"
10656,Manager Opslag en Vervoer,4,middenkaderopleiding,BOL,hg013,"Transport, scheepvaart en logistiek",sg028,Logistiek,23310,Management transport en logistiek,02,"Mobiliteit, transport, logistiek en maritiem"
10657,Specialist Gevaarlijke Stoffen,4,specialistenopleiding,BBL,hg013,"Transport, scheepvaart en logistiek",sg028,Logistiek,23310,Management transport en logistiek,02,"Mobiliteit, transport, logistiek en maritiem"
10658,Ondernemingsmanager,4,middenkaderopleiding,"BBL,BOL",hg013,"Transport, scheepvaart en logistiek",sg028,Logistiek,23310,Management transport en logistiek,02,"Mobiliteit, transport, logistiek en maritiem"
10659,Transportmanager,4,middenkaderopleiding,"BBL,BOL",hg013,"Transport, scheepvaart en logistiek",sg028,Logistiek,23310,Management transport en logistiek,02,"Mobiliteit, transport, logistiek en maritiem"
10660,Warehousemanager,4,middenkaderopleiding,"BBL,BOL",hg013,"Transport, scheepvaart en logistiek",sg028,Logistiek,23310,Management transport en logistiek,02,"Mobiliteit, transport, logistiek en maritiem"
10661,Voorman Verhuizen,3,andere_opleiding,BOL,hg013,"Transport, scheepvaart en logistiek",sg028,Logistiek,23309,Logistiek,02,"Mobiliteit, transport, logistiek en maritiem"
10662,Veiligheidsadviseur,3,andere_opleiding,BOL,hg013,"Transport, scheepvaart en logistiek",sg044,Scheepvaart,23363,Havenoperaties,02,"Mobiliteit, transport, logistiek en maritiem"
10663,Planner Wegtransport,3,vakopleiding,"BBL,BOL",hg013,"Transport, scheepvaart en logistiek",sg028,Logistiek,23310,Management transport en logistiek,02,"Mobiliteit, transport, logistiek en maritiem"
10664,Expeditie Planner,3,vakopleiding,"BBL,BOL",hg013,"Transport, scheepvaart en logistiek",sg028,Logistiek,23310,Management transport en logistiek,02,"Mobiliteit, transport, logistiek en maritiem"
10665,Acquisiteur,3,vakopleiding,"BBL,BOL",hg013,"Transport, scheepvaart en logistiek",sg028,Logistiek,23310,Management transport en logistiek,02,"Mobiliteit, transport, logistiek en maritiem"
10666,Warehouse Voorman,3,vakopleiding,"BBL,BOL",hg013,"Transport, scheepvaart en logistiek",sg028,Logistiek,23309,Logistiek,02,"Mobiliteit, transport, logistiek en maritiem"
10667,Touringcarchauffeur/Reisleider,2,basisberoepsopleiding,"BBL,BOL",hg013,"Transport, scheepvaart en logistiek",sg057,Weg- en railtransport,23276,Personenvervoer,02,"Mobiliteit, transport, logistiek en maritiem"
10668,Verhuizer,2,andere_opleiding,BOL,hg013,"Transport, scheepvaart en logistiek",sg028,Logistiek,23309,Logistiek,02,"Mobiliteit, transport, logistiek en maritiem"
10669,Truckmixerchauffeur,2,andere_opleiding,BOL,hg013,"Transport, scheepvaart en logistiek",sg057,Weg- en railtransport,23418,Goederenvervoer,02,"Mobiliteit, transport, logistiek en maritiem"
10670,Particulier Begeleider Exceptioneel Transport,2,andere_opleiding,BOL,hg013,"Transport, scheepvaart en logistiek",sg057,Weg- en railtransport,23418,Goederenvervoer,02,"Mobiliteit, transport, logistiek en maritiem"
10671,Chauffeur Kipautovervoer,2,andere_opleiding,BOL,hg013,"Transport, scheepvaart en logistiek",sg057,Weg- en railtransport,23418,Goederenvervoer,02,"Mobiliteit, transport, logistiek en maritiem"
10672,Chauffeur Geconditioneerd Transport,2,andere_opleiding,BOL,hg013,"Transport, scheepvaart en logistiek",sg057,Weg- en railtransport,23418,Goederenvervoer,02,"Mobiliteit, transport, logistiek en maritiem"
10673,Chauffeur Veetransport,2,andere_opleiding,BOL,hg013,"Transport, scheepvaart en logistiek",sg057,Weg- en railtransport,23418,Goederenvervoer,02,"Mobiliteit, transport, logistiek en maritiem"
10674,Chauffeur Exceptioneel Transport,2,andere_opleiding,BOL,hg013,"Transport, scheepvaart en logistiek",sg057,Weg- en railtransport,23418,Goederenvervoer,02,"Mobiliteit, transport, logistiek en maritiem"
10675,Chauffeur Autotransport,2,andere_opleiding,BOL,hg013,"Transport, scheepvaart en logistiek",sg057,Weg- en railtransport,23418,Goederenvervoer,02,"Mobiliteit, transport, logistiek en maritiem"
10676,Autolaadkraanmachinist,2,andere_opleiding,BOL,hg013,"Transport, scheepvaart en logistiek",sg057,Weg- en railtransport,23418,Goederenvervoer,02,"Mobiliteit, transport, logistiek en maritiem"
10677,Chauffeur Afvalstoffen,2,andere_opleiding,BOL,hg013,"Transport, scheepvaart en logistiek",sg057,Weg- en railtransport,23418,Goederenvervoer,02,"Mobiliteit, transport, logistiek en maritiem"
10678,Chauffeur Goederenvervoer,2,basisberoepsopleiding,"BBL,BOL",hg013,"Transport, scheepvaart en logistiek",sg057,Weg- en railtransport,23418,Goederenvervoer,02,"Mobiliteit, transport, logistiek en maritiem"
10679,Warehouse Medewerker,2,basisberoepsopleiding,"BBL,BOL",hg013,"Transport, scheepvaart en logistiek",sg028,Logistiek,23309,Logistiek,02,"Mobiliteit, transport, logistiek en maritiem"
10680,Koerier,2,andere_opleiding,BOL,hg013,"Transport, scheepvaart en logistiek",sg057,Weg- en railtransport,23418,Goederenvervoer,02,"Mobiliteit, transport, logistiek en maritiem"
10681,Assistent Operationeel Medewerker Transport en Logistiek,1,entreeopleiding,"BBL,BOL",hg002,Entree,sg061,Entree,23301,Entree,09,Entree
10682,"Manager Haven, Vervoer en Logistiek",4,middenkaderopleiding,BOL,hg013,"Transport, scheepvaart en logistiek",sg044,Scheepvaart,23363,Havenoperaties,02,"Mobiliteit, transport, logistiek en maritiem"
10683,Cargadoor,4,specialistenopleiding,"BBL,BOL",hg013,"Transport, scheepvaart en logistiek",sg044,Scheepvaart,23364,Havenlogistiek,02,"Mobiliteit, transport, logistiek en maritiem"
10684,Expediteur,4,specialistenopleiding,"BBL,BOL",hg013,"Transport, scheepvaart en logistiek",sg028,Logistiek,23310,Management transport en logistiek,02,"Mobiliteit, transport, logistiek en maritiem"
10685,Assistent-Cargadoor,3,vakopleiding,"BBL,BOL",hg013,"Transport, scheepvaart en logistiek",sg044,Scheepvaart,23363,Havenoperaties,02,"Mobiliteit, transport, logistiek en maritiem"
10686,Assistent-Expediteur,3,vakopleiding,"BBL,BOL",hg013,"Transport, scheepvaart en logistiek",sg028,Logistiek,23310,Management transport en logistiek,02,"Mobiliteit, transport, logistiek en maritiem"
10687,Technisch Administratief Medewerker,2,basisberoepsopleiding,"BBL,BOL",hg013,"Transport, scheepvaart en logistiek",sg028,Logistiek,23310,Management transport en logistiek,02,"Mobiliteit, transport, logistiek en maritiem"
10688,Werktuigkundig Monteur,2,basisberoepsopleiding,"BBL,BOL",hg013,"Transport, scheepvaart en logistiek",sg044,Scheepvaart,23420,Zee- en zeevisvaart beperkt vaargebied,02,"Mobiliteit, transport, logistiek en maritiem"
10689,Kaderfunctionaris in Haven- en Vervoerbedrijven,3,vakopleiding,"BBL,BOL",hg013,"Transport, scheepvaart en logistiek",sg044,Scheepvaart,23364,Havenlogistiek,02,"Mobiliteit, transport, logistiek en maritiem"
10690,Gevorderd Operationeel Medewerker Op- en Overslag,3,vakopleiding,"BBL,BOL",hg013,"Transport, scheepvaart en logistiek",sg044,Scheepvaart,23363,Havenoperaties,02,"Mobiliteit, transport, logistiek en maritiem"
10691,Operationeel Medewerker Op- en Overslag,2,basisberoepsopleiding,"BBL,BOL",hg013,"Transport, scheepvaart en logistiek",sg044,Scheepvaart,23364,Havenlogistiek,02,"Mobiliteit, transport, logistiek en maritiem"
10692,Assistent Operationeel Medewerker op- en overslag,1,entreeopleiding,"BBL,BOL",hg002,Entree,sg061,Entree,23301,Entree,09,Entree
10694,Inspicient/Theatertechnicus,3,vakopleiding,"BBL,BOL",hg009,Media en vormgeving,sg014,Evenemententechniek,23319,Podium- en evenemententechniek,05,Ict en creatieve industrie
10695,Particulier Onderzoeker,1,entreeopleiding,"BBL,BOL",hg008,Informatie en communicatietechnologie,sg023,ICT en media,23399,Software development,05,Ict en creatieve industrie
10696,Assistent Bibliothecaris Openbare Bibliotheken,4,andere_opleiding,"BBL,BOL",hg005,Economie en administratie,sg059,Zakelijke dienstverlening,23296,Business Services,07,Zakelijke dienstverlening en veiligheid
10697,Laborant,2,basisberoepsopleiding,BBL,hg003,"Ambacht, laboratorium en gezondheidstechniek",sg027,Laboratoriumtechniek,23380,Analisten,01,Techniek en gebouwde omgeving
10698,Proefdierverzorger,2,basisberoepsopleiding,"BBL,BOL",hg016,"Voedsel, natuur en leefomgeving",sg011,Dier,23298,Dierverzorging,06,"Voedsel, groen en gastvrijheid"
10699,Medewerker Beeldtechnieken,2,basisberoepsopleiding,"BBL,BOL",hg009,Media en vormgeving,sg032,Mediatechniek,23294,AV-productie,05,Ict en creatieve industrie
10700,Basisveiligheid,2,andere_opleiding,BBL,hg011,Techniek en procesindustrie,sg040,Procestechniek,23305,Industriële processen,01,Techniek en gebouwde omgeving
10701,Vakfunctionaris Biotechniek,3,vakopleiding,"BBL,BOL",hg016,"Voedsel, natuur en leefomgeving",sg011,Dier,23368,Gespecialiseerde proefdierverzorging,06,"Voedsel, groen en gastvrijheid"
10702,Vakfunctionaris Laboratoriumtechniek,3,vakopleiding,"BBL,BOL",hg003,"Ambacht, laboratorium en gezondheidstechniek",sg027,Laboratoriumtechniek,23380,Analisten,01,Techniek en gebouwde omgeving
10703,Vakfunctionaris Medische Laboratoriumtechniek,3,vakopleiding,"BBL,BOL",hg003,"Ambacht, laboratorium en gezondheidstechniek",sg027,Laboratoriumtechniek,23380,Analisten,01,Techniek en gebouwde omgeving
10704,Middenkaderfunctionaris Biologische Laboratoriumtechniek,4,middenkaderopleiding,"BBL,BOL",hg003,"Ambacht, laboratorium en gezondheidstechniek",sg027,Laboratoriumtechniek,23380,Analisten,01,Techniek en gebouwde omgeving
10705,Middenkaderfunctionaris Medische Laboratoriumtechniek,4,middenkaderopleiding,"BBL,BOL",hg003,"Ambacht, laboratorium en gezondheidstechniek",sg027,Laboratoriumtechniek,23380,Analisten,01,Techniek en gebouwde omgeving
10706,Middenkaderfunctionaris Chemische Laboratoriumtechniek,4,middenkaderopleiding,"BBL,BOL",hg003,"Ambacht, laboratorium en gezondheidstechniek",sg027,Laboratoriumtechniek,23380,Analisten,01,Techniek en gebouwde omgeving
10707,Middenkaderfunctionaris Materiaaltechnologie,4,middenkaderopleiding,"BBL,BOL",hg003,"Ambacht, laboratorium en gezondheidstechniek",sg027,Laboratoriumtechniek,23380,Analisten,01,Techniek en gebouwde omgeving
10708,Veiligheid voor Leidinggevenden,4,andere_opleiding,BBL,hg011,Techniek en procesindustrie,sg040,Procestechniek,23321,Procestechniek,01,Techniek en gebouwde omgeving
10710,Onderwijsassistent,4,middenkaderopleiding,"BBL,BOL",hg017,Zorg en welzijn,sg039,Pedagogisch werk,23285,Pedagogisch werk,03,"Zorg, welzijn en sport"
10711,Hoeklasser (EW),1,entreeopleiding,"BBL,BOL",hg011,Techniek en procesindustrie,sg058,Werktuigbouwkunde,23361,Productietechniek,01,Techniek en gebouwde omgeving
10712,Lasinstructeur (EWS+),4,specialistenopleiding,BBL,hg011,Techniek en procesindustrie,sg058,Werktuigbouwkunde,23361,Productietechniek,01,Techniek en gebouwde omgeving
10713,Lastechnicus (EWT),4,specialistenopleiding,BBL,hg011,Techniek en procesindustrie,sg058,Werktuigbouwkunde,23361,Productietechniek,01,Techniek en gebouwde omgeving
10714,Plaatlasser (EW),2,basisberoepsopleiding,BBL,hg011,Techniek en procesindustrie,sg058,Werktuigbouwkunde,23361,Productietechniek,01,Techniek en gebouwde omgeving
10715,Meesterlasser (EWP),3,vakopleiding,BBL,hg011,Techniek en procesindustrie,sg058,Werktuigbouwkunde,23361,Productietechniek,01,Techniek en gebouwde omgeving
10716,Lasspecialist (EWS),4,specialistenopleiding,BBL,hg011,Techniek en procesindustrie,sg058,Werktuigbouwkunde,23361,Productietechniek,01,Techniek en gebouwde omgeving
10717,Pijplasser (EW),2,basisberoepsopleiding,BBL,hg011,Techniek en procesindustrie,sg058,Werktuigbouwkunde,23361,Productietechniek,01,Techniek en gebouwde omgeving
10718,Draad- en Zinkvonker,2,basisberoepsopleiding,BBL,hg011,Techniek en procesindustrie,sg058,Werktuigbouwkunde,23361,Productietechniek,01,Techniek en gebouwde omgeving
10719,Middenkaderopleiding Installatietechniek (koudetechniek),4,middenkaderopleiding,BOL,hg011,Techniek en procesindustrie,sg025,Installatietechniek,23427,Koude- en klimaatsystemen,01,Techniek en gebouwde omgeving
10720,Middenkaderopleiding Installatietechniek (klimaattechniek),4,middenkaderopleiding,BOL,hg011,Techniek en procesindustrie,sg025,Installatietechniek,23427,Koude- en klimaatsystemen,01,Techniek en gebouwde omgeving
10721,Technisch Medewerker Recreatiebedrijf,3,vakopleiding,"BBL,BOL",hg016,"Voedsel, natuur en leefomgeving",sg055,"Voeding, teelt en verwerking",23394,Groene ruimte,06,"Voedsel, groen en gastvrijheid"
10722,Medewerker gemechaniseerd loonbedrijf,2,basisberoepsopleiding,"BBL,BOL",hg016,"Voedsel, natuur en leefomgeving",sg055,"Voeding, teelt en verwerking",23395,"Groen, grond en groene infra",06,"Voedsel, groen en gastvrijheid"
10723,Broodbakker Grootbedrijf,2,basisberoepsopleiding,"BBL,BOL",hg007,Horeca en bakkerij,sg005,Brood en banket,23295,Brood en banket,06,"Voedsel, groen en gastvrijheid"
10724,Leidinggevende Grootbedrijf,4,middenkaderopleiding,"BBL,BOL",hg007,Horeca en bakkerij,sg005,Brood en banket,23295,Brood en banket,06,"Voedsel, groen en gastvrijheid"
10725,All-round Broodbakker Grootbedrijf,3,vakopleiding,"BBL,BOL",hg007,Horeca en bakkerij,sg005,Brood en banket,23295,Brood en banket,06,"Voedsel, groen en gastvrijheid"
10735,Middenkaderfunctionaris Algemene Operationele Techniek,4,middenkaderopleiding,BOL,hg011,Techniek en procesindustrie,sg040,Procestechniek,23132,Operationele techniek,01,Techniek en gebouwde omgeving
10736,Medewerker Algemene Operationele Techniek,2,basisberoepsopleiding,BOL,hg011,Techniek en procesindustrie,sg040,Procestechniek,23128,Industrieel onderhoud,01,Techniek en gebouwde omgeving
10737,Steigerbouwer,2,basisberoepsopleiding,BBL,hg004,Bouw en infra,sg004,Bouwkunde,23313,Metselen,01,Techniek en gebouwde omgeving
10740,IT Mediaproductie,4,middenkaderopleiding,"BBL,BOL",hg009,Media en vormgeving,sg032,Mediatechniek,23242,Printmedia,05,Ict en creatieve industrie
10741,Adaptatie-adviseur,3,vakopleiding,"BBL,BOL",hg003,"Ambacht, laboratorium en gezondheidstechniek",sg003,Ambachtelijke techniek,23387,Schoentechniek,08,Specialistisch vakmanschap
10742,Sociaal Pedagogisch Werker 3 (SPW 3),3,vakopleiding,"BBL,BOL",hg017,Zorg en welzijn,sg039,Pedagogisch werk,23285,Pedagogisch werk,03,"Zorg, welzijn en sport"
10743,Sociaal Pedagogisch Werker 4 (SPW 4),4,middenkaderopleiding,"BBL,BOL",hg017,Zorg en welzijn,sg039,Pedagogisch werk,23285,Pedagogisch werk,03,"Zorg, welzijn en sport"
10744,Sociaal Dienstverlener (SD),3,vakopleiding,"BBL,BOL",hg017,Zorg en welzijn,sg030,Maatschappelijke zorg,23384,Sociaal werk,03,"Zorg, welzijn en sport"
10745,Helpende Welzijn (HW),2,basisberoepsopleiding,"BBL,BOL",hg017,Zorg en welzijn,sg060,Basis dienstverlening,23385,Dienstverlening,03,"Zorg, welzijn en sport"
10746,Sociaal Cultureel Werker (SCW),4,middenkaderopleiding,"BBL,BOL",hg017,Zorg en welzijn,sg030,Maatschappelijke zorg,23384,Sociaal werk,03,"Zorg, welzijn en sport"
10748,Hoeklasser,1,entreeopleiding,"BBL,BOL",hg011,Techniek en procesindustrie,sg058,Werktuigbouwkunde,23361,Productietechniek,01,Techniek en gebouwde omgeving
10749,Plaatlasser,2,basisberoepsopleiding,BBL,hg011,Techniek en procesindustrie,sg058,Werktuigbouwkunde,23361,Productietechniek,01,Techniek en gebouwde omgeving
10750,Pijplasser,2,basisberoepsopleiding,BBL,hg011,Techniek en procesindustrie,sg058,Werktuigbouwkunde,23361,Productietechniek,01,Techniek en gebouwde omgeving
10751,Monteur Mobiel Intern Transport,2,basisberoepsopleiding,"BBL,BOL",hg010,Mobiliteit en voertuigen,sg034,Mobiliteitstechniek,23273,Voertuigen en mobiele werktuigen,02,"Mobiliteit, transport, logistiek en maritiem"
10752,Allround Afro Kapper,3,vakopleiding,BBL,hg014,Uiterlijke verzorging,sg019,Haarverzorging,23263,Haarverzorging,06,"Voedsel, groen en gastvrijheid"
10753,Afro Kapper,2,basisberoepsopleiding,BBL,hg014,Uiterlijke verzorging,sg019,Haarverzorging,23263,Haarverzorging,06,"Voedsel, groen en gastvrijheid"
10754,Aankomend Graveur,2,basisberoepsopleiding,"BBL,BOL",hg003,"Ambacht, laboratorium en gezondheidstechniek",sg003,Ambachtelijke techniek,23349,Goud- en Zilversmeden,08,Specialistisch vakmanschap
10755,Gezel Graveur,3,vakopleiding,"BBL,BOL",hg003,"Ambacht, laboratorium en gezondheidstechniek",sg003,Ambachtelijke techniek,23349,Goud- en Zilversmeden,08,Specialistisch vakmanschap
10756,Graveur/ondernemer,4,middenkaderopleiding,"BBL,BOL",hg003,"Ambacht, laboratorium en gezondheidstechniek",sg003,Ambachtelijke techniek,23349,Goud- en Zilversmeden,08,Specialistisch vakmanschap
10757,Assistent Bedrijfsarchivaris,4,andere_opleiding,BBL,hg005,Economie en administratie,sg059,Zakelijke dienstverlening,23296,Business Services,07,Zakelijke dienstverlening en veiligheid
10758,Bibliotheekmedewerker,4,andere_opleiding,BBL,hg005,Economie en administratie,sg059,Zakelijke dienstverlening,23296,Business Services,07,Zakelijke dienstverlening en veiligheid
10759,Documentaire Informatieverzorger Overheid en Semi-Overheid,4,andere_opleiding,BBL,hg005,Economie en administratie,sg059,Zakelijke dienstverlening,23296,Business Services,07,Zakelijke dienstverlening en veiligheid
10760,ICT-Medewerker,2,basisberoepsopleiding,"BBL,BOL",hg008,Informatie en communicatietechnologie,sg026,Kantoorautomatisering,23400,ICT support,05,Ict en creatieve industrie
10761,Commercieel Medewerker Bank- en Verzekeringswezen,4,middenkaderopleiding,"BBL,BOL",hg005,Economie en administratie,sg059,Zakelijke dienstverlening,23296,Business Services,07,Zakelijke dienstverlening en veiligheid
10763,Bouwplaatsassistent,1,entreeopleiding,"BBL,BOL",hg002,Entree,sg061,Entree,23301,Entree,09,Entree
10764,Projectmanager Koudetechniek (PMk),4,specialistenopleiding,"BBL,BOL",hg004,Bouw en infra,sg004,Bouwkunde,23058,Werkvoorbereiden/uitvoeren,01,Techniek en gebouwde omgeving
10765,Assistent Monteur Sterkstroominstallaties (AMSI),1,entreeopleiding,"BBL,BOL",hg002,Entree,sg061,Entree,23301,Entree,09,Entree
10766,Assistent Medewerker Versdetailhandel,1,entreeopleiding,"BBL,BOL",hg002,Entree,sg061,Entree,23301,Entree,09,Entree
10767,Productie-assistent Versindustrie,1,entreeopleiding,"BBL,BOL",hg002,Entree,sg061,Entree,23301,Entree,09,Entree
10768,Medewerker Versdetailhandel,2,basisberoepsopleiding,"BBL,BOL",hg016,"Voedsel, natuur en leefomgeving",sg053,Verse voeding,23288,Vers: vakmanschap & ambacht,06,"Voedsel, groen en gastvrijheid"
10769,Productiemedewerker Versindustrie,2,basisberoepsopleiding,"BBL,BOL",hg016,"Voedsel, natuur en leefomgeving",sg053,Verse voeding,23227,Vers: vakmanschap & industrie,06,"Voedsel, groen en gastvrijheid"
10770,Versspecialist Detailhandel,3,vakopleiding,"BBL,BOL",hg016,"Voedsel, natuur en leefomgeving",sg053,Verse voeding,23288,Vers: vakmanschap & ambacht,06,"Voedsel, groen en gastvrijheid"
10771,Productievakkracht Versindustrie,3,vakopleiding,"BBL,BOL",hg016,"Voedsel, natuur en leefomgeving",sg053,Verse voeding,23227,Vers: vakmanschap & industrie,06,"Voedsel, groen en gastvrijheid"
10772,Manager Versdetailhandel,4,middenkaderopleiding,"BBL,BOL",hg016,"Voedsel, natuur en leefomgeving",sg053,Verse voeding,23287,Vers: leidinggeven & ambacht,06,"Voedsel, groen en gastvrijheid"
10773,Leidinggevende Versindustrie,4,middenkaderopleiding,"BBL,BOL",hg016,"Voedsel, natuur en leefomgeving",sg053,Verse voeding,23226,Vers: leidinggeven & industrie,06,"Voedsel, groen en gastvrijheid"
10774,Apothekersassistent,4,middenkaderopleiding,"BBL,BOL",hg017,Zorg en welzijn,sg016,Gezondheidsondersteuning,23265,Apothekersassistent,03,"Zorg, welzijn en sport"
10775,Tandartsassistent,4,middenkaderopleiding,"BBL,BOL",hg017,Zorg en welzijn,sg016,Gezondheidsondersteuning,23286,Tandartsassistent,03,"Zorg, welzijn en sport"
10776,Doktersassistent,4,middenkaderopleiding,"BBL,BOL",hg017,Zorg en welzijn,sg016,Gezondheidsondersteuning,23284,Doktersassistent,03,"Zorg, welzijn en sport"
10777,Specialist Interieurafwerking,4,specialistenopleiding,BBL,hg001,"Afbouw, hout en onderhoud",sg045,Schilderen en onderhoud,23403,Specialist schilderen,01,Techniek en gebouwde omgeving
10778,Leidinggevende,4,middenkaderopleiding,"BBL,BOL",hg007,Horeca en bakkerij,sg005,Brood en banket,23295,Brood en banket,06,"Voedsel, groen en gastvrijheid"
10779,Winkelassistent,1,entreeopleiding,"BBL,BOL",hg002,Entree,sg061,Entree,23301,Entree,09,Entree
10780,Verkoopmedewerker,2,basisberoepsopleiding,"BBL,BOL",hg006,Handel en ondernemerschap,sg010,Detailhandel en groothandel,23324,Retail operationeel,04,Handel
10781,Verkoop Medewerker Ambulante Handel,2,basisberoepsopleiding,"BBL,BOL",hg006,Handel en ondernemerschap,sg010,Detailhandel en groothandel,23324,Retail operationeel,04,Handel
10782,Verkoopchef,3,vakopleiding,"BBL,BOL",hg006,Handel en ondernemerschap,sg010,Detailhandel en groothandel,23325,Retail advies,04,Handel
10783,Afdelingschef Kassa,3,vakopleiding,"BBL,BOL",hg006,Handel en ondernemerschap,sg010,Detailhandel en groothandel,23325,Retail advies,04,Handel
10784,Eerste Verkoper,3,vakopleiding,"BBL,BOL",hg006,Handel en ondernemerschap,sg010,Detailhandel en groothandel,23325,Retail advies,04,Handel
10785,Ondernemer/Manager Detailhandel,4,middenkaderopleiding,"BBL,BOL",hg006,Handel en ondernemerschap,sg031,Management en ondernemerschap,23355,Ondernemerschap handel,04,Handel
10786,Ondernemer Ambulante Handel,4,middenkaderopleiding,"BBL,BOL",hg006,Handel en ondernemerschap,sg031,Management en ondernemerschap,23355,Ondernemerschap handel,04,Handel
10787,Filiaalbeheerder,4,middenkaderopleiding,"BBL,BOL",hg006,Handel en ondernemerschap,sg031,Management en ondernemerschap,23323,Retail Management,04,Handel
10791,Veiligheidsadviseur,3,andere_opleiding,BOL,hg013,"Transport, scheepvaart en logistiek",sg044,Scheepvaart,23363,Havenoperaties,02,"Mobiliteit, transport, logistiek en maritiem"
10792,Middenkaderfunctionaris Koudetechniek (MKK),4,middenkaderopleiding,"BBL,BOL",hg011,Techniek en procesindustrie,sg013,Elektrotechniek,23371,Middenkader engineering,01,Techniek en gebouwde omgeving
10793,Middenkaderfunctionaris Installatietechniek (MKi),4,middenkaderopleiding,"BBL,BOL",hg011,Techniek en procesindustrie,sg013,Elektrotechniek,23371,Middenkader engineering,01,Techniek en gebouwde omgeving
10794,Middenkaderopleiding Verkeer- en Stedebouwkunde,4,middenkaderopleiding,BOL,hg004,Bouw en infra,sg004,Bouwkunde,23353,Middenkader bouw en infra,01,Techniek en gebouwde omgeving
10795,Zorghulp,1,entreeopleiding,"BBL,BOL",hg002,Entree,sg061,Entree,23301,Entree,09,Entree
10796,Medewerker Tentoonstellingsbouw,2,basisberoepsopleiding,"BBL,BOL",hg009,Media en vormgeving,sg043,Ruimtelijke vormgeving,23414,Decorbouw,05,Ict en creatieve industrie
10797,Assistent Schilder,1,entreeopleiding,"BBL,BOL",hg002,Entree,sg061,Entree,23301,Entree,09,Entree
10799,Voeger,2,basisberoepsopleiding,"BBL,BOL",hg004,Bouw en infra,sg004,Bouwkunde,23196,Voegen/gevelbehandelen,01,Techniek en gebouwde omgeving
10800,Betontimmerkracht B&U/Civiel,2,basisberoepsopleiding,BBL,hg004,Bouw en infra,sg004,Bouwkunde,23048,Betontimmeren,01,Techniek en gebouwde omgeving
10801,Restauratiemedewerker,4,specialistenopleiding,BBL,hg004,Bouw en infra,sg004,Bouwkunde,23353,Middenkader bouw en infra,01,Techniek en gebouwde omgeving
10802,Metselaar,2,basisberoepsopleiding,"BBL,BOL",hg004,Bouw en infra,sg004,Bouwkunde,23313,Metselen,01,Techniek en gebouwde omgeving
10803,Assistent Vrede en Veiligheid,1,entreeopleiding,BOL,hg015,Veiligheid en sport,sg009,Defensie,23240,Veiligheid en vakmanschap,07,Zakelijke dienstverlening en veiligheid
10804,Aviation Operations Officer,4,middenkaderopleiding,BOL,hg013,"Transport, scheepvaart en logistiek",sg029,Luchtvaart,23311,Luchtvracht,02,"Mobiliteit, transport, logistiek en maritiem"
10805,Gezel Glaszetter,3,vakopleiding,BBL,hg001,"Afbouw, hout en onderhoud",sg045,Schilderen en onderhoud,23377,Glaszetten,01,Techniek en gebouwde omgeving
10806,Kaderfunctionaris Bescherming en Afwerking,4,middenkaderopleiding,BOL,hg001,"Afbouw, hout en onderhoud",sg045,Schilderen en onderhoud,23378,Kaderfunctie afbouw en onderhoud,01,Techniek en gebouwde omgeving
10807,Glaszetter,2,basisberoepsopleiding,BBL,hg001,"Afbouw, hout en onderhoud",sg045,Schilderen en onderhoud,23377,Glaszetten,01,Techniek en gebouwde omgeving
10808,Service Medewerker-ICT,2,basisberoepsopleiding,"BBL,BOL",hg008,Informatie en communicatietechnologie,sg026,Kantoorautomatisering,23400,ICT support,05,Ict en creatieve industrie
10809,Applicatiebeheerder,4,specialistenopleiding,"BBL,BOL",hg008,Informatie en communicatietechnologie,sg023,ICT en media,23405,ICT support and systems,05,Ict en creatieve industrie
10810,Applicatieontwikkelaar,4,specialistenopleiding,"BBL,BOL",hg008,Informatie en communicatietechnologie,sg023,ICT en media,23399,Software development,05,Ict en creatieve industrie
10811,ICT-Beheerder,4,middenkaderopleiding,"BBL,BOL",hg008,Informatie en communicatietechnologie,sg023,ICT en media,23405,ICT support and systems,05,Ict en creatieve industrie
10812,Medewerker Beheer ICT,3,vakopleiding,"BBL,BOL",hg008,Informatie en communicatietechnologie,sg023,ICT en media,23405,ICT support and systems,05,Ict en creatieve industrie
10813,Netwerkbeheerder,4,specialistenopleiding,"BBL,BOL",hg008,Informatie en communicatietechnologie,sg023,ICT en media,23405,ICT support and systems,05,Ict en creatieve industrie
10814,Middenkaderfunctionaris Infratechniek,4,middenkaderopleiding,"BBL,BOL",hg004,Bouw en infra,sg004,Bouwkunde,23353,Middenkader bouw en infra,01,Techniek en gebouwde omgeving
10815,Broodbakker Grootwinkelbedrijf,2,basisberoepsopleiding,"BBL,BOL",hg007,Horeca en bakkerij,sg005,Brood en banket,23295,Brood en banket,06,"Voedsel, groen en gastvrijheid"
10816,Medewerker Industriele Bakkerij,3,vakopleiding,"BBL,BOL",hg007,Horeca en bakkerij,sg005,Brood en banket,23295,Brood en banket,06,"Voedsel, groen en gastvrijheid"
10817,Leidinggevende Industriele Bakkerij,4,middenkaderopleiding,"BBL,BOL",hg007,Horeca en bakkerij,sg005,Brood en banket,23295,Brood en banket,06,"Voedsel, groen en gastvrijheid"
10818,Leidinggevende Bakkerij Grootwinkelbedrijf,4,middenkaderopleiding,"BBL,BOL",hg007,Horeca en bakkerij,sg005,Brood en banket,23295,Brood en banket,06,"Voedsel, groen en gastvrijheid"
10819,Ondernemer Bakkersbedrijf,4,middenkaderopleiding,"BBL,BOL",hg007,Horeca en bakkerij,sg021,Horeca,23087,Ondernemer horeca/bakkerij,06,"Voedsel, groen en gastvrijheid"
10820,Banketbakker Grootwinkelbedrijf,2,basisberoepsopleiding,"BBL,BOL",hg007,Horeca en bakkerij,sg005,Brood en banket,23295,Brood en banket,06,"Voedsel, groen en gastvrijheid"
10821,Uitvoerder Afbouw,4,specialistenopleiding,BBL,hg001,"Afbouw, hout en onderhoud",sg045,Schilderen en onderhoud,23378,Kaderfunctie afbouw en onderhoud,01,Techniek en gebouwde omgeving
10822,Goudsmid Specialist,4,specialistenopleiding,"BBL,BOL",hg003,"Ambacht, laboratorium en gezondheidstechniek",sg003,Ambachtelijke techniek,23349,Goud- en Zilversmeden,08,Specialistisch vakmanschap
10823,Uurwerktechnicus Specialist,4,specialistenopleiding,"BBL,BOL",hg003,"Ambacht, laboratorium en gezondheidstechniek",sg003,Ambachtelijke techniek,23386,Uurwerktechniek,08,Specialistisch vakmanschap
10824,Keramist Ondernemer,3,vakopleiding,"BBL,BOL",hg003,"Ambacht, laboratorium en gezondheidstechniek",sg003,Ambachtelijke techniek,23217,Creatief Vakmanschap,08,Specialistisch vakmanschap
10825,Adaptatietechnicus,3,vakopleiding,"BBL,BOL",hg003,"Ambacht, laboratorium en gezondheidstechniek",sg003,Ambachtelijke techniek,23387,Schoentechniek,08,Specialistisch vakmanschap
10826,Leidinggevende Ambachtelijke Bakkerij,4,middenkaderopleiding,"BBL,BOL",hg007,Horeca en bakkerij,sg005,Brood en banket,23295,Brood en banket,06,"Voedsel, groen en gastvrijheid"
10827,Beveiligingsmedewerker,2,basisberoepsopleiding,"BBL,BOL",hg015,Veiligheid en sport,sg038,Particuliere veiligheid,23281,Particuliere beveiliging,07,Zakelijke dienstverlening en veiligheid
10828,Toezichthouder,1,entreeopleiding,"BBL,BOL",hg015,Veiligheid en sport,sg041,Publieke veiligheid,23322,Publieke veiligheid,07,Zakelijke dienstverlening en veiligheid
10829,Ondernemer Kleinbedrijf Textielindustrie en -Handel,4,middenkaderopleiding,"BBL,BOL",hg006,Handel en ondernemerschap,sg031,Management en ondernemerschap,23355,Ondernemerschap handel,04,Handel
10830,Leidinggevende Textielindustrie en -Handel,3,vakopleiding,"BBL,BOL",hg006,Handel en ondernemerschap,sg035,Mode en interieurindustrie,23279,Fashion,04,Handel
10831,Machinist Funderingsmachines,3,vakopleiding,BBL,hg004,Bouw en infra,sg024,Infrastructuur,23379,Machinisten,01,Techniek en gebouwde omgeving
10832,Machinist Torenkraan,3,vakopleiding,BBL,hg004,Bouw en infra,sg024,Infrastructuur,23379,Machinisten,01,Techniek en gebouwde omgeving
10833,Machinist Mobiele Kraan,3,vakopleiding,BBL,hg004,Bouw en infra,sg024,Infrastructuur,23379,Machinisten,01,Techniek en gebouwde omgeving
10834,Machinist Wegenbouwmachines,3,vakopleiding,BBL,hg004,Bouw en infra,sg024,Infrastructuur,23379,Machinisten,01,Techniek en gebouwde omgeving
10835,Machinist Grondverzetmachines,3,vakopleiding,BBL,hg004,Bouw en infra,sg024,Infrastructuur,23379,Machinisten,01,Techniek en gebouwde omgeving
10836,ICT-Beheerder,4,middenkaderopleiding,"BBL,BOL",hg008,Informatie en communicatietechnologie,sg023,ICT en media,23405,ICT support and systems,05,Ict en creatieve industrie
10837,Medewerker Beheer ICT,3,vakopleiding,"BBL,BOL",hg008,Informatie en communicatietechnologie,sg023,ICT en media,23405,ICT support and systems,05,Ict en creatieve industrie
10838,Service Medewerker-ICT,2,basisberoepsopleiding,"BBL,BOL",hg008,Informatie en communicatietechnologie,sg026,Kantoorautomatisering,23400,ICT support,05,Ict en creatieve industrie
10840,Uitvoerder Afbouw en Onderhoud,4,middenkaderopleiding,BBL,hg001,"Afbouw, hout en onderhoud",sg045,Schilderen en onderhoud,23378,Kaderfunctie afbouw en onderhoud,01,Techniek en gebouwde omgeving
10841,Allround Betonstaalverwerker,3,vakopleiding,"BBL,BOL",hg004,Bouw en infra,sg004,Bouwkunde,23047,Betonstaalverwerken,01,Techniek en gebouwde omgeving
10842,Allround Metselaar,3,vakopleiding,BBL,hg004,Bouw en infra,sg004,Bouwkunde,23313,Metselen,01,Techniek en gebouwde omgeving
10843,Betonstaalverwerker,2,basisberoepsopleiding,"BBL,BOL",hg004,Bouw en infra,sg004,Bouwkunde,23047,Betonstaalverwerken,01,Techniek en gebouwde omgeving
10844,Bedrijfsmanager Schadeherstelbedrijf,4,specialistenopleiding,BBL,hg010,Mobiliteit en voertuigen,sg034,Mobiliteitstechniek,23292,(After)sales in de mobiliteitsbranche,02,"Mobiliteit, transport, logistiek en maritiem"
10845,Bedrijfsmanager Carrosseriebouwbedrijf,4,specialistenopleiding,BBL,hg010,Mobiliteit en voertuigen,sg034,Mobiliteitstechniek,23292,(After)sales in de mobiliteitsbranche,02,"Mobiliteit, transport, logistiek en maritiem"
10846,Medewerker Informatiedienstverlening Bibliotheken,4,middenkaderopleiding,"BBL,BOL",hg005,Economie en administratie,sg059,Zakelijke dienstverlening,23296,Business Services,07,Zakelijke dienstverlening en veiligheid
10847,Verkoopchef,3,vakopleiding,"BBL,BOL",hg006,Handel en ondernemerschap,sg010,Detailhandel en groothandel,23325,Retail advies,04,Handel
10848,Ondernemer Ambulante Handel,4,middenkaderopleiding,"BBL,BOL",hg006,Handel en ondernemerschap,sg031,Management en ondernemerschap,23355,Ondernemerschap handel,04,Handel
10849,Filiaalbeheerder,4,middenkaderopleiding,"BBL,BOL",hg006,Handel en ondernemerschap,sg031,Management en ondernemerschap,23323,Retail Management,04,Handel
10850,Ondernemer/Manager Detailhandel,4,middenkaderopleiding,"BBL,BOL",hg006,Handel en ondernemerschap,sg031,Management en ondernemerschap,23355,Ondernemerschap handel,04,Handel
10851,Eerste Verkoper,3,vakopleiding,"BBL,BOL",hg006,Handel en ondernemerschap,sg010,Detailhandel en groothandel,23325,Retail advies,04,Handel
10852,Verkoopmedewerker Ambulante Handel,2,basisberoepsopleiding,"BBL,BOL",hg006,Handel en ondernemerschap,sg010,Detailhandel en groothandel,23324,Retail operationeel,04,Handel
10853,Verkoopmedewerker,2,basisberoepsopleiding,"BBL,BOL",hg006,Handel en ondernemerschap,sg010,Detailhandel en groothandel,23324,Retail operationeel,04,Handel
10856,Horecamedewerker Fastfoodsector,2,basisberoepsopleiding,"BBL,BOL",hg007,Horeca en bakkerij,sg021,Horeca,23084,Fastservice,06,"Voedsel, groen en gastvrijheid"
10857,Assistent Orde en Veiligheid,1,entreeopleiding,"BBL,BOL",hg015,Veiligheid en sport,sg041,Publieke veiligheid,23322,Publieke veiligheid,07,Zakelijke dienstverlening en veiligheid
10858,Assistent Woningstoffeerder,1,entreeopleiding,"BBL,BOL",hg001,"Afbouw, hout en onderhoud",sg022,Hout en meubel,23269,Interieurvakmanschap,04,Handel
10859,Woningstoffeerder,2,basisberoepsopleiding,"BBL,BOL",hg001,"Afbouw, hout en onderhoud",sg022,Hout en meubel,23269,Interieurvakmanschap,04,Handel
10860,Allround Woningstoffeerder,3,vakopleiding,"BBL,BOL",hg001,"Afbouw, hout en onderhoud",sg022,Hout en meubel,23269,Interieurvakmanschap,04,Handel
10861,Verkoopadviseur Wonen,3,vakopleiding,"BBL,BOL",hg006,Handel en ondernemerschap,sg010,Detailhandel en groothandel,23325,Retail advies,04,Handel
10862,Manager Wonen,4,middenkaderopleiding,"BBL,BOL",hg006,Handel en ondernemerschap,sg031,Management en ondernemerschap,23323,Retail Management,04,Handel
10864,Productiemedewerker Metalen Ramen,2,basisberoepsopleiding,BBL,hg011,Techniek en procesindustrie,sg058,Werktuigbouwkunde,23361,Productietechniek,01,Techniek en gebouwde omgeving
10865,Assistent Productiemedewerker Metalen Ramen,1,entreeopleiding,"BBL,BOL",hg002,Entree,sg061,Entree,23301,Entree,09,Entree
10866,Vliegtuigmonteur (JAR-cat. A),2,basisberoepsopleiding,BBL,hg011,Techniek en procesindustrie,sg054,Vliegtuigtechniek,23375,Luchtvaarttechniek,01,Techniek en gebouwde omgeving
10867,Vliegtuigonderhoudsmonteur (JAR-cat. A),2,basisberoepsopleiding,BOL,hg011,Techniek en procesindustrie,sg054,Vliegtuigtechniek,23375,Luchtvaarttechniek,01,Techniek en gebouwde omgeving
10868,Vliegtuigonderhoudsmonteur Modificatie en Reparatie (JAR-cat. B1),3,vakopleiding,BBL,hg011,Techniek en procesindustrie,sg054,Vliegtuigtechniek,23375,Luchtvaarttechniek,01,Techniek en gebouwde omgeving
10869,Aankomend Rioleringswerker/Wegenwerker,2,basisberoepsopleiding,"BBL,BOL",hg004,Bouw en infra,sg004,Bouwkunde,23303,"Grond-, water- en wegenbouw",01,Techniek en gebouwde omgeving
10870,Medewerker Vrede en Veiligheid,2,basisberoepsopleiding,"BBL,BOL",hg015,Veiligheid en sport,sg041,Publieke veiligheid,23322,Publieke veiligheid,07,Zakelijke dienstverlening en veiligheid
10871,Assistent Infratechniek,1,entreeopleiding,"BBL,BOL",hg002,Entree,sg061,Entree,23301,Entree,09,Entree
10872,Sport- en Bewegingsbegeleider,2,basisberoepsopleiding,"BBL,BOL",hg017,Zorg en welzijn,sg060,Basis dienstverlening,23385,Dienstverlening,03,"Zorg, welzijn en sport"
10873,Sport- en Bewegingsleider,3,vakopleiding,"BBL,BOL",hg015,Veiligheid en sport,sg048,Sport en bewegen,23366,Sport en Bewegen,03,"Zorg, welzijn en sport"
10874,Sport- en Bewegingscoordinator,4,middenkaderopleiding,"BBL,BOL",hg015,Veiligheid en sport,sg048,Sport en bewegen,23366,Sport en Bewegen,03,"Zorg, welzijn en sport"
10875,Bedrijfsleider fastfoodsector,3,vakopleiding,"BBL,BOL",hg007,Horeca en bakkerij,sg021,Horeca,23084,Fastservice,06,"Voedsel, groen en gastvrijheid"
10876,Beveiliger,2,basisberoepsopleiding,"BBL,BOL",hg015,Veiligheid en sport,sg038,Particuliere veiligheid,23281,Particuliere beveiliging,07,Zakelijke dienstverlening en veiligheid
10877,Aankomend Buizenlegger,2,basisberoepsopleiding,"BBL,BOL",hg011,Techniek en procesindustrie,sg025,Installatietechniek,23404,Infratechniek,01,Techniek en gebouwde omgeving
10878,Aankomend Waterbouwer,2,basisberoepsopleiding,"BBL,BOL",hg004,Bouw en infra,sg004,Bouwkunde,23303,"Grond-, water- en wegenbouw",01,Techniek en gebouwde omgeving
10879,Aankomend Straatmaker,2,basisberoepsopleiding,"BBL,BOL",hg004,Bouw en infra,sg004,Bouwkunde,23303,"Grond-, water- en wegenbouw",01,Techniek en gebouwde omgeving
10880,Kabelwerker,2,basisberoepsopleiding,"BBL,BOL",hg011,Techniek en procesindustrie,sg025,Installatietechniek,23404,Infratechniek,01,Techniek en gebouwde omgeving
10881,Gezel Dekvloerenlegger,3,vakopleiding,BBL,hg001,"Afbouw, hout en onderhoud",sg049,Stukadoren en afbouw,23376,Dekvloeren leggen,01,Techniek en gebouwde omgeving
10882,Vakkracht Industrieel Lakverwerker,3,vakopleiding,BBL,hg001,"Afbouw, hout en onderhoud",sg045,Schilderen en onderhoud,23005,Industriële lakverwerking,01,Techniek en gebouwde omgeving
10883,Metaalconserver,2,basisberoepsopleiding,BBL,hg001,"Afbouw, hout en onderhoud",sg045,Schilderen en onderhoud,23005,Industriële lakverwerking,01,Techniek en gebouwde omgeving
10884,Dekvloerenlegger,2,basisberoepsopleiding,BBL,hg001,"Afbouw, hout en onderhoud",sg049,Stukadoren en afbouw,23376,Dekvloeren leggen,01,Techniek en gebouwde omgeving
10885,Assistent Industrieel Lakverwerker / Metaalconserveerder,1,entreeopleiding,BBL,hg002,Entree,sg061,Entree,23301,Entree,09,Entree
10886,Industrieel Lakverwerker,2,basisberoepsopleiding,BBL,hg001,"Afbouw, hout en onderhoud",sg045,Schilderen en onderhoud,23005,Industriële lakverwerking,01,Techniek en gebouwde omgeving
10887,Medewerker Watersportindustrie,2,basisberoepsopleiding,"BBL,BOL",hg013,"Transport, scheepvaart en logistiek",sg044,Scheepvaart,23239,Maritieme techniek,02,"Mobiliteit, transport, logistiek en maritiem"
10888,Assistent Mobiliteitsbranche,1,entreeopleiding,"BBL,BOL",hg002,Entree,sg061,Entree,23301,Entree,09,Entree
10889,Eerste Carrosserietechnicus,3,vakopleiding,BBL,hg010,Mobiliteit en voertuigen,sg006,Carrosserietechniek,23358,Autoschadehersteltechniek,02,"Mobiliteit, transport, logistiek en maritiem"
10890,Praktijkopleider,4,specialistenopleiding,BBL,hg017,Zorg en welzijn,sg039,Pedagogisch werk,23320,Praktijkopleider,03,"Zorg, welzijn en sport"
10891,Facilitair medewerker,2,basisberoepsopleiding,"BBL,BOL",hg017,Zorg en welzijn,sg060,Basis dienstverlening,23385,Dienstverlening,06,"Voedsel, groen en gastvrijheid"
10892,Facilitair Leidinggevende,4,middenkaderopleiding,"BBL,BOL",hg007,Horeca en bakkerij,sg015,Facilitaire dienstverlening,23247,Facilitaire dienstverlening,06,"Voedsel, groen en gastvrijheid"
10893,Chauffeur Personenvervoer,2,basisberoepsopleiding,"BBL,BOL",hg013,"Transport, scheepvaart en logistiek",sg057,Weg- en railtransport,23276,Personenvervoer,02,"Mobiliteit, transport, logistiek en maritiem"
10894,Straatmaker,3,vakopleiding,"BBL,BOL",hg004,Bouw en infra,sg004,Bouwkunde,23303,"Grond-, water- en wegenbouw",01,Techniek en gebouwde omgeving
10895,Rioleringswerker/wegenwerker,3,vakopleiding,"BBL,BOL",hg004,Bouw en infra,sg004,Bouwkunde,23303,"Grond-, water- en wegenbouw",01,Techniek en gebouwde omgeving
10896,Waterbouwer,3,vakopleiding,"BBL,BOL",hg004,Bouw en infra,sg004,Bouwkunde,23303,"Grond-, water- en wegenbouw",01,Techniek en gebouwde omgeving
10897,Betontimmerkracht civiel voortgezet,3,vakopleiding,"BBL,BOL",hg004,Bouw en infra,sg004,Bouwkunde,23048,Betontimmeren,01,Techniek en gebouwde omgeving
10898,Monteur Mechatronica,2,basisberoepsopleiding,"BBL,BOL",hg011,Techniek en procesindustrie,sg058,Werktuigbouwkunde,23360,Mechatronica,01,Techniek en gebouwde omgeving
10899,Allround monteur gasturbines,3,vakopleiding,BBL,hg011,Techniek en procesindustrie,sg025,Installatietechniek,23329,Service- en onderhoudstechniek,01,Techniek en gebouwde omgeving
10900,Monteur Gasturbines,2,basisberoepsopleiding,BBL,hg011,Techniek en procesindustrie,sg025,Installatietechniek,23404,Infratechniek,01,Techniek en gebouwde omgeving
10901,Basislasser,1,entreeopleiding,"BBL,BOL",hg002,Entree,sg061,Entree,23301,Entree,09,Entree
10902,Hoeklasser,2,basisberoepsopleiding,"BBL,BOL",hg011,Techniek en procesindustrie,sg058,Werktuigbouwkunde,23361,Productietechniek,01,Techniek en gebouwde omgeving
10903,Service medewerker ICT,2,basisberoepsopleiding,"BBL,BOL",hg008,Informatie en communicatietechnologie,sg026,Kantoorautomatisering,23400,ICT support,05,Ict en creatieve industrie
10904,Medewerker beheer ICT,3,vakopleiding,"BBL,BOL",hg008,Informatie en communicatietechnologie,sg023,ICT en media,23405,ICT support and systems,05,Ict en creatieve industrie
10905,ICT-beheerder,4,middenkaderopleiding,"BBL,BOL",hg008,Informatie en communicatietechnologie,sg023,ICT en media,23405,ICT support and systems,05,Ict en creatieve industrie
10906,Applicatiebeheerder,4,specialistenopleiding,"BBL,BOL",hg008,Informatie en communicatietechnologie,sg023,ICT en media,23405,ICT support and systems,05,Ict en creatieve industrie
10907,Applicatieontwikkelaar,4,specialistenopleiding,"BBL,BOL",hg008,Informatie en communicatietechnologie,sg023,ICT en media,23399,Software development,05,Ict en creatieve industrie
10908,Netwerkbeheerder,4,specialistenopleiding,"BBL,BOL",hg008,Informatie en communicatietechnologie,sg023,ICT en media,23405,ICT support and systems,05,Ict en creatieve industrie
10909,Administratief juridisch medewerker,4,middenkaderopleiding,"BBL,BOL",hg005,Economie en administratie,sg059,Zakelijke dienstverlening,23296,Business Services,07,Zakelijke dienstverlening en veiligheid
10910,Coordinator beveiliging,3,vakopleiding,"BBL,BOL",hg015,Veiligheid en sport,sg038,Particuliere veiligheid,23281,Particuliere beveiliging,07,Zakelijke dienstverlening en veiligheid
10911,Opticien Manager,4,middenkaderopleiding,"BBL,BOL",hg003,"Ambacht, laboratorium en gezondheidstechniek",sg017,Gezondheidstechniek,23413,Optiek,08,Specialistisch vakmanschap
10912,Opticien,3,vakopleiding,"BBL,BOL",hg003,"Ambacht, laboratorium en gezondheidstechniek",sg017,Gezondheidstechniek,23413,Optiek,08,Specialistisch vakmanschap
10913,Medewerker Opticien,2,basisberoepsopleiding,"BBL,BOL",hg003,"Ambacht, laboratorium en gezondheidstechniek",sg017,Gezondheidstechniek,23413,Optiek,08,Specialistisch vakmanschap
10914,Assistent Medewerker Opticien,1,entreeopleiding,"BBL,BOL",hg003,"Ambacht, laboratorium en gezondheidstechniek",sg017,Gezondheidstechniek,23413,Optiek,08,Specialistisch vakmanschap
10915,Schoenhersteller,2,basisberoepsopleiding,"BBL,BOL",hg003,"Ambacht, laboratorium en gezondheidstechniek",sg003,Ambachtelijke techniek,23387,Schoentechniek,08,Specialistisch vakmanschap
10916,Orthopedisch Technisch Productiemedewerker,2,basisberoepsopleiding,"BBL,BOL",hg003,"Ambacht, laboratorium en gezondheidstechniek",sg017,Gezondheidstechniek,23351,Orthopedische techniek,08,Specialistisch vakmanschap
10917,Onderwerkmaker,2,basisberoepsopleiding,"BBL,BOL",hg003,"Ambacht, laboratorium en gezondheidstechniek",sg003,Ambachtelijke techniek,23387,Schoentechniek,08,Specialistisch vakmanschap
10918,Schachtenmaker,2,basisberoepsopleiding,"BBL,BOL",hg003,"Ambacht, laboratorium en gezondheidstechniek",sg003,Ambachtelijke techniek,23387,Schoentechniek,08,Specialistisch vakmanschap
10919,Orthopedisch Technisch Medewerker,3,vakopleiding,"BBL,BOL",hg003,"Ambacht, laboratorium en gezondheidstechniek",sg017,Gezondheidstechniek,23351,Orthopedische techniek,08,Specialistisch vakmanschap
10920,Orthop Schoentech medewerker,3,vakopleiding,"BBL,BOL",hg003,"Ambacht, laboratorium en gezondheidstechniek",sg017,Gezondheidstechniek,23350,Orthopedische schoentechniek,08,Specialistisch vakmanschap
10921,Schoenconsulent,3,vakopleiding,"BBL,BOL",hg006,Handel en ondernemerschap,sg010,Detailhandel en groothandel,23398,Ondernemerschap op basis van een vakspecialisme,04,Handel
10922,Schoentech verkoopmedewerker,3,vakopleiding,"BBL,BOL",hg006,Handel en ondernemerschap,sg010,Detailhandel en groothandel,23398,Ondernemerschap op basis van een vakspecialisme,04,Handel
10923,Orthopedisch Technicus,4,middenkaderopleiding,"BBL,BOL",hg003,"Ambacht, laboratorium en gezondheidstechniek",sg017,Gezondheidstechniek,23351,Orthopedische techniek,08,Specialistisch vakmanschap
10924,Orthopedisch schoentechnicus,4,middenkaderopleiding,"BBL,BOL",hg003,"Ambacht, laboratorium en gezondheidstechniek",sg017,Gezondheidstechniek,23350,Orthopedische schoentechniek,08,Specialistisch vakmanschap
10925,Schoentechnisch Ontwerper,4,middenkaderopleiding,"BBL,BOL",hg003,"Ambacht, laboratorium en gezondheidstechniek",sg017,Gezondheidstechniek,23350,Orthopedische schoentechniek,08,Specialistisch vakmanschap
10926,Telecom ICT Engineer (MK-Tel/ICT),4,middenkaderopleiding,BOL,hg011,Techniek en procesindustrie,sg025,Installatietechniek,23410,Infratechniek (kader),01,Techniek en gebouwde omgeving
10927,Kaderfuntionaris Meubelindustie en Interieurbouw,4,middenkaderopleiding,"BBL,BOL",hg001,"Afbouw, hout en onderhoud",sg022,Hout en meubel,23373,Meubels en (scheeps)interieurs maken,01,Techniek en gebouwde omgeving
10928,Kaderfunctionaris Timmerindustrie,4,middenkaderopleiding,"BBL,BOL",hg001,"Afbouw, hout en onderhoud",sg022,Hout en meubel,23235,Industrieel produceren met hout,01,Techniek en gebouwde omgeving
10929,Allround Meubelmaker,3,vakopleiding,"BBL,BOL",hg001,"Afbouw, hout en onderhoud",sg022,Hout en meubel,23373,Meubels en (scheeps)interieurs maken,01,Techniek en gebouwde omgeving
10930,Allround Machinaal Houtbewerker Meubelindustrie,3,vakopleiding,"BBL,BOL",hg001,"Afbouw, hout en onderhoud",sg022,Hout en meubel,23373,Meubels en (scheeps)interieurs maken,01,Techniek en gebouwde omgeving
10931,Allround Werkplaatstimmerman,3,vakopleiding,"BBL,BOL",hg001,"Afbouw, hout en onderhoud",sg022,Hout en meubel,23235,Industrieel produceren met hout,01,Techniek en gebouwde omgeving
10932,Allround Machinaal Houtbewerker Timmerindustrie,3,vakopleiding,"BBL,BOL",hg001,"Afbouw, hout en onderhoud",sg022,Hout en meubel,23373,Meubels en (scheeps)interieurs maken,01,Techniek en gebouwde omgeving
10933,Meubelmaker,2,basisberoepsopleiding,"BBL,BOL",hg001,"Afbouw, hout en onderhoud",sg022,Hout en meubel,23373,Meubels en (scheeps)interieurs maken,01,Techniek en gebouwde omgeving
10934,Machinaal Houtbewerker Meubelindustrie,2,basisberoepsopleiding,"BBL,BOL",hg001,"Afbouw, hout en onderhoud",sg022,Hout en meubel,23373,Meubels en (scheeps)interieurs maken,01,Techniek en gebouwde omgeving
10935,Werkplaatstimmerman,2,basisberoepsopleiding,"BBL,BOL",hg001,"Afbouw, hout en onderhoud",sg022,Hout en meubel,23235,Industrieel produceren met hout,01,Techniek en gebouwde omgeving
10936,Machinaal Houtbewerker Timmerindustrie,2,basisberoepsopleiding,"BBL,BOL",hg001,"Afbouw, hout en onderhoud",sg022,Hout en meubel,23373,Meubels en (scheeps)interieurs maken,01,Techniek en gebouwde omgeving
10937,Assistent Timmerindustrie,1,entreeopleiding,"BBL,BOL",hg002,Entree,sg061,Entree,23301,Entree,09,Entree
10938,Assistent Meubelmaker/Machinaal Houtbewerker,1,entreeopleiding,"BBL,BOL",hg002,Entree,sg061,Entree,23301,Entree,09,Entree
11000,Specialist bloemen- en tuincentrumbranche differentiatie bloemendetailhandel arrangeur,4,specialistenopleiding,"BBL,BOL",hg016,"Voedsel, natuur en leefomgeving",sg055,"Voeding, teelt en verwerking",23289,"Bloem, groen en styling",06,"Voedsel, groen en gastvrijheid"
11001,Vakbekwaam medewerker paardenhouderij,3,vakopleiding,"BBL,BOL",hg016,"Voedsel, natuur en leefomgeving",sg011,Dier,23369,Paardensport en -houderij,06,"Voedsel, groen en gastvrijheid"
11002,Vakbekwaam medewerker paardensport,3,vakopleiding,"BBL,BOL",hg016,"Voedsel, natuur en leefomgeving",sg011,Dier,23369,Paardensport en -houderij,06,"Voedsel, groen en gastvrijheid"
11003,Hoefsmid,3,vakopleiding,"BBL,BOL",hg016,"Voedsel, natuur en leefomgeving",sg011,Dier,23367,Hoefsmederij,06,"Voedsel, groen en gastvrijheid"
11004,Vakbekwaam medewerker bosexploitatie/bos- en natuurbeheer,3,vakopleiding,"BBL,BOL",hg016,"Voedsel, natuur en leefomgeving",sg055,"Voeding, teelt en verwerking",23395,"Groen, grond en groene infra",06,"Voedsel, groen en gastvrijheid"
11005,Vakbekwaam groenvoorziener/vakbekwaam medewerker woonomgeving,3,vakopleiding,"BBL,BOL",hg016,"Voedsel, natuur en leefomgeving",sg055,"Voeding, teelt en verwerking",23395,"Groen, grond en groene infra",06,"Voedsel, groen en gastvrijheid"
11006,Vakbekwaam hovenier,3,vakopleiding,"BBL,BOL",hg016,"Voedsel, natuur en leefomgeving",sg055,"Voeding, teelt en verwerking",23394,Groene ruimte,06,"Voedsel, groen en gastvrijheid"
11007,"Vakbekwaam medewerker land, water en milieu",3,vakopleiding,"BBL,BOL",hg016,"Voedsel, natuur en leefomgeving",sg055,"Voeding, teelt en verwerking",23394,Groene ruimte,06,"Voedsel, groen en gastvrijheid"
11008,Vakbekwaam groen/technisch medewerker recreatiebedrijf,3,vakopleiding,"BBL,BOL",hg016,"Voedsel, natuur en leefomgeving",sg055,"Voeding, teelt en verwerking",23394,Groene ruimte,06,"Voedsel, groen en gastvrijheid"
11009,"Opzichter/uitvoerder land, water en milieu",4,middenkaderopleiding,"BBL,BOL",hg016,"Voedsel, natuur en leefomgeving",sg055,"Voeding, teelt en verwerking",23394,Groene ruimte,06,"Voedsel, groen en gastvrijheid"
11010,Groen/technisch manager recreatiebedrijf,4,middenkaderopleiding,"BBL,BOL",hg016,"Voedsel, natuur en leefomgeving",sg055,"Voeding, teelt en verwerking",23394,Groene ruimte,06,"Voedsel, groen en gastvrijheid"
11011,Inseminator,4,specialistenopleiding,BBL,hg016,"Voedsel, natuur en leefomgeving",sg011,Dier,23298,Dierverzorging,06,"Voedsel, groen en gastvrijheid"
11012,Embryotransplanteur,4,specialistenopleiding,BBL,hg016,"Voedsel, natuur en leefomgeving",sg011,Dier,23298,Dierverzorging,06,"Voedsel, groen en gastvrijheid"
11013,Embryotransplanteur/-winner,4,specialistenopleiding,BBL,hg016,"Voedsel, natuur en leefomgeving",sg011,Dier,23298,Dierverzorging,06,"Voedsel, groen en gastvrijheid"
11014,Dierenartsassistent paraveterinair,4,specialistenopleiding,"BBL,BOL",hg016,"Voedsel, natuur en leefomgeving",sg011,Dier,23298,Dierverzorging,06,"Voedsel, groen en gastvrijheid"
11015,Inseminator,4,specialistenopleiding,BBL,hg016,"Voedsel, natuur en leefomgeving",sg011,Dier,23298,Dierverzorging,06,"Voedsel, groen en gastvrijheid"
11016,Vakbekwaam medewerker plantenteelt,3,vakopleiding,"BBL,BOL",hg016,"Voedsel, natuur en leefomgeving",sg055,"Voeding, teelt en verwerking",23393,"Agro productie, handel en technologie",06,"Voedsel, groen en gastvrijheid"
11017,Vakbekwaam medewerker biologisch dynamisch bedrijf,3,vakopleiding,"BBL,BOL",hg016,"Voedsel, natuur en leefomgeving",sg055,"Voeding, teelt en verwerking",23393,"Agro productie, handel en technologie",06,"Voedsel, groen en gastvrijheid"
11018,Vakbekwaam medewerker gemechaniseerd loonwerk,3,vakopleiding,"BBL,BOL",hg016,"Voedsel, natuur en leefomgeving",sg055,"Voeding, teelt en verwerking",23395,"Groen, grond en groene infra",06,"Voedsel, groen en gastvrijheid"
11019,Monteur-chauffeur loonwerk,3,vakopleiding,"BBL,BOL",hg010,Mobiliteit en voertuigen,sg034,Mobiliteitstechniek,23273,Voertuigen en mobiele werktuigen,02,"Mobiliteit, transport, logistiek en maritiem"
11020,Vakbekwaam medewerker veiling en groothandel,3,vakopleiding,"BBL,BOL",hg016,"Voedsel, natuur en leefomgeving",sg055,"Voeding, teelt en verwerking",23393,"Agro productie, handel en technologie",06,"Voedsel, groen en gastvrijheid"
11021,Vakbekwaam medewerker dierketen,3,vakopleiding,"BBL,BOL",hg016,"Voedsel, natuur en leefomgeving",sg011,Dier,23298,Dierverzorging,06,"Voedsel, groen en gastvrijheid"
11022,Vakbekwaam medewerker veehouderij,3,vakopleiding,"BBL,BOL",hg016,"Voedsel, natuur en leefomgeving",sg055,"Voeding, teelt en verwerking",23393,"Agro productie, handel en technologie",06,"Voedsel, groen en gastvrijheid"
11023,Vakbekwaam medewerker voedingsmiddelentechnoloog 3,3,vakopleiding,"BBL,BOL",hg016,"Voedsel, natuur en leefomgeving",sg055,"Voeding, teelt en verwerking",23392,Voeding,06,"Voedsel, groen en gastvrijheid"
11024,Vakbekwaam medewerker bloemen- en tuincentrumbranche,3,vakopleiding,"BBL,BOL",hg016,"Voedsel, natuur en leefomgeving",sg055,"Voeding, teelt en verwerking",23289,"Bloem, groen en styling",06,"Voedsel, groen en gastvrijheid"
11025,Vakbekwaam medewerker dierverzorging,3,vakopleiding,"BBL,BOL",hg016,"Voedsel, natuur en leefomgeving",sg011,Dier,23298,Dierverzorging,06,"Voedsel, groen en gastvrijheid"
11026,Bedrijfsleider/manager plantenteelt,4,middenkaderopleiding,"BBL,BOL",hg016,"Voedsel, natuur en leefomgeving",sg055,"Voeding, teelt en verwerking",23393,"Agro productie, handel en technologie",06,"Voedsel, groen en gastvrijheid"
11027,Bedrijfsleider/manager biologisch dynamisch bedrijf,4,middenkaderopleiding,"BBL,BOL",hg016,"Voedsel, natuur en leefomgeving",sg055,"Voeding, teelt en verwerking",23393,"Agro productie, handel en technologie",06,"Voedsel, groen en gastvrijheid"
11028,Bedrijfsleider/manager gemechaniseerd loonwerk,4,middenkaderopleiding,"BBL,BOL",hg016,"Voedsel, natuur en leefomgeving",sg055,"Voeding, teelt en verwerking",23395,"Groen, grond en groene infra",06,"Voedsel, groen en gastvrijheid"
11029,Bedrijfsleider/manager veiling en groothandel,4,middenkaderopleiding,"BBL,BOL",hg016,"Voedsel, natuur en leefomgeving",sg055,"Voeding, teelt en verwerking",23393,"Agro productie, handel en technologie",06,"Voedsel, groen en gastvrijheid"
11030,Bedrijfsleider/manager dierketen,4,middenkaderopleiding,"BBL,BOL",hg016,"Voedsel, natuur en leefomgeving",sg011,Dier,23298,Dierverzorging,06,"Voedsel, groen en gastvrijheid"
11031,Bedrijfsleider/manager veehouderij,4,middenkaderopleiding,"BBL,BOL",hg016,"Voedsel, natuur en leefomgeving",sg055,"Voeding, teelt en verwerking",23393,"Agro productie, handel en technologie",06,"Voedsel, groen en gastvrijheid"
11032,Middenkaderfunctionaris voedingsmiddelentechnoloog 4,4,middenkaderopleiding,"BBL,BOL",hg016,"Voedsel, natuur en leefomgeving",sg055,"Voeding, teelt en verwerking",23392,Voeding,06,"Voedsel, groen en gastvrijheid"
11033,Middenkaderfunctionaris bloemen- en tuincentrumbranche,4,middenkaderopleiding,"BBL,BOL",hg016,"Voedsel, natuur en leefomgeving",sg055,"Voeding, teelt en verwerking",23289,"Bloem, groen en styling",06,"Voedsel, groen en gastvrijheid"
11034,Bedrijfsleider/beheerder dierverzorging,4,middenkaderopleiding,"BBL,BOL",hg016,"Voedsel, natuur en leefomgeving",sg011,Dier,23298,Dierverzorging,06,"Voedsel, groen en gastvrijheid"
11035,Bedrijfsleider/manager paardenhouderij,4,middenkaderopleiding,"BBL,BOL",hg016,"Voedsel, natuur en leefomgeving",sg011,Dier,23369,Paardensport en -houderij,06,"Voedsel, groen en gastvrijheid"
11036,Bedrijfsleider/instructeur paardensport,4,middenkaderopleiding,"BBL,BOL",hg016,"Voedsel, natuur en leefomgeving",sg011,Dier,23369,Paardensport en -houderij,06,"Voedsel, groen en gastvrijheid"
11037,Opzichter/uitvoerder bos- en natuurbeheer,4,middenkaderopleiding,"BBL,BOL",hg016,"Voedsel, natuur en leefomgeving",sg055,"Voeding, teelt en verwerking",23394,Groene ruimte,06,"Voedsel, groen en gastvrijheid"
11038,Opzichter/uitvoerder groenvoorziening/woonomgeving,4,middenkaderopleiding,"BBL,BOL",hg016,"Voedsel, natuur en leefomgeving",sg055,"Voeding, teelt en verwerking",23394,Groene ruimte,06,"Voedsel, groen en gastvrijheid"
11039,Uitvoerder hoveniersbedrijf,4,middenkaderopleiding,"BBL,BOL",hg016,"Voedsel, natuur en leefomgeving",sg055,"Voeding, teelt en verwerking",23394,Groene ruimte,06,"Voedsel, groen en gastvrijheid"
11040,Assistent medewerker plantenteelt,1,entreeopleiding,"BBL,BOL",hg002,Entree,sg061,Entree,23301,Entree,09,Entree
11041,Assistent medewerker levensmiddelentechnoloog 1,1,entreeopleiding,BBL,hg002,Entree,sg061,Entree,23301,Entree,09,Entree
11042,Assistent medewerker dier,1,entreeopleiding,"BBL,BOL",hg016,"Voedsel, natuur en leefomgeving",sg011,Dier,23298,Dierverzorging,06,"Voedsel, groen en gastvrijheid"
11043,Assistent medewerker groene ruimte,1,entreeopleiding,BBL,hg002,Entree,sg061,Entree,23301,Entree,09,Entree
11044,Medewerker plantenteelt,2,basisberoepsopleiding,"BBL,BOL",hg016,"Voedsel, natuur en leefomgeving",sg055,"Voeding, teelt en verwerking",23393,"Agro productie, handel en technologie",06,"Voedsel, groen en gastvrijheid"
11045,Medewerker biologisch dynamisch bedrijf,2,basisberoepsopleiding,"BBL,BOL",hg016,"Voedsel, natuur en leefomgeving",sg055,"Voeding, teelt en verwerking",23393,"Agro productie, handel en technologie",06,"Voedsel, groen en gastvrijheid"
11046,Medewerker gemechaniseerd loonwerk,2,basisberoepsopleiding,"BBL,BOL",hg016,"Voedsel, natuur en leefomgeving",sg055,"Voeding, teelt en verwerking",23395,"Groen, grond en groene infra",06,"Voedsel, groen en gastvrijheid"
11047,Medewerker veiling en groothandel plantenteeltproducten,2,basisberoepsopleiding,"BBL,BOL",hg016,"Voedsel, natuur en leefomgeving",sg055,"Voeding, teelt en verwerking",23393,"Agro productie, handel en technologie",06,"Voedsel, groen en gastvrijheid"
11048,Medewerker veehouderij,2,basisberoepsopleiding,"BBL,BOL",hg016,"Voedsel, natuur en leefomgeving",sg011,Dier,23298,Dierverzorging,06,"Voedsel, groen en gastvrijheid"
11049,Medewerker voedingsmiddelentechnoloog 2,2,basisberoepsopleiding,"BBL,BOL",hg016,"Voedsel, natuur en leefomgeving",sg055,"Voeding, teelt en verwerking",23392,Voeding,06,"Voedsel, groen en gastvrijheid"
11050,Medewerker bloemen- en tuincentrumbranche,2,basisberoepsopleiding,"BBL,BOL",hg016,"Voedsel, natuur en leefomgeving",sg055,"Voeding, teelt en verwerking",23289,"Bloem, groen en styling",06,"Voedsel, groen en gastvrijheid"
11051,Medewerker dierverzorging,2,basisberoepsopleiding,"BBL,BOL",hg016,"Voedsel, natuur en leefomgeving",sg011,Dier,23298,Dierverzorging,06,"Voedsel, groen en gastvrijheid"
11052,Medewerker paardenhouderij en paardensport,2,basisberoepsopleiding,"BBL,BOL",hg016,"Voedsel, natuur en leefomgeving",sg011,Dier,23298,Dierverzorging,06,"Voedsel, groen en gastvrijheid"
11053,Medewerker bos- en natuurbeheer,2,basisberoepsopleiding,"BBL,BOL",hg016,"Voedsel, natuur en leefomgeving",sg055,"Voeding, teelt en verwerking",23395,"Groen, grond en groene infra",06,"Voedsel, groen en gastvrijheid"
11054,Medewerker groenvoorziening/woonomgeving,2,basisberoepsopleiding,"BBL,BOL",hg016,"Voedsel, natuur en leefomgeving",sg055,"Voeding, teelt en verwerking",23395,"Groen, grond en groene infra",06,"Voedsel, groen en gastvrijheid"
11055,Medewerker hovenier,2,basisberoepsopleiding,"BBL,BOL",hg016,"Voedsel, natuur en leefomgeving",sg055,"Voeding, teelt en verwerking",23395,"Groen, grond en groene infra",06,"Voedsel, groen en gastvrijheid"
11056,"Medewerker land, water en milieu",2,basisberoepsopleiding,"BBL,BOL",hg016,"Voedsel, natuur en leefomgeving",sg055,"Voeding, teelt en verwerking",23395,"Groen, grond en groene infra",06,"Voedsel, groen en gastvrijheid"
11057,Groen/technisch medewerker recreatiebedrijf,2,basisberoepsopleiding,"BBL,BOL",hg016,"Voedsel, natuur en leefomgeving",sg055,"Voeding, teelt en verwerking",23394,Groene ruimte,06,"Voedsel, groen en gastvrijheid"
11058,Milieufunctionaris,4,middenkaderopleiding,"BBL,BOL",hg016,"Voedsel, natuur en leefomgeving",sg036,Natuur en groene ruimte,23234,Advies en onderzoek leefomgeving,06,"Voedsel, groen en gastvrijheid"
11059,Expert vruchtbaarheid en voortplanting,4,specialistenopleiding,BBL,hg016,"Voedsel, natuur en leefomgeving",sg011,Dier,23298,Dierverzorging,06,"Voedsel, groen en gastvrijheid"
11061,Vakbekwaam medewerker groothandel en logistiek,3,vakopleiding,"BBL,BOL",hg016,"Voedsel, natuur en leefomgeving",sg055,"Voeding, teelt en verwerking",23393,"Agro productie, handel en technologie",06,"Voedsel, groen en gastvrijheid"
11062,Vakbekwaam medewerker in- en verkoop,3,vakopleiding,"BBL,BOL",hg016,"Voedsel, natuur en leefomgeving",sg055,"Voeding, teelt en verwerking",23289,"Bloem, groen en styling",06,"Voedsel, groen en gastvrijheid"
11063,Medewerker groothandel en logistiek,2,basisberoepsopleiding,"BBL,BOL",hg016,"Voedsel, natuur en leefomgeving",sg055,"Voeding, teelt en verwerking",23393,"Agro productie, handel en technologie",06,"Voedsel, groen en gastvrijheid"
11064,Bedrijfsleider/manager groothandel en logistiek,4,middenkaderopleiding,"BBL,BOL",hg016,"Voedsel, natuur en leefomgeving",sg055,"Voeding, teelt en verwerking",23393,"Agro productie, handel en technologie",06,"Voedsel, groen en gastvrijheid"
11065,Bedrijfsleider/manager in- en verkoop,4,middenkaderopleiding,"BBL,BOL",hg016,"Voedsel, natuur en leefomgeving",sg055,"Voeding, teelt en verwerking",23393,"Agro productie, handel en technologie",06,"Voedsel, groen en gastvrijheid"
11066,Medewerker biologisch-dynamisch bedrijf,2,basisberoepsopleiding,"BBL,BOL",hg016,"Voedsel, natuur en leefomgeving",sg055,"Voeding, teelt en verwerking",23393,"Agro productie, handel en technologie",06,"Voedsel, groen en gastvrijheid"
11068,Bedrijfsleider/manager biologisch-dynamisch bedrijf,4,middenkaderopleiding,"BBL,BOL",hg016,"Voedsel, natuur en leefomgeving",sg055,"Voeding, teelt en verwerking",23393,"Agro productie, handel en technologie",06,"Voedsel, groen en gastvrijheid"
11069,Bedrijfsleider/manager voedingsindustrie,,,,hg016,"Voedsel, natuur en leefomgeving",sg055,"Voeding, teelt en verwerking",23392,Voeding,06,"Voedsel, groen en gastvrijheid"
11070,Vakbekwaam medewerker biologisch-dynamisch bedrijf,3,vakopleiding,"BBL,BOL",hg016,"Voedsel, natuur en leefomgeving",sg055,"Voeding, teelt en verwerking",23393,"Agro productie, handel en technologie",06,"Voedsel, groen en gastvrijheid"
12001,Assistent medewerker voedsel en groen (plantenteelt),1,entreeopleiding,"BBL,BOL",hg002,Entree,sg061,Entree,23301,Entree,09,Entree
12002,Assistent medewerker voedsel en groen (voedingsindustrie),1,entreeopleiding,"BBL,BOL",hg002,Entree,sg061,Entree,23301,Entree,09,Entree
12003,Assistent medewerker voedsel en groen (bloemen- en tuincentrumbranche),1,entreeopleiding,"BBL,BOL",hg002,Entree,sg061,Entree,23301,Entree,09,Entree
12004,Assistent medewerker voedsel en groen (dierverzorging),1,entreeopleiding,"BBL,BOL",hg016,"Voedsel, natuur en leefomgeving",sg011,Dier,23298,Dierverzorging,06,"Voedsel, groen en gastvrijheid"
12005,Assistent medewerker voedsel en groen (groene ruimte),1,entreeopleiding,"BBL,BOL",hg002,Entree,sg061,Entree,23301,Entree,09,Entree
22000,Assistent bouw en infra,,,"BBL,BOL",hg002,Entree,sg061,Entree,23301,Entree,09,Entree
22001,Voeger / gevelbehandelaar,,,"BBL,BOL",hg004,Bouw en infra,sg004,Bouwkunde,23196,Voegen/gevelbehandelen,01,Techniek en gebouwde omgeving
22002,Tegelzetter,,,"BBL,BOL",hg004,Bouw en infra,sg004,Bouwkunde,23330,Tegelzetten,01,Techniek en gebouwde omgeving
22003,Natuursteenbewerker,,,"BBL,BOL",hg004,Bouw en infra,sg004,Bouwkunde,23054,Natuursteenbewerken,01,Techniek en gebouwde omgeving
22004,Dakdekker,,,"BBL,BOL",hg004,Bouw en infra,sg004,Bouwkunde,23352,Dakdekken,01,Techniek en gebouwde omgeving
22005,Betonstaalverwerker,,,"BBL,BOL",hg004,Bouw en infra,sg004,Bouwkunde,23047,Betonstaalverwerken,01,Techniek en gebouwde omgeving
22006,Betontimmerman,,,"BBL,BOL",hg004,Bouw en infra,sg004,Bouwkunde,23048,Betontimmeren,01,Techniek en gebouwde omgeving
22007,Betonboorder,,,"BBL,BOL",hg004,Bouw en infra,sg004,Bouwkunde,23045,Betonboren,01,Techniek en gebouwde omgeving
22008,Steigerbouwer,,,"BBL,BOL",hg004,Bouw en infra,sg004,Bouwkunde,23313,Metselen,01,Techniek en gebouwde omgeving
22009,Metselaar,,,"BBL,BOL",hg004,Bouw en infra,sg004,Bouwkunde,23313,Metselen,01,Techniek en gebouwde omgeving
22010,Timmerman,,,"BBL,BOL",hg004,Bouw en infra,sg004,Bouwkunde,23331,Timmeren,01,Techniek en gebouwde omgeving
22011,"Kaderfunctionaris bouw, infra en gespecialiseerde aannemerij",,,"BBL,BOL",hg004,Bouw en infra,sg004,Bouwkunde,23058,Werkvoorbereiden/uitvoeren,01,Techniek en gebouwde omgeving
22012,Middenkaderfunctionaris bouw en infra,,,"BBL,BOL",hg004,Bouw en infra,sg004,Bouwkunde,23353,Middenkader bouw en infra,01,Techniek en gebouwde omgeving
22013,Straatmaker,,,"BBL,BOL",hg004,Bouw en infra,sg004,Bouwkunde,23303,"Grond-, water- en wegenbouw",01,Techniek en gebouwde omgeving
22014,Vakman asfalt,,,"BBL,BOL",hg004,Bouw en infra,sg004,Bouwkunde,23303,"Grond-, water- en wegenbouw",01,Techniek en gebouwde omgeving
22015,Vakman gww,,,"BBL,BOL",hg004,Bouw en infra,sg004,Bouwkunde,23303,"Grond-, water- en wegenbouw",01,Techniek en gebouwde omgeving
22016,Waterbouwer,,,"BBL,BOL",hg004,Bouw en infra,sg004,Bouwkunde,23303,"Grond-, water- en wegenbouw",01,Techniek en gebouwde omgeving
22017,Machinist,,,"BBL,BOL",hg004,Bouw en infra,sg024,Infrastructuur,23379,Machinisten,01,Techniek en gebouwde omgeving
22018,Assistent houtbranche,,,"BBL,BOL",hg002,Entree,sg061,Entree,23301,Entree,09,Entree
22019,Parketteur,,,"BBL,BOL",hg001,"Afbouw, hout en onderhoud",sg022,Hout en meubel,23269,Interieurvakmanschap,04,Handel
22020,Woningstoffeerder,,,"BBL,BOL",hg001,"Afbouw, hout en onderhoud",sg022,Hout en meubel,23269,Interieurvakmanschap,04,Handel
22021,Machinaal houtbewerker,,,"BBL,BOL",hg001,"Afbouw, hout en onderhoud",sg022,Hout en meubel,23373,Meubels en (scheeps)interieurs maken,01,Techniek en gebouwde omgeving
22022,Montagemedewerker timmerindustrie,,,"BBL,BOL",hg001,"Afbouw, hout en onderhoud",sg022,Hout en meubel,23235,Industrieel produceren met hout,01,Techniek en gebouwde omgeving
22023,Meubelstoffeerder,,,"BBL,BOL",hg001,"Afbouw, hout en onderhoud",sg022,Hout en meubel,23348,Meubels stofferen,01,Techniek en gebouwde omgeving
22024,Meubelmaker/(scheeps)interieurbouwer,,,"BBL,BOL",hg001,"Afbouw, hout en onderhoud",sg022,Hout en meubel,23373,Meubels en (scheeps)interieurs maken,01,Techniek en gebouwde omgeving
22025,Werkvoorbereider houtbranche,,,"BBL,BOL",hg001,"Afbouw, hout en onderhoud",sg022,Hout en meubel,23235,Industrieel produceren met hout,01,Techniek en gebouwde omgeving
22026,Logistiek vakman,,,"BBL,BOL",hg013,"Transport, scheepvaart en logistiek",sg028,Logistiek,23309,Logistiek,02,"Mobiliteit, transport, logistiek en maritiem"
22027,Assistent afbouw,,,"BBL,BOL",hg002,Entree,sg061,Entree,23301,Entree,09,Entree
22028,Plafond-/wandmonteur,,,"BBL,BOL",hg001,"Afbouw, hout en onderhoud",sg049,Stukadoren en afbouw,23022,Plafond-/wandmontage,01,Techniek en gebouwde omgeving
22029,Medewerker dekvloeren,,,"BBL,BOL",hg001,"Afbouw, hout en onderhoud",sg049,Stukadoren en afbouw,23376,Dekvloeren leggen,01,Techniek en gebouwde omgeving
22030,Betonreparateur,,,"BBL,BOL",hg004,Bouw en infra,sg004,Bouwkunde,23407,Betonreparatie,01,Techniek en gebouwde omgeving
22031,Onderhoud- en verbouwbedrijf,,,"BBL,BOL",hg001,"Afbouw, hout en onderhoud",sg049,Stukadoren en afbouw,23315,Onderhoud- en verbouwbedrijf,01,Techniek en gebouwde omgeving
22032,Medewerker stukadoren,,,"BBL,BOL",hg001,"Afbouw, hout en onderhoud",sg049,Stukadoren en afbouw,23027,Stukadoren,01,Techniek en gebouwde omgeving
22033,Restauratiestukadoor,,,"BBL,BOL",hg001,"Afbouw, hout en onderhoud",sg049,Stukadoren en afbouw,23229,Decoratiestukadoor,01,Techniek en gebouwde omgeving
22034,Assistent schilderen / industriële lakverwerking,,,"BBL,BOL",hg002,Entree,sg061,Entree,23301,Entree,09,Entree
22035,Medewerker industriële lakverwerking,,,"BBL,BOL",hg001,"Afbouw, hout en onderhoud",sg045,Schilderen en onderhoud,23005,Industriële lakverwerking,01,Techniek en gebouwde omgeving
22036,Medewerker glaszetten,,,"BBL,BOL",hg001,"Afbouw, hout en onderhoud",sg045,Schilderen en onderhoud,23377,Glaszetten,01,Techniek en gebouwde omgeving
22037,Medewerker schilderen,,,"BBL,BOL",hg001,"Afbouw, hout en onderhoud",sg045,Schilderen en onderhoud,23236,Schilderen,01,Techniek en gebouwde omgeving
22038,Specialist schilderen,,,"BBL,BOL",hg001,"Afbouw, hout en onderhoud",sg045,Schilderen en onderhoud,23403,Specialist schilderen,01,Techniek en gebouwde omgeving
22039,Middenkaderfunctionaris afbouw en onderhoud,,,"BBL,BOL",hg001,"Afbouw, hout en onderhoud",sg045,Schilderen en onderhoud,23378,Kaderfunctie afbouw en onderhoud,01,Techniek en gebouwde omgeving
22040,Assistent schoonmaak,,,"BBL,BOL",hg002,Entree,sg061,Entree,23301,Entree,09,Entree
22041,Schoonmaak en Glazenwassen,,,"BBL,BOL",hg001,"Afbouw, hout en onderhoud",sg047,Schoonmaak en glazenwassen,23025,Schoonmaak en glazenwassen,06,"Voedsel, groen en gastvrijheid"
22042,"Assistent metaal-, elektro- en installatietechniek",,,"BBL,BOL",hg002,Entree,sg061,Entree,23301,Entree,09,Entree
22043,Gasturbines,,,"BBL,BOL",hg011,Techniek en procesindustrie,sg025,Installatietechniek,23329,Service- en onderhoudstechniek,01,Techniek en gebouwde omgeving
22044,Metaalbewerken,,,"BBL,BOL",hg011,Techniek en procesindustrie,sg058,Werktuigbouwkunde,23361,Productietechniek,01,Techniek en gebouwde omgeving
22045,Fijnmechanische techniek,,,"BBL,BOL",hg011,Techniek en procesindustrie,sg058,Werktuigbouwkunde,23361,Productietechniek,01,Techniek en gebouwde omgeving
22046,Machinebouw mechatronica,,,"BBL,BOL",hg011,Techniek en procesindustrie,sg058,Werktuigbouwkunde,23360,Mechatronica,01,Techniek en gebouwde omgeving
22047,Human technology,,,"BBL,BOL",hg011,Techniek en procesindustrie,sg013,Elektrotechniek,23371,Middenkader engineering,01,Techniek en gebouwde omgeving
22048,Installeren,,,"BBL,BOL",hg011,Techniek en procesindustrie,sg013,Elektrotechniek,23299,Elektrotechnische installaties,01,Techniek en gebouwde omgeving
22049,Service apparatuur en installaties,,,"BBL,BOL",hg011,Techniek en procesindustrie,sg025,Installatietechniek,23329,Service- en onderhoudstechniek,01,Techniek en gebouwde omgeving
22050,Middenkader engineering,,,"BBL,BOL",hg011,Techniek en procesindustrie,sg013,Elektrotechniek,23371,Middenkader engineering,01,Techniek en gebouwde omgeving
22051,Elektrotechnische industriële producten en systemen,,,"BBL,BOL",hg011,Techniek en procesindustrie,sg013,Elektrotechniek,23300,Elektrotechnische systemen en installaties,01,Techniek en gebouwde omgeving
22052,Werkvoorbereiden,,,"BBL,BOL",hg004,Bouw en infra,sg004,Bouwkunde,23058,Werkvoorbereiden/uitvoeren,01,Techniek en gebouwde omgeving
22053,Infratechniek,,,"BBL,BOL",hg011,Techniek en procesindustrie,sg025,Installatietechniek,23404,Infratechniek,01,Techniek en gebouwde omgeving
22054,Assistent operator,,,"BBL,BOL",hg002,Entree,sg061,Entree,23301,Entree,09,Entree
22055,Operator C,,,"BBL,BOL",hg011,Techniek en procesindustrie,sg040,Procestechniek,23321,Procestechniek,01,Techniek en gebouwde omgeving
22056,Medewerker operationele techniek,,,"BBL,BOL",hg011,Techniek en procesindustrie,sg040,Procestechniek,23128,Industrieel onderhoud,01,Techniek en gebouwde omgeving
22057,Operationele techniek,,,"BBL,BOL",hg011,Techniek en procesindustrie,sg040,Procestechniek,23132,Operationele techniek,01,Techniek en gebouwde omgeving
22058,Operator,,,"BBL,BOL",hg011,Techniek en procesindustrie,sg040,Procestechniek,23321,Procestechniek,01,Techniek en gebouwde omgeving
22059,Allround operator,,,"BBL,BOL",hg011,Techniek en procesindustrie,sg040,Procestechniek,23305,Industriële processen,01,Techniek en gebouwde omgeving
22060,Vliegtuigbouw,,,"BBL,BOL",hg011,Techniek en procesindustrie,sg054,Vliegtuigtechniek,23375,Luchtvaarttechniek,01,Techniek en gebouwde omgeving
22061,Vliegtuigonderhoud,,,"BBL,BOL",hg011,Techniek en procesindustrie,sg054,Vliegtuigtechniek,23375,Luchtvaarttechniek,01,Techniek en gebouwde omgeving
22062,Vliegtuigtechniek,,,"BBL,BOL",hg011,Techniek en procesindustrie,sg054,Vliegtuigtechniek,23375,Luchtvaarttechniek,01,Techniek en gebouwde omgeving
22063,Schoenhersteller,,,"BBL,BOL",hg003,"Ambacht, laboratorium en gezondheidstechniek",sg003,Ambachtelijke techniek,23387,Schoentechniek,08,Specialistisch vakmanschap
22064,Pianotechniek,,,"BBL,BOL",hg003,"Ambacht, laboratorium en gezondheidstechniek",sg003,Ambachtelijke techniek,23270,Pianotechniek,08,Specialistisch vakmanschap
22065,Goud- en Zilversmeden,,,"BBL,BOL",hg003,"Ambacht, laboratorium en gezondheidstechniek",sg003,Ambachtelijke techniek,23349,Goud- en Zilversmeden,08,Specialistisch vakmanschap
22066,Juweliersbedrijf,,,"BBL,BOL",hg003,"Ambacht, laboratorium en gezondheidstechniek",sg003,Ambachtelijke techniek,23411,Juweliersbedrijf,08,Specialistisch vakmanschap
22068,Creatief Vakmanschap,,,"BBL,BOL",hg003,"Ambacht, laboratorium en gezondheidstechniek",sg003,Ambachtelijke techniek,23217,Creatief Vakmanschap,08,Specialistisch vakmanschap
22069,Onderwerkmaker,,,"BBL,BOL",hg003,"Ambacht, laboratorium en gezondheidstechniek",sg017,Gezondheidstechniek,23350,Orthopedische schoentechniek,08,Specialistisch vakmanschap
22070,Schachtenmaker,,,"BBL,BOL",hg003,"Ambacht, laboratorium en gezondheidstechniek",sg017,Gezondheidstechniek,23350,Orthopedische schoentechniek,08,Specialistisch vakmanschap
22071,Adaptatietechniek,,,"BBL,BOL",hg003,"Ambacht, laboratorium en gezondheidstechniek",sg017,Gezondheidstechniek,23350,Orthopedische schoentechniek,08,Specialistisch vakmanschap
22074,Schoenconsulent,,,"BBL,BOL",hg006,Handel en ondernemerschap,sg010,Detailhandel en groothandel,23398,Ondernemerschap op basis van een vakspecialisme,04,Handel
22076,Optiek,,,"BBL,BOL",hg003,"Ambacht, laboratorium en gezondheidstechniek",sg017,Gezondheidstechniek,23413,Optiek,08,Specialistisch vakmanschap
22077,Technisch Oogheelkundig Assistent,,,"BBL,BOL",hg003,"Ambacht, laboratorium en gezondheidstechniek",sg017,Gezondheidstechniek,23272,Technisch oogheelkundig assistenten,08,Specialistisch vakmanschap
22078,Tandtechniek,,,"BBL,BOL",hg003,"Ambacht, laboratorium en gezondheidstechniek",sg017,Gezondheidstechniek,23271,Tandtechniek,08,Specialistisch vakmanschap
22079,Audicien,,,"BBL,BOL",hg003,"Ambacht, laboratorium en gezondheidstechniek",sg017,Gezondheidstechniek,23388,Audiciens,08,Specialistisch vakmanschap
22080,Medewerker Steriele Medische Hulpmiddelen,,,"BBL,BOL",hg003,"Ambacht, laboratorium en gezondheidstechniek",sg017,Gezondheidstechniek,23412,Medewerkers steriele medische hulpmiddelen,08,Specialistisch vakmanschap
22081,Laboratoriummedewerker,,,"BBL,BOL",hg003,"Ambacht, laboratorium en gezondheidstechniek",sg027,Laboratoriumtechniek,23380,Analisten,01,Techniek en gebouwde omgeving
22082,Analist,,,"BBL,BOL",hg003,"Ambacht, laboratorium en gezondheidstechniek",sg027,Laboratoriumtechniek,23380,Analisten,01,Techniek en gebouwde omgeving
22083,DTP-er,,,"BBL,BOL",hg009,Media en vormgeving,sg032,Mediatechniek,23237,Mediamaken,05,Ict en creatieve industrie
22084,AV-productie,,,"BBL,BOL",hg009,Media en vormgeving,sg032,Mediatechniek,23294,AV-productie,05,Ict en creatieve industrie
22085,Game artist,,,"BBL,BOL",hg009,Media en vormgeving,sg033,Mediavormgeving,23257,Mediavormgeving,05,Ict en creatieve industrie
22086,Mediavormgever,,,"BBL,BOL",hg009,Media en vormgeving,sg033,Mediavormgeving,23257,Mediavormgeving,05,Ict en creatieve industrie
22087,Applicatie- en mediaontwikkeling,,,"BBL,BOL",hg008,Informatie en communicatietechnologie,sg023,ICT en media,23399,Software development,05,Ict en creatieve industrie
22088,ICT- en mediabeheer,,,"BBL,BOL",hg008,Informatie en communicatietechnologie,sg023,ICT en media,23405,ICT support and systems,05,Ict en creatieve industrie
22089,Mediamanagement,,,"BBL,BOL",hg009,Media en vormgeving,sg033,Mediavormgeving,23356,Mediamanagement,05,Ict en creatieve industrie
22090,Podium- en evenemententechniek,,,"BBL,BOL",hg009,Media en vormgeving,sg014,Evenemententechniek,23319,Podium- en evenemententechniek,05,Ict en creatieve industrie
22091,Tentoonstellingsbouwer,,,"BBL,BOL",hg009,Media en vormgeving,sg043,Ruimtelijke vormgeving,23414,Decorbouw,05,Ict en creatieve industrie
22092,Signmaker,,,"BBL,BOL",hg009,Media en vormgeving,sg043,Ruimtelijke vormgeving,23402,Signmaking,05,Ict en creatieve industrie
22093,Vormgeving ruimtelijke presentatie en communicatie,,,"BBL,BOL",hg009,Media en vormgeving,sg043,Ruimtelijke vormgeving,23326,Ruimtelijke vormgeving,05,Ict en creatieve industrie
22094,ICT-medewerker,,,"BBL,BOL",hg008,Informatie en communicatietechnologie,sg026,Kantoorautomatisering,23400,ICT support,05,Ict en creatieve industrie
22095,Particulier digitaal onderzoeker,,,"BBL,BOL",hg008,Informatie en communicatietechnologie,sg023,ICT en media,23399,Software development,05,Ict en creatieve industrie
22096,Assistent Mobiliteitsbranche,,,"BBL,BOL",hg002,Entree,sg061,Entree,23301,Entree,09,Entree
22097,Assemblagetechnicus Mobiliteitsbranche,,,"BBL,BOL",hg011,Techniek en procesindustrie,sg058,Werktuigbouwkunde,23361,Productietechniek,02,"Mobiliteit, transport, logistiek en maritiem"
22098,Tweewielertechniek,,,"BBL,BOL",hg010,Mobiliteit en voertuigen,sg034,Mobiliteitstechniek,23415,Fietstechniek,02,"Mobiliteit, transport, logistiek en maritiem"
22099,Motorfietstechniek,,,"BBL,BOL",hg010,Mobiliteit en voertuigen,sg034,Mobiliteitstechniek,23273,Voertuigen en mobiele werktuigen,02,"Mobiliteit, transport, logistiek en maritiem"
22100,Verbrandingsmotortechniek,,,"BBL,BOL",hg010,Mobiliteit en voertuigen,sg034,Mobiliteitstechniek,23332,Verbrandingsmotortechniek,02,"Mobiliteit, transport, logistiek en maritiem"
22101,Eerste verbrandingsmotortechnicus,,,"BBL,BOL",hg010,Mobiliteit en voertuigen,sg034,Mobiliteitstechniek,23332,Verbrandingsmotortechniek,02,"Mobiliteit, transport, logistiek en maritiem"
22102,Mobiele werktuigen,,,"BBL,BOL",hg010,Mobiliteit en voertuigen,sg034,Mobiliteitstechniek,23273,Voertuigen en mobiele werktuigen,02,"Mobiliteit, transport, logistiek en maritiem"
22103,Autotechniek,,,"BBL,BOL",hg010,Mobiliteit en voertuigen,sg034,Mobiliteitstechniek,23273,Voertuigen en mobiele werktuigen,02,"Mobiliteit, transport, logistiek en maritiem"
22104,Bedrijfsautotechniek,,,"BBL,BOL",hg010,Mobiliteit en voertuigen,sg034,Mobiliteitstechniek,23273,Voertuigen en mobiele werktuigen,02,"Mobiliteit, transport, logistiek en maritiem"
22105,Verkoopadviseur Mobiliteitsbranche,,,"BBL,BOL",hg010,Mobiliteit en voertuigen,sg034,Mobiliteitstechniek,23292,(After)sales in de mobiliteitsbranche,02,"Mobiliteit, transport, logistiek en maritiem"
22106,Serviceadviseur Mobiliteitsbranche,,,"BBL,BOL",hg010,Mobiliteit en voertuigen,sg034,Mobiliteitstechniek,23292,(After)sales in de mobiliteitsbranche,02,"Mobiliteit, transport, logistiek en maritiem"
22107,Verkoopmanager Mobiliteitsbranche,,,"BBL,BOL",hg010,Mobiliteit en voertuigen,sg034,Mobiliteitstechniek,23292,(After)sales in de mobiliteitsbranche,02,"Mobiliteit, transport, logistiek en maritiem"
22108,Werkplaatsmanagement Mobiliteitsbranche,,,"BBL,BOL",hg006,Handel en ondernemerschap,sg031,Management en ondernemerschap,23422,Leidinggeven op basis van vakmanschap,04,Handel
22109,Bedrijfsmanagement Mobiliteitsbranche,,,"BBL,BOL",hg010,Mobiliteit en voertuigen,sg034,Mobiliteitstechniek,23292,(After)sales in de mobiliteitsbranche,02,"Mobiliteit, transport, logistiek en maritiem"
22110,Autoschadehersteltechniek,,,"BBL,BOL",hg010,Mobiliteit en voertuigen,sg006,Carrosserietechniek,23358,Autoschadehersteltechniek,02,"Mobiliteit, transport, logistiek en maritiem"
22111,Autospuiter,,,"BBL,BOL",hg010,Mobiliteit en voertuigen,sg006,Carrosserietechniek,23293,Autospuiten,02,"Mobiliteit, transport, logistiek en maritiem"
22112,Carrosseriebouwer,,,"BBL,BOL",hg011,Techniek en procesindustrie,sg058,Werktuigbouwkunde,23361,Productietechniek,02,"Mobiliteit, transport, logistiek en maritiem"
22113,Caravantechnicus,,,"BBL,BOL",hg011,Techniek en procesindustrie,sg058,Werktuigbouwkunde,23361,Productietechniek,02,"Mobiliteit, transport, logistiek en maritiem"
22115,Havenlogistiek,,,"BBL,BOL",hg013,"Transport, scheepvaart en logistiek",sg044,Scheepvaart,23364,Havenlogistiek,02,"Mobiliteit, transport, logistiek en maritiem"
22116,Schipper rondvaartboot beperkt vaargebied,,,"BBL,BOL",hg013,"Transport, scheepvaart en logistiek",sg044,Scheepvaart,23277,Rondvaartboot,02,"Mobiliteit, transport, logistiek en maritiem"
22117,Schipper machinist beperkt werkgebied,,,"BBL,BOL",hg013,"Transport, scheepvaart en logistiek",sg044,Scheepvaart,23420,Zee- en zeevisvaart beperkt vaargebied,02,"Mobiliteit, transport, logistiek en maritiem"
22118,Binnenvaart,,,"BBL,BOL",hg013,"Transport, scheepvaart en logistiek",sg044,Scheepvaart,23389,Binnenvaart,02,"Mobiliteit, transport, logistiek en maritiem"
22119,Stuurman werktuigkundige zeevisvaart sw6,,,"BBL,BOL",hg013,"Transport, scheepvaart en logistiek",sg044,Scheepvaart,23420,Zee- en zeevisvaart beperkt vaargebied,02,"Mobiliteit, transport, logistiek en maritiem"
22121,Bootman,,,"BBL,BOL",hg013,"Transport, scheepvaart en logistiek",sg044,Scheepvaart,23390,Bootmannen,02,"Mobiliteit, transport, logistiek en maritiem"
22123,Koopvaardij officier kleine schepen,,,"BBL,BOL",hg013,"Transport, scheepvaart en logistiek",sg044,Scheepvaart,23278,Maritiem officier,02,"Mobiliteit, transport, logistiek en maritiem"
22124,Koopvaardij officier alle schepen,,,"BBL,BOL",hg013,"Transport, scheepvaart en logistiek",sg044,Scheepvaart,23278,Maritiem officier,02,"Mobiliteit, transport, logistiek en maritiem"
22126,Baggermeester,,,"BBL,BOL",hg013,"Transport, scheepvaart en logistiek",sg044,Scheepvaart,23278,Maritiem officier,02,"Mobiliteit, transport, logistiek en maritiem"
22127,Maritiem waterbouwer,,,"BBL,BOL",hg013,"Transport, scheepvaart en logistiek",sg044,Scheepvaart,23278,Maritiem officier,02,"Mobiliteit, transport, logistiek en maritiem"
22128,Scheeps- en jachtbouwkundige,,,"BBL,BOL",hg013,"Transport, scheepvaart en logistiek",sg044,Scheepvaart,23239,Maritieme techniek,02,"Mobiliteit, transport, logistiek en maritiem"
22129,Luchtvaartdienstverlener,,,"BBL,BOL",hg013,"Transport, scheepvaart en logistiek",sg029,Luchtvaart,23416,Dienstverlening in de luchtvaart,02,"Mobiliteit, transport, logistiek en maritiem"
22130,Luchtvaartlogisticus,,,"BBL,BOL",hg013,"Transport, scheepvaart en logistiek",sg029,Luchtvaart,23311,Luchtvracht,02,"Mobiliteit, transport, logistiek en maritiem"
22131,Aviation operations officer,,,"BBL,BOL",hg013,"Transport, scheepvaart en logistiek",sg028,Logistiek,23310,Management transport en logistiek,02,"Mobiliteit, transport, logistiek en maritiem"
22132,Chauffeur goederenvervoer,,,"BBL,BOL",hg013,"Transport, scheepvaart en logistiek",sg057,Weg- en railtransport,23418,Goederenvervoer,02,"Mobiliteit, transport, logistiek en maritiem"
22133,Chauffeur personenvervoer,,,"BBL,BOL",hg013,"Transport, scheepvaart en logistiek",sg057,Weg- en railtransport,23276,Personenvervoer,02,"Mobiliteit, transport, logistiek en maritiem"
22134,Machinist Railvervoer,,,"BBL,BOL",hg013,"Transport, scheepvaart en logistiek",sg057,Weg- en railtransport,23419,Railvervoer,02,"Mobiliteit, transport, logistiek en maritiem"
22135,Planner wegtransport,,,"BBL,BOL",hg013,"Transport, scheepvaart en logistiek",sg028,Logistiek,23310,Management transport en logistiek,02,"Mobiliteit, transport, logistiek en maritiem"
22136,Manager transport en logistiek,,,"BBL,BOL",hg013,"Transport, scheepvaart en logistiek",sg028,Logistiek,23310,Management transport en logistiek,02,"Mobiliteit, transport, logistiek en maritiem"
22137,Assistent logistiek medewerker,,,"BBL,BOL",hg002,Entree,sg061,Entree,23301,Entree,09,Entree
22138,Logistiek teamleider,,,"BBL,BOL",hg013,"Transport, scheepvaart en logistiek",sg028,Logistiek,23309,Logistiek,02,"Mobiliteit, transport, logistiek en maritiem"
22139,Logistiek supervisor,,,"BBL,BOL",hg013,"Transport, scheepvaart en logistiek",sg028,Logistiek,23310,Management transport en logistiek,02,"Mobiliteit, transport, logistiek en maritiem"
22140,Logistiek medewerker,,,"BBL,BOL",hg013,"Transport, scheepvaart en logistiek",sg028,Logistiek,23309,Logistiek,02,"Mobiliteit, transport, logistiek en maritiem"
22141,Aankomend verkoopmedewerker,,,"BBL,BOL",hg002,Entree,sg061,Entree,23301,Entree,09,Entree
22142,Verkoper,,,"BBL,BOL",hg006,Handel en ondernemerschap,sg010,Detailhandel en groothandel,23324,Retail operationeel,04,Handel
22143,Balie-/shopmedewerker,,,"BBL,BOL",hg013,"Transport, scheepvaart en logistiek",sg028,Logistiek,23309,Logistiek,02,"Mobiliteit, transport, logistiek en maritiem"
22144,Verkoopspecialist,,,"BBL,BOL",hg006,Handel en ondernemerschap,sg010,Detailhandel en groothandel,23325,Retail advies,04,Handel
22145,Assistent-manager internationale handel,,,"BBL,BOL",hg005,Economie en administratie,sg059,Zakelijke dienstverlening,23354,Commercie,04,Handel
22146,Manager handel,,,"BBL,BOL",hg006,Handel en ondernemerschap,sg031,Management en ondernemerschap,23323,Retail Management,04,Handel
22147,Ondernemer detailhandel,,,"BBL,BOL",hg006,Handel en ondernemerschap,sg031,Management en ondernemerschap,23355,Ondernemerschap handel,04,Handel
22148,Assistent medewerker mode/maatkleding/interieur,,,"BBL,BOL",hg002,Entree,sg061,Entree,23301,Entree,09,Entree
22149,Medewerker mode/maatkleding,,,"BBL,BOL",hg006,Handel en ondernemerschap,sg035,Mode en interieurindustrie,23280,Fashionatelier,04,Handel
22150,Medewerker interieurtextiel,,,"BBL,BOL",hg006,Handel en ondernemerschap,sg035,Mode en interieurindustrie,23280,Fashionatelier,04,Handel
22151,Medewerker design,,,"BBL,BOL",hg006,Handel en ondernemerschap,sg035,Mode en interieurindustrie,23279,Fashion,04,Handel
22152,Productiecoördinator fashion,,,"BBL,BOL",hg006,Handel en ondernemerschap,sg035,Mode en interieurindustrie,23279,Fashion,04,Handel
22153,Commercieel medewerker buitendienst textiel,,,"BBL,BOL",hg006,Handel en ondernemerschap,sg035,Mode en interieurindustrie,23279,Fashion,04,Handel
22154,Kwaliteitscontroleur textiel,,,"BBL,BOL",hg006,Handel en ondernemerschap,sg035,Mode en interieurindustrie,23279,Fashion,04,Handel
22155,Ploegleider textiel,,,"BBL,BOL",hg006,Handel en ondernemerschap,sg035,Mode en interieurindustrie,23279,Fashion,04,Handel
22156,Administratief medewerker,,,"BBL,BOL",hg005,Economie en administratie,sg059,Zakelijke dienstverlening,23296,Business Services,07,Zakelijke dienstverlening en veiligheid
22157,Secretariële beroepen,,,"BBL,BOL",hg005,Economie en administratie,sg059,Zakelijke dienstverlening,23296,Business Services,07,Zakelijke dienstverlening en veiligheid
22158,Financiële beroepen,,,"BBL,BOL",hg005,Economie en administratie,sg059,Zakelijke dienstverlening,23296,Business Services,07,Zakelijke dienstverlening en veiligheid
22159,Medewerker personeel en arbeid,,,"BBL,BOL",hg005,Economie en administratie,sg059,Zakelijke dienstverlening,23296,Business Services,07,Zakelijke dienstverlening en veiligheid
22160,Medewerker sociale zekerheid,,,"BBL,BOL",hg005,Economie en administratie,sg059,Zakelijke dienstverlening,23296,Business Services,07,Zakelijke dienstverlening en veiligheid
22161,Juridisch medewerker,,,"BBL,BOL",hg005,Economie en administratie,sg059,Zakelijke dienstverlening,23296,Business Services,07,Zakelijke dienstverlening en veiligheid
22162,Medewerker informatiedienstverlening,,,"BBL,BOL",hg005,Economie en administratie,sg059,Zakelijke dienstverlening,23296,Business Services,07,Zakelijke dienstverlening en veiligheid
22163,Commercieel medewerker bank- en verzekeringswezen,,,"BBL,BOL",hg005,Economie en administratie,sg059,Zakelijke dienstverlening,23296,Business Services,07,Zakelijke dienstverlening en veiligheid
22164,Commercieel medewerker,,,"BBL,BOL",hg005,Economie en administratie,sg059,Zakelijke dienstverlening,23354,Commercie,04,Handel
22165,Contactcenter teamleider,,,"BBL,BOL",hg006,Handel en ondernemerschap,sg031,Management en ondernemerschap,23422,Leidinggeven op basis van vakmanschap,04,Handel
22166,Medewerker marketing en communicatie,,,"BBL,BOL",hg005,Economie en administratie,sg059,Zakelijke dienstverlening,23296,Business Services,07,Zakelijke dienstverlening en veiligheid
22167,Veiligheid en vakmanschap,,,"BBL,BOL",hg015,Veiligheid en sport,sg009,Defensie,23240,Veiligheid en vakmanschap,07,Zakelijke dienstverlening en veiligheid
22168,Toezicht en veiligheid,,,"BBL,BOL",hg015,Veiligheid en sport,sg041,Publieke veiligheid,23322,Publieke veiligheid,07,Zakelijke dienstverlening en veiligheid
22169,Particuliere beveiliging,,,"BBL,BOL",hg015,Veiligheid en sport,sg038,Particuliere veiligheid,23281,Particuliere beveiliging,07,Zakelijke dienstverlening en veiligheid
22170,Sport- en bewegingsbegeleider,,,"BBL,BOL",hg017,Zorg en welzijn,sg060,Basis dienstverlening,23385,Dienstverlening,03,"Zorg, welzijn en sport"
22171,Sport en bewegen,,,"BBL,BOL",hg015,Veiligheid en sport,sg048,Sport en bewegen,23366,Sport en Bewegen,03,"Zorg, welzijn en sport"
22172,Kapper,,,"BBL,BOL",hg014,Uiterlijke verzorging,sg019,Haarverzorging,23263,Haarverzorging,06,"Voedsel, groen en gastvrijheid"
22173,Schoonheidsspecialist,,,"BBL,BOL",hg014,Uiterlijke verzorging,sg046,Schoonheidsverzorging,23365,Schoonheidsverzorging,03,"Zorg, welzijn en sport"
22174,Pedicure,,,"BBL,BOL",hg014,Uiterlijke verzorging,sg056,Voetverzorging,23283,Voetzorg,03,"Zorg, welzijn en sport"
22175,Horeca-assistent,,,"BBL,BOL",hg002,Entree,sg061,Entree,23301,Entree,09,Entree
22176,Fastservice,,,"BBL,BOL",hg007,Horeca en bakkerij,sg021,Horeca,23084,Fastservice,06,"Voedsel, groen en gastvrijheid"
22177,Kok,,,"BBL,BOL",hg007,Horeca en bakkerij,sg021,Horeca,23085,Keuken,06,"Voedsel, groen en gastvrijheid"
22178,Medewerker bediening/café-bar,,,"BBL,BOL",hg007,Horeca en bakkerij,sg021,Horeca,23081,Bediening,06,"Voedsel, groen en gastvrijheid"
22179,Ondernemer horeca/bakkerij,,,"BBL,BOL",hg007,Horeca en bakkerij,sg021,Horeca,23087,Ondernemer horeca/bakkerij,06,"Voedsel, groen en gastvrijheid"
22180,Assistent bakker,,,"BBL,BOL",hg002,Entree,sg061,Entree,23301,Entree,09,Entree
22181,Brood en banket,,,"BBL,BOL",hg007,Horeca en bakkerij,sg005,Brood en banket,23295,Brood en banket,06,"Voedsel, groen en gastvrijheid"
22183,Facilitaire dienstverlener,,,"BBL,BOL",hg007,Horeca en bakkerij,sg015,Facilitaire dienstverlening,23247,Facilitaire dienstverlening,06,"Voedsel, groen en gastvrijheid"
22184,Frontofficemedewerker,,,"BBL,BOL",hg012,Toerisme en recreatie,sg051,Toerisme,23264,"Travel, leisure & hospitality",06,"Voedsel, groen en gastvrijheid"
22185,Reizen,,,"BBL,BOL",hg012,Toerisme en recreatie,sg051,Toerisme,23264,"Travel, leisure & hospitality",06,"Voedsel, groen en gastvrijheid"
22186,Watersportindustrie,,,"BBL,BOL",hg013,"Transport, scheepvaart en logistiek",sg044,Scheepvaart,23239,Maritieme techniek,02,"Mobiliteit, transport, logistiek en maritiem"
22187,Leisure & hospitality,,,"BBL,BOL",hg012,Toerisme en recreatie,sg051,Toerisme,23264,"Travel, leisure & hospitality",06,"Voedsel, groen en gastvrijheid"
22188,Zorghulp,,,"BBL,BOL",hg002,Entree,sg061,Entree,23301,Entree,09,Entree
22189,Helpende Zorg & Welzijn,,,"BBL,BOL",hg017,Zorg en welzijn,sg060,Basis dienstverlening,23385,Dienstverlening,03,"Zorg, welzijn en sport"
22190,Verzorgende-IG,,,"BBL,BOL",hg017,Zorg en welzijn,sg052,Verpleging en verzorging,23268,verzorgende-IG,03,"Zorg, welzijn en sport"
22191,Mbo-Verpleegkundige,,,"BBL,BOL",hg017,Zorg en welzijn,sg052,Verpleging en verzorging,23267,Mbo-Verpleegkundige,03,"Zorg, welzijn en sport"
22192,Apothekersassistent,,,"BBL,BOL",hg017,Zorg en welzijn,sg016,Gezondheidsondersteuning,23265,Apothekersassistent,03,"Zorg, welzijn en sport"
22193,Doktersassistent,,,"BBL,BOL",hg017,Zorg en welzijn,sg016,Gezondheidsondersteuning,23284,Doktersassistent,03,"Zorg, welzijn en sport"
22194,Tandartsassistent,,,"BBL,BOL",hg017,Zorg en welzijn,sg016,Gezondheidsondersteuning,23286,Tandartsassistent,03,"Zorg, welzijn en sport"
22195,Maatschappelijke Zorg,,,"BBL,BOL",hg017,Zorg en welzijn,sg030,Maatschappelijke zorg,23312,Maatschappelijke Zorg,03,"Zorg, welzijn en sport"
22196,Sociaal-maatschappelijk dienstverlener,,,"BBL,BOL",hg017,Zorg en welzijn,sg030,Maatschappelijke zorg,23384,Sociaal werk,03,"Zorg, welzijn en sport"
22197,Pedagogisch Werk,,,"BBL,BOL",hg017,Zorg en welzijn,sg039,Pedagogisch werk,23285,Pedagogisch werk,03,"Zorg, welzijn en sport"
22198,Onderwijsassistent,,,"BBL,BOL",hg017,Zorg en welzijn,sg039,Pedagogisch werk,23285,Pedagogisch werk,03,"Zorg, welzijn en sport"
22199,Praktijkopleider,,,"BBL,BOL",hg017,Zorg en welzijn,sg039,Pedagogisch werk,23320,Praktijkopleider,03,"Zorg, welzijn en sport"
22200,Sociaal-cultureel werker,,,"BBL,BOL",hg017,Zorg en welzijn,sg030,Maatschappelijke zorg,23384,Sociaal werk,03,"Zorg, welzijn en sport"
22201,Artiest,,,"BBL,BOL",hg017,Zorg en welzijn,sg008,Cultureel werk,23266,Artiesten,05,Ict en creatieve industrie
22202,Allround grimeur,,,"BBL,BOL",hg014,Uiterlijke verzorging,sg062,Make-up Art,23282,Make-up Art,05,Ict en creatieve industrie
22203,Biologisch-dynamisch bedrijf,,,"BBL,BOL",hg016,"Voedsel, natuur en leefomgeving",sg055,"Voeding, teelt en verwerking",23393,"Agro productie, handel en technologie",06,"Voedsel, groen en gastvrijheid"
22204,teelt 4,,,"BBL,BOL",hg016,"Voedsel, natuur en leefomgeving",sg055,"Voeding, teelt en verwerking",23393,"Agro productie, handel en technologie",06,"Voedsel, groen en gastvrijheid"
22205,Kwaliteitsmanagement voeding,,,"BBL,BOL",hg016,"Voedsel, natuur en leefomgeving",sg055,"Voeding, teelt en verwerking",23392,Voeding,06,"Voedsel, groen en gastvrijheid"
22206,Voedingsmanagement,,,"BBL,BOL",hg016,"Voedsel, natuur en leefomgeving",sg055,"Voeding, teelt en verwerking",23392,Voeding,06,"Voedsel, groen en gastvrijheid"
22208,Teelt 2/3,,,"BBL,BOL",hg016,"Voedsel, natuur en leefomgeving",sg055,"Voeding, teelt en verwerking",23393,"Agro productie, handel en technologie",06,"Voedsel, groen en gastvrijheid"
22209,Groene detailhandel,,,"BBL,BOL",hg006,Handel en ondernemerschap,sg010,Detailhandel en groothandel,23324,Retail operationeel,04,Handel
22210,Logistiek vakman,,,"BBL,BOL",hg013,"Transport, scheepvaart en logistiek",sg028,Logistiek,23309,Logistiek,02,"Mobiliteit, transport, logistiek en maritiem"
22211,In- en verkoop vershandel,,,"BBL,BOL",hg016,"Voedsel, natuur en leefomgeving",sg055,"Voeding, teelt en verwerking",23289,"Bloem, groen en styling",06,"Voedsel, groen en gastvrijheid"
22219,Natuur en groene ruimte 2,,,"BBL,BOL",hg016,"Voedsel, natuur en leefomgeving",sg055,"Voeding, teelt en verwerking",23394,Groene ruimte,06,"Voedsel, groen en gastvrijheid"
22220,Natuur en groene ruimte 3,,,"BBL,BOL",hg016,"Voedsel, natuur en leefomgeving",sg055,"Voeding, teelt en verwerking",23394,Groene ruimte,06,"Voedsel, groen en gastvrijheid"
22221,Natuur en groene ruimte 4,,,"BBL,BOL",hg016,"Voedsel, natuur en leefomgeving",sg055,"Voeding, teelt en verwerking",23394,Groene ruimte,06,"Voedsel, groen en gastvrijheid"
22222,Milieu en ruimte,,,"BBL,BOL",hg016,"Voedsel, natuur en leefomgeving",sg036,Natuur en groene ruimte,23234,Advies en onderzoek leefomgeving,06,"Voedsel, groen en gastvrijheid"
22223,Bloemendetailhandel,,,"BBL,BOL",hg016,"Voedsel, natuur en leefomgeving",sg055,"Voeding, teelt en verwerking",23289,"Bloem, groen en styling",06,"Voedsel, groen en gastvrijheid"
22224,Natuur en vormgeving,,,"BBL,BOL",hg016,"Voedsel, natuur en leefomgeving",sg055,"Voeding, teelt en verwerking",23289,"Bloem, groen en styling",06,"Voedsel, groen en gastvrijheid"
22225,"Zorg, natuur en gezondheid",,,"BBL,BOL",hg016,"Voedsel, natuur en leefomgeving",sg055,"Voeding, teelt en verwerking",23393,"Agro productie, handel en technologie",06,"Voedsel, groen en gastvrijheid"
22226,Operator,,,"BBL,BOL",hg016,"Voedsel, natuur en leefomgeving",sg055,"Voeding, teelt en verwerking",23392,Voeding,06,"Voedsel, groen en gastvrijheid"
22227,Allround operator,,,"BBL,BOL",hg011,Techniek en procesindustrie,sg040,Procestechniek,23305,Industriële processen,01,Techniek en gebouwde omgeving
22229,Dierverzorging 2,,,"BBL,BOL",hg016,"Voedsel, natuur en leefomgeving",sg011,Dier,23298,Dierverzorging,06,"Voedsel, groen en gastvrijheid"
22230,Paardensport,,,"BBL,BOL",hg016,"Voedsel, natuur en leefomgeving",sg011,Dier,23369,Paardensport en -houderij,06,"Voedsel, groen en gastvrijheid"
22231,Gespecialiseerde dierverzorging paard,,,"BBL,BOL",hg016,"Voedsel, natuur en leefomgeving",sg011,Dier,23367,Hoefsmederij,06,"Voedsel, groen en gastvrijheid"
22232,Gespecialiseerde dierverzorging vee,,,"BBL,BOL",hg016,"Voedsel, natuur en leefomgeving",sg055,"Voeding, teelt en verwerking",23393,"Agro productie, handel en technologie",06,"Voedsel, groen en gastvrijheid"
22233,Gespecialiseerde dierverzorging gezelschapsdieren,,,"BBL,BOL",hg016,"Voedsel, natuur en leefomgeving",sg011,Dier,23298,Dierverzorging,06,"Voedsel, groen en gastvrijheid"
22234,Productiedieren,,,"BBL,BOL",hg016,"Voedsel, natuur en leefomgeving",sg055,"Voeding, teelt en verwerking",23393,"Agro productie, handel en technologie",06,"Voedsel, groen en gastvrijheid"
22235,Recreatiedieren,,,"BBL,BOL",hg016,"Voedsel, natuur en leefomgeving",sg011,Dier,23298,Dierverzorging,06,"Voedsel, groen en gastvrijheid"
22236,Gezelschapsdierenbranche,,,"BBL,BOL",hg016,"Voedsel, natuur en leefomgeving",sg011,Dier,23298,Dierverzorging,06,"Voedsel, groen en gastvrijheid"
22237,Proefdieren,,,"BBL,BOL",hg016,"Voedsel, natuur en leefomgeving",sg011,Dier,23368,Gespecialiseerde proefdierverzorging,06,"Voedsel, groen en gastvrijheid"
22238,Paraveterinaire ondersteuning,,,"BBL,BOL",hg016,"Voedsel, natuur en leefomgeving",sg011,Dier,23298,Dierverzorging,06,"Voedsel, groen en gastvrijheid"
22239,"Groen, grond, infra",,,"BBL,BOL",hg016,"Voedsel, natuur en leefomgeving",sg055,"Voeding, teelt en verwerking",23394,Groene ruimte,06,"Voedsel, groen en gastvrijheid"
22240,Operator,,,"BBL,BOL",hg011,Techniek en procesindustrie,sg040,Procestechniek,23321,Procestechniek,01,Techniek en gebouwde omgeving
22241,Allround operator,,,"BBL,BOL",hg011,Techniek en procesindustrie,sg040,Procestechniek,23305,Industriële processen,01,Techniek en gebouwde omgeving
22242,Logistiek vakman,,,"BBL,BOL",hg013,"Transport, scheepvaart en logistiek",sg028,Logistiek,23309,Logistiek,02,"Mobiliteit, transport, logistiek en maritiem"
22243,Productiemedewerker versindustrie,,,"BBL,BOL",hg016,"Voedsel, natuur en leefomgeving",sg053,Verse voeding,23227,Vers: vakmanschap & industrie,06,"Voedsel, groen en gastvrijheid"
22244,Medewerker versdetailhandel,,,"BBL,BOL",hg016,"Voedsel, natuur en leefomgeving",sg053,Verse voeding,23288,Vers: vakmanschap & ambacht,06,"Voedsel, groen en gastvrijheid"
22245,Vakbekwaam medewerker versdetailhandel,,,"BBL,BOL",hg016,"Voedsel, natuur en leefomgeving",sg053,Verse voeding,23288,Vers: vakmanschap & ambacht,06,"Voedsel, groen en gastvrijheid"
22246,Productievakkracht versindustrie,,,"BBL,BOL",hg016,"Voedsel, natuur en leefomgeving",sg053,Verse voeding,23227,Vers: vakmanschap & industrie,06,"Voedsel, groen en gastvrijheid"
22247,Officieel assistent PM keuring,,,"BBL,BOL",hg016,"Voedsel, natuur en leefomgeving",sg036,Natuur en groene ruimte,23234,Advies en onderzoek leefomgeving,06,"Voedsel, groen en gastvrijheid"
22248,Leidinggevende versindustrie,,,"BBL,BOL",hg016,"Voedsel, natuur en leefomgeving",sg053,Verse voeding,23226,Vers: leidinggeven & industrie,06,"Voedsel, groen en gastvrijheid"
22249,Leidinggevende vers,,,"BBL,BOL",hg016,"Voedsel, natuur en leefomgeving",sg053,Verse voeding,23287,Vers: leidinggeven & ambacht,06,"Voedsel, groen en gastvrijheid"
22250,Assistent medewerker voedsel en leefomgeving,,,"BBL,BOL",hg002,Entree,sg061,Entree,23301,Entree,09,Entree
22251,Milieu en ruimte,,,"BBL,BOL",hg016,"Voedsel, natuur en leefomgeving",sg036,Natuur en groene ruimte,23234,Advies en onderzoek leefomgeving,06,"Voedsel, groen en gastvrijheid"
22252,Proefdieren,,,"BBL,BOL",hg016,"Voedsel, natuur en leefomgeving",sg011,Dier,23368,Gespecialiseerde proefdierverzorging,06,"Voedsel, groen en gastvrijheid"
22253,Assistent medewerker voedsel en leefomgeving,,,"BBL,BOL",hg002,Entree,sg061,Entree,23301,Entree,09,Entree
22255,Sloper,,,"BBL,BOL",hg004,Bouw en infra,sg004,Bouwkunde,23408,Slopen,01,Techniek en gebouwde omgeving
22256,Behoudsmedewerker,,,"BBL,BOL",hg003,"Ambacht, laboratorium en gezondheidstechniek",sg003,Ambachtelijke techniek,23217,Creatief Vakmanschap,08,Specialistisch vakmanschap
22257,Orthopedische Technieken,,,"BBL,BOL",hg003,"Ambacht, laboratorium en gezondheidstechniek",sg017,Gezondheidstechniek,23351,Orthopedische techniek,08,Specialistisch vakmanschap
22258,Applicatie- en mediaontwikkeling,,,"BBL,BOL",hg008,Informatie en communicatietechnologie,sg023,ICT en media,23399,Software development,05,Ict en creatieve industrie
22259,Technisch specialist verbrandingsmotoren,,,"BBL,BOL",hg010,Mobiliteit en voertuigen,sg034,Mobiliteitstechniek,23332,Verbrandingsmotortechniek,02,"Mobiliteit, transport, logistiek en maritiem"
22260,Havenoperaties,,,"BBL,BOL",hg013,"Transport, scheepvaart en logistiek",sg044,Scheepvaart,23363,Havenoperaties,02,"Mobiliteit, transport, logistiek en maritiem"
22261,Visserij Officier,,,"BBL,BOL",hg013,"Transport, scheepvaart en logistiek",sg044,Scheepvaart,23278,Maritiem officier,02,"Mobiliteit, transport, logistiek en maritiem"
22262,Interieuradviseur,,,"BBL,BOL",hg006,Handel en ondernemerschap,sg010,Detailhandel en groothandel,23307,Interieuradvies,04,Handel
22263,ICT- en mediabeheer,,,"BBL,BOL",hg008,Informatie en communicatietechnologie,sg023,ICT en media,23405,ICT support and systems,05,Ict en creatieve industrie
22264,Arbeidsmarktgekwalificeerd assistent,,,"BBL,BOL",hg002,Entree,sg061,Entree,23301,Entree,09,Entree
22265,Arbeidsmarktgekwalificeerd assistent,,,"BBL,BOL",hg002,Entree,sg061,Entree,23301,Entree,09,Entree
22266,Printmedia,,,"BBL,BOL",hg009,Media en vormgeving,sg032,Mediatechniek,23242,Printmedia,05,Ict en creatieve industrie
22267,Uurwerktechniek,,,"BBL,BOL",hg003,"Ambacht, laboratorium en gezondheidstechniek",sg003,Ambachtelijke techniek,23386,Uurwerktechniek,08,Specialistisch vakmanschap
22268,Stuurman werktuigkundige zeevisvaart sw6,,,"BBL,BOL",hg013,"Transport, scheepvaart en logistiek",sg044,Scheepvaart,23420,Zee- en zeevisvaart beperkt vaargebied,02,"Mobiliteit, transport, logistiek en maritiem"
22269,Entree groen,,,"BBL,BOL",hg002,Entree,sg061,Entree,23301,Entree,09,Entree
22270,Entree,,,"BBL,BOL",hg002,Entree,sg061,Entree,23301,Entree,09,Entree
23001,"Afval, milieu, beheer & onderhoud openbare ruimte",,,"BBL,BOL",hg001,"Afbouw, hout en onderhoud",sg045,Schilderen en onderhoud,23001,"Afval, milieu, beheer & onderhoud openbare ruimte",01,Techniek en gebouwde omgeving
23002,Dekvloeren leggen,,,"BBL,BOL",hg001,"Afbouw, hout en onderhoud",sg049,Stukadoren en afbouw,23376,Dekvloeren leggen,01,Techniek en gebouwde omgeving
23003,Glaszetten,,,"BBL,BOL",hg001,"Afbouw, hout en onderhoud",sg045,Schilderen en onderhoud,23377,Glaszetten,01,Techniek en gebouwde omgeving
23004,Industrieel produceren met hout,,,"BBL,BOL",hg001,"Afbouw, hout en onderhoud",sg022,Hout en meubel,23235,Industrieel produceren met hout,01,Techniek en gebouwde omgeving
23005,Industriële lakverwerking,,,"BBL,BOL",hg001,"Afbouw, hout en onderhoud",sg045,Schilderen en onderhoud,23005,Industriële lakverwerking,01,Techniek en gebouwde omgeving
23006,"Kaderfunctie afbouw, onderhoud en interieur",,,"BBL,BOL",hg001,"Afbouw, hout en onderhoud",sg045,Schilderen en onderhoud,23378,Kaderfunctie afbouw en onderhoud,01,Techniek en gebouwde omgeving
23007,Machinaal houtbewerken,,,"BBL,BOL",hg001,"Afbouw, hout en onderhoud",sg022,Hout en meubel,23373,Meubels en (scheeps)interieurs maken,01,Techniek en gebouwde omgeving
23008,Meubels en (scheeps)interieurs maken,,,"BBL,BOL",hg001,"Afbouw, hout en onderhoud",sg022,Hout en meubel,23373,Meubels en (scheeps)interieurs maken,01,Techniek en gebouwde omgeving
23009,Meubels stofferen,,,"BBL,BOL",hg001,"Afbouw, hout en onderhoud",sg022,Hout en meubel,23348,Meubels stofferen,01,Techniek en gebouwde omgeving
23010,Onderhoud- en verbouwbedrijf,,,"BBL,BOL",hg001,"Afbouw, hout en onderhoud",sg049,Stukadoren en afbouw,23315,Onderhoud- en verbouwbedrijf,01,Techniek en gebouwde omgeving
23011,Parketvloeren leggen,,,"BBL,BOL",hg001,"Afbouw, hout en onderhoud",sg022,Hout en meubel,23269,Interieurvakmanschap,04,Handel
23022,Plafond-/wandmontage,,,"BBL,BOL",hg001,"Afbouw, hout en onderhoud",sg049,Stukadoren en afbouw,23022,Plafond-/wandmontage,01,Techniek en gebouwde omgeving
23023,Restauratiestukadoren,,,"BBL,BOL",hg001,"Afbouw, hout en onderhoud",sg049,Stukadoren en afbouw,23229,Decoratiestukadoor,01,Techniek en gebouwde omgeving
23024,Schilderen,,,"BBL,BOL",hg001,"Afbouw, hout en onderhoud",sg045,Schilderen en onderhoud,23236,Schilderen,01,Techniek en gebouwde omgeving
23025,Schoonmaak en glazenwassen,,,"BBL,BOL",hg001,"Afbouw, hout en onderhoud",sg047,Schoonmaak en glazenwassen,23025,Schoonmaak en glazenwassen,06,"Voedsel, groen en gastvrijheid"
23026,Specialist schilderen,,,"BBL,BOL",hg001,"Afbouw, hout en onderhoud",sg045,Schilderen en onderhoud,23403,Specialist schilderen,01,Techniek en gebouwde omgeving
23027,Stukadoren,,,"BBL,BOL",hg001,"Afbouw, hout en onderhoud",sg049,Stukadoren en afbouw,23027,Stukadoren,01,Techniek en gebouwde omgeving
23028,Woningstofferen,,,"BBL,BOL",hg001,"Afbouw, hout en onderhoud",sg022,Hout en meubel,23269,Interieurvakmanschap,04,Handel
23030,Analisten,,,"BBL,BOL",hg003,"Ambacht, laboratorium en gezondheidstechniek",sg027,Laboratoriumtechniek,23380,Analisten,01,Techniek en gebouwde omgeving
23031,Audiciens,,,"BBL,BOL",hg003,"Ambacht, laboratorium en gezondheidstechniek",sg017,Gezondheidstechniek,23388,Audiciens,08,Specialistisch vakmanschap
23032,Collectiebeheer,,,"BBL,BOL",hg003,"Ambacht, laboratorium en gezondheidstechniek",sg003,Ambachtelijke techniek,23217,Creatief Vakmanschap,08,Specialistisch vakmanschap
23033,Creatief Vakmanschap,,,"BBL,BOL",hg003,"Ambacht, laboratorium en gezondheidstechniek",sg003,Ambachtelijke techniek,23217,Creatief Vakmanschap,08,Specialistisch vakmanschap
23034,Medewerkers steriele medische hulpmiddelen,,,"BBL,BOL",hg003,"Ambacht, laboratorium en gezondheidstechniek",sg017,Gezondheidstechniek,23412,Medewerkers steriele medische hulpmiddelen,08,Specialistisch vakmanschap
23035,Optiek,,,"BBL,BOL",hg003,"Ambacht, laboratorium en gezondheidstechniek",sg017,Gezondheidstechniek,23413,Optiek,08,Specialistisch vakmanschap
23036,Orthopedische schoentechniek,,,"BBL,BOL",hg003,"Ambacht, laboratorium en gezondheidstechniek",sg017,Gezondheidstechniek,23350,Orthopedische schoentechniek,08,Specialistisch vakmanschap
23037,Pianotechniek,,,"BBL,BOL",hg003,"Ambacht, laboratorium en gezondheidstechniek",sg003,Ambachtelijke techniek,23270,Pianotechniek,08,Specialistisch vakmanschap
23038,"Schoenen, zadels en lederwaren",,,"BBL,BOL",hg003,"Ambacht, laboratorium en gezondheidstechniek",sg003,Ambachtelijke techniek,23387,Schoentechniek,08,Specialistisch vakmanschap
23039,Tandtechniek,,,"BBL,BOL",hg003,"Ambacht, laboratorium en gezondheidstechniek",sg017,Gezondheidstechniek,23271,Tandtechniek,08,Specialistisch vakmanschap
23040,Technisch oogheelkundig assistenten,,,"BBL,BOL",hg003,"Ambacht, laboratorium en gezondheidstechniek",sg017,Gezondheidstechniek,23272,Technisch oogheelkundig assistenten,08,Specialistisch vakmanschap
23041,Goud- en zilversmeden,,,"BBL,BOL",hg003,"Ambacht, laboratorium en gezondheidstechniek",sg003,Ambachtelijke techniek,23349,Goud- en Zilversmeden,08,Specialistisch vakmanschap
23042,Juweliersbedrijf,,,"BBL,BOL",hg003,"Ambacht, laboratorium en gezondheidstechniek",sg003,Ambachtelijke techniek,23411,Juweliersbedrijf,08,Specialistisch vakmanschap
23043,Orthopedische techniek,,,"BBL,BOL",hg003,"Ambacht, laboratorium en gezondheidstechniek",sg017,Gezondheidstechniek,23351,Orthopedische techniek,08,Specialistisch vakmanschap
23044,Uurwerktechniek,,,"BBL,BOL",hg003,"Ambacht, laboratorium en gezondheidstechniek",sg003,Ambachtelijke techniek,23386,Uurwerktechniek,08,Specialistisch vakmanschap
23045,Betonboren,,,"BBL,BOL",hg004,Bouw en infra,sg004,Bouwkunde,23045,Betonboren,01,Techniek en gebouwde omgeving
23046,Betonreparatie,,,"BBL,BOL",hg004,Bouw en infra,sg004,Bouwkunde,23407,Betonreparatie,01,Techniek en gebouwde omgeving
23047,Betonstaalverwerken,,,"BBL,BOL",hg004,Bouw en infra,sg004,Bouwkunde,23047,Betonstaalverwerken,01,Techniek en gebouwde omgeving
23048,Betontimmeren,,,"BBL,BOL",hg004,Bouw en infra,sg004,Bouwkunde,23048,Betontimmeren,01,Techniek en gebouwde omgeving
23049,Dakdekken,,,"BBL,BOL",hg004,Bouw en infra,sg004,Bouwkunde,23352,Dakdekken,01,Techniek en gebouwde omgeving
23050,"Grond-, water- en wegenbouw",,,"BBL,BOL",hg004,Bouw en infra,sg004,Bouwkunde,23303,"Grond-, water- en wegenbouw",01,Techniek en gebouwde omgeving
23051,Machinisten,,,"BBL,BOL",hg004,Bouw en infra,sg024,Infrastructuur,23379,Machinisten,01,Techniek en gebouwde omgeving
23052,Metselen,,,"BBL,BOL",hg004,Bouw en infra,sg004,Bouwkunde,23313,Metselen,01,Techniek en gebouwde omgeving
23053,Middenkader bouw en infra,,,"BBL,BOL",hg004,Bouw en infra,sg004,Bouwkunde,23353,Middenkader bouw en infra,01,Techniek en gebouwde omgeving
23054,Natuursteenbewerken,,,"BBL,BOL",hg004,Bouw en infra,sg004,Bouwkunde,23054,Natuursteenbewerken,01,Techniek en gebouwde omgeving
23055,Slopen,,,"BBL,BOL",hg004,Bouw en infra,sg004,Bouwkunde,23408,Slopen,01,Techniek en gebouwde omgeving
23056,Tegelzetten,,,"BBL,BOL",hg004,Bouw en infra,sg004,Bouwkunde,23330,Tegelzetten,01,Techniek en gebouwde omgeving
23057,Timmeren,,,"BBL,BOL",hg004,Bouw en infra,sg004,Bouwkunde,23331,Timmeren,01,Techniek en gebouwde omgeving
23058,Werkvoorbereiden/uitvoeren,,,"BBL,BOL",hg004,Bouw en infra,sg004,Bouwkunde,23058,Werkvoorbereiden/uitvoeren,01,Techniek en gebouwde omgeving
23060,Steigerbouw,,,"BBL,BOL",hg004,Bouw en infra,sg004,Bouwkunde,23313,Metselen,01,Techniek en gebouwde omgeving
23062,Voegen / gevelbehandelen,,,"BBL,BOL",hg004,Bouw en infra,sg004,Bouwkunde,23196,Voegen/gevelbehandelen,01,Techniek en gebouwde omgeving
23063,Bibliotheken,,,"BBL,BOL",hg005,Economie en administratie,sg059,Zakelijke dienstverlening,23296,Business Services,07,Zakelijke dienstverlening en veiligheid
23064,Commercie,,,"BBL,BOL",hg005,Economie en administratie,sg059,Zakelijke dienstverlening,23354,Commercie,04,Handel
23065,Financieel administratieve beroepen,,,"BBL,BOL",hg005,Economie en administratie,sg059,Zakelijke dienstverlening,23296,Business Services,07,Zakelijke dienstverlening en veiligheid
23066,Juridisch-administratieve beroepen,,,"BBL,BOL",hg005,Economie en administratie,sg059,Zakelijke dienstverlening,23296,Business Services,07,Zakelijke dienstverlening en veiligheid
23067,"Marketing, communicatie en evenementen",,,"BBL,BOL",hg005,Economie en administratie,sg059,Zakelijke dienstverlening,23296,Business Services,07,Zakelijke dienstverlening en veiligheid
23068,Ondersteunende administratieve beroepen,,,"BBL,BOL",hg005,Economie en administratie,sg059,Zakelijke dienstverlening,23296,Business Services,07,Zakelijke dienstverlening en veiligheid
23069,Secretariële beroepen,,,"BBL,BOL",hg005,Economie en administratie,sg059,Zakelijke dienstverlening,23296,Business Services,07,Zakelijke dienstverlening en veiligheid
23070,Advies en leiding in de verkoop,,,"BBL,BOL",hg006,Handel en ondernemerschap,sg010,Detailhandel en groothandel,23325,Retail advies,04,Handel
23071,Fashion design,,,"BBL,BOL",hg006,Handel en ondernemerschap,sg035,Mode en interieurindustrie,23279,Fashion,04,Handel
23072,Fashion management,,,"BBL,BOL",hg006,Handel en ondernemerschap,sg035,Mode en interieurindustrie,23279,Fashion,04,Handel
23073,Interieuradvies,,,"BBL,BOL",hg006,Handel en ondernemerschap,sg010,Detailhandel en groothandel,23307,Interieuradvies,04,Handel
23074,"Kleding-, confectie- en veranderatelier",,,"BBL,BOL",hg006,Handel en ondernemerschap,sg035,Mode en interieurindustrie,23280,Fashionatelier,04,Handel
23075,Leidinggeven op basis van vakmanschap,,,"BBL,BOL",hg006,Handel en ondernemerschap,sg031,Management en ondernemerschap,23422,Leidinggeven op basis van vakmanschap,04,Handel
23076,Management retail,,,"BBL,BOL",hg006,Handel en ondernemerschap,sg031,Management en ondernemerschap,23323,Retail Management,04,Handel
23077,Mode/maatkleding,,,"BBL,BOL",hg006,Handel en ondernemerschap,sg035,Mode en interieurindustrie,23279,Fashion,04,Handel
23078,Ondernemerschap op basis van vakmanschap,,,"BBL,BOL",hg006,Handel en ondernemerschap,sg010,Detailhandel en groothandel,23398,Ondernemerschap op basis van een vakspecialisme,04,Handel
23079,Ondernemerschap retail,,,"BBL,BOL",hg006,Handel en ondernemerschap,sg031,Management en ondernemerschap,23355,Ondernemerschap handel,04,Handel
23080,Verkoop,,,"BBL,BOL",hg006,Handel en ondernemerschap,sg010,Detailhandel en groothandel,23324,Retail operationeel,04,Handel
23081,Bediening,,,"BBL,BOL",hg007,Horeca en bakkerij,sg021,Horeca,23081,Bediening,06,"Voedsel, groen en gastvrijheid"
23082,Brood en banket,,,"BBL,BOL",hg007,Horeca en bakkerij,sg005,Brood en banket,23295,Brood en banket,06,"Voedsel, groen en gastvrijheid"
23083,Facilitair Leidinggeven,,,"BBL,BOL",hg007,Horeca en bakkerij,sg015,Facilitaire dienstverlening,23247,Facilitaire dienstverlening,06,"Voedsel, groen en gastvrijheid"
23084,Fastservice,,,"BBL,BOL",hg007,Horeca en bakkerij,sg021,Horeca,23084,Fastservice,06,"Voedsel, groen en gastvrijheid"
23085,Keuken,,,"BBL,BOL",hg007,Horeca en bakkerij,sg021,Horeca,23085,Keuken,06,"Voedsel, groen en gastvrijheid"
23086,Patissier,,,"BBL,BOL",hg007,Horeca en bakkerij,sg005,Brood en banket,23318,Patisserie,06,"Voedsel, groen en gastvrijheid"
23087,Ondernemer horeca/bakkerij,,,"BBL,BOL",hg007,Horeca en bakkerij,sg021,Horeca,23087,Ondernemer horeca/bakkerij,06,"Voedsel, groen en gastvrijheid"
23088,Applicatieontwikkeling,,,"BBL,BOL",hg008,Informatie en communicatietechnologie,sg023,ICT en media,23399,Software development,05,Ict en creatieve industrie
23089,ICT- en mediabeheer,,,"BBL,BOL",hg008,Informatie en communicatietechnologie,sg023,ICT en media,23405,ICT support and systems,05,Ict en creatieve industrie
23090,ICT support,,,"BBL,BOL",hg008,Informatie en communicatietechnologie,sg026,Kantoorautomatisering,23400,ICT support,05,Ict en creatieve industrie
23091,AV-productie,,,"BBL,BOL",hg009,Media en vormgeving,sg032,Mediatechniek,23294,AV-productie,05,Ict en creatieve industrie
23092,DTP,,,"BBL,BOL",hg009,Media en vormgeving,sg032,Mediatechniek,23237,Mediamaken,05,Ict en creatieve industrie
23093,Mediamanagement,,,"BBL,BOL",hg009,Media en vormgeving,sg033,Mediavormgeving,23356,Mediamanagement,05,Ict en creatieve industrie
23094,Mediaredactie,,,"BBL,BOL",hg009,Media en vormgeving,sg032,Mediatechniek,23357,Mediaredactie,05,Ict en creatieve industrie
23095,Mediavormgeving,,,"BBL,BOL",hg009,Media en vormgeving,sg033,Mediavormgeving,23257,Mediavormgeving,05,Ict en creatieve industrie
23096,Podium- en evenemententechniek,,,"BBL,BOL",hg009,Media en vormgeving,sg014,Evenemententechniek,23319,Podium- en evenemententechniek,05,Ict en creatieve industrie
23097,Printmedia,,,"BBL,BOL",hg009,Media en vormgeving,sg032,Mediatechniek,23242,Printmedia,05,Ict en creatieve industrie
23098,Ruimtelijke vormgeving,,,"BBL,BOL",hg009,Media en vormgeving,sg043,Ruimtelijke vormgeving,23326,Ruimtelijke vormgeving,05,Ict en creatieve industrie
23099,Signmaking,,,"BBL,BOL",hg009,Media en vormgeving,sg043,Ruimtelijke vormgeving,23402,Signmaking,05,Ict en creatieve industrie
23100,Stand- en decorbouw,,,"BBL,BOL",hg009,Media en vormgeving,sg043,Ruimtelijke vormgeving,23414,Decorbouw,05,Ict en creatieve industrie
23101,Aftersales mobiliteitsbranche,,,"BBL,BOL",hg010,Mobiliteit en voertuigen,sg034,Mobiliteitstechniek,23292,(After)sales in de mobiliteitsbranche,02,"Mobiliteit, transport, logistiek en maritiem"
23102,"Assemblage, Carrosseriebouw en recreatievoertuigen",,,"BBL,BOL",hg011,Techniek en procesindustrie,sg058,Werktuigbouwkunde,23361,Productietechniek,02,"Mobiliteit, transport, logistiek en maritiem"
23103,Autoschadehersteltechniek,,,"BBL,BOL",hg010,Mobiliteit en voertuigen,sg006,Carrosserietechniek,23358,Autoschadehersteltechniek,02,"Mobiliteit, transport, logistiek en maritiem"
23104,Autospuiten,,,"BBL,BOL",hg010,Mobiliteit en voertuigen,sg006,Carrosserietechniek,23293,Autospuiten,02,"Mobiliteit, transport, logistiek en maritiem"
23105,Fietstechniek,,,"BBL,BOL",hg010,Mobiliteit en voertuigen,sg034,Mobiliteitstechniek,23415,Fietstechniek,02,"Mobiliteit, transport, logistiek en maritiem"
23106,Gemotoriseerde tweewielers,,,"BBL,BOL",hg010,Mobiliteit en voertuigen,sg034,Mobiliteitstechniek,23273,Voertuigen en mobiele werktuigen,02,"Mobiliteit, transport, logistiek en maritiem"
23107,Verbrandingsmotortechniek,,,"BBL,BOL",hg010,Mobiliteit en voertuigen,sg034,Mobiliteitstechniek,23332,Verbrandingsmotortechniek,02,"Mobiliteit, transport, logistiek en maritiem"
23108,Verkoop mobiliteitsbranche,,,"BBL,BOL",hg010,Mobiliteit en voertuigen,sg034,Mobiliteitstechniek,23292,(After)sales in de mobiliteitsbranche,02,"Mobiliteit, transport, logistiek en maritiem"
23109,Voertuigen en mobiele werktuigen,,,"BBL,BOL",hg010,Mobiliteit en voertuigen,sg034,Mobiliteitstechniek,23273,Voertuigen en mobiele werktuigen,02,"Mobiliteit, transport, logistiek en maritiem"
23110,Entree,,,"BBL,BOL",hg002,Entree,sg061,Entree,23301,Entree,09,Entree
23111,Elektrotechnische systemen en installaties,,,"BBL,BOL",hg011,Techniek en procesindustrie,sg013,Elektrotechniek,23300,Elektrotechnische systemen en installaties,01,Techniek en gebouwde omgeving
23112,Engineering koude- en klimaatsystemen,,,"BBL,BOL",hg011,Techniek en procesindustrie,sg013,Elektrotechniek,23409,Engineering koude- en klimaatsystemen,01,Techniek en gebouwde omgeving
23113,Human technology,,,"BBL,BOL",hg011,Techniek en procesindustrie,sg013,Elektrotechniek,23371,Middenkader engineering,01,Techniek en gebouwde omgeving
23114,Infratechniek,,,"BBL,BOL",hg011,Techniek en procesindustrie,sg025,Installatietechniek,23404,Infratechniek,01,Techniek en gebouwde omgeving
23115,Infratechniek (kader),,,"BBL,BOL",hg011,Techniek en procesindustrie,sg025,Installatietechniek,23410,Infratechniek (kader),01,Techniek en gebouwde omgeving
23116,Isolatiewerken,,,"BBL,BOL",hg011,Techniek en procesindustrie,sg013,Elektrotechniek,23116,Isolatiewerken,01,Techniek en gebouwde omgeving
23117,Koude en klimaatsystemen,,,"BBL,BOL",hg011,Techniek en procesindustrie,sg025,Installatietechniek,23427,Koude- en klimaatsystemen,01,Techniek en gebouwde omgeving
23118,Metaalbewerken,,,"BBL,BOL",hg011,Techniek en procesindustrie,sg058,Werktuigbouwkunde,23361,Productietechniek,01,Techniek en gebouwde omgeving
23119,Middenkader engineering,,,"BBL,BOL",hg011,Techniek en procesindustrie,sg013,Elektrotechniek,23371,Middenkader engineering,01,Techniek en gebouwde omgeving
23120,Precisietechniek,,,"BBL,BOL",hg011,Techniek en procesindustrie,sg058,Werktuigbouwkunde,23361,Productietechniek,01,Techniek en gebouwde omgeving
23121,Procestechniek,,,"BBL,BOL",hg011,Techniek en procesindustrie,sg040,Procestechniek,23321,Procestechniek,01,Techniek en gebouwde omgeving
23122,Service- en onderhoudstechniek,,,"BBL,BOL",hg011,Techniek en procesindustrie,sg025,Installatietechniek,23329,Service- en onderhoudstechniek,01,Techniek en gebouwde omgeving
23123,Technisch tekenen,,,"BBL,BOL",hg011,Techniek en procesindustrie,sg013,Elektrotechniek,23123,Technisch tekenen,01,Techniek en gebouwde omgeving
23124,Vliegtuigbouw,,,"BBL,BOL",hg011,Techniek en procesindustrie,sg054,Vliegtuigtechniek,23375,Luchtvaarttechniek,01,Techniek en gebouwde omgeving
23125,Vliegtuigonderhoud,,,"BBL,BOL",hg011,Techniek en procesindustrie,sg054,Vliegtuigtechniek,23375,Luchtvaarttechniek,01,Techniek en gebouwde omgeving
23127,Elektrotechnische installaties,,,"BBL,BOL",hg011,Techniek en procesindustrie,sg013,Elektrotechniek,23299,Elektrotechnische installaties,01,Techniek en gebouwde omgeving
23128,Industrieel onderhoud,,,"BBL,BOL",hg011,Techniek en procesindustrie,sg040,Procestechniek,23128,Industrieel onderhoud,01,Techniek en gebouwde omgeving
23129,Industriële processen,,,"BBL,BOL",hg011,Techniek en procesindustrie,sg040,Procestechniek,23305,Industriële processen,01,Techniek en gebouwde omgeving
23130,Mechatronica,,,"BBL,BOL",hg011,Techniek en procesindustrie,sg058,Werktuigbouwkunde,23360,Mechatronica,01,Techniek en gebouwde omgeving
23131,Mechatronische systemen,,,"BBL,BOL",hg011,Techniek en procesindustrie,sg058,Werktuigbouwkunde,23360,Mechatronica,01,Techniek en gebouwde omgeving
23132,Operationele techniek,,,"BBL,BOL",hg011,Techniek en procesindustrie,sg040,Procestechniek,23132,Operationele techniek,01,Techniek en gebouwde omgeving
23133,Werktuigkundige installaties (montage),,,"BBL,BOL",hg011,Techniek en procesindustrie,sg058,Werktuigbouwkunde,23333,Werktuigkundige installaties (montage),01,Techniek en gebouwde omgeving
23134,"Travel, leisure & hospitality",,,"BBL,BOL",hg012,Toerisme en recreatie,sg051,Toerisme,23264,"Travel, leisure & hospitality",06,"Voedsel, groen en gastvrijheid"
23135,Watersportindustrie,,,"BBL,BOL",hg013,"Transport, scheepvaart en logistiek",sg044,Scheepvaart,23239,Maritieme techniek,02,"Mobiliteit, transport, logistiek en maritiem"
23136,Baggeren,,,"BBL,BOL",hg013,"Transport, scheepvaart en logistiek",sg044,Scheepvaart,23278,Maritiem officier,02,"Mobiliteit, transport, logistiek en maritiem"
23139,Dienstverlening in de luchtvaart,,,"BBL,BOL",hg013,"Transport, scheepvaart en logistiek",sg029,Luchtvaart,23416,Dienstverlening in de luchtvaart,02,"Mobiliteit, transport, logistiek en maritiem"
23140,Goederenvervoer,,,"BBL,BOL",hg013,"Transport, scheepvaart en logistiek",sg057,Weg- en railtransport,23418,Goederenvervoer,02,"Mobiliteit, transport, logistiek en maritiem"
23143,Logistiek,,,"BBL,BOL",hg013,"Transport, scheepvaart en logistiek",sg028,Logistiek,23309,Logistiek,02,"Mobiliteit, transport, logistiek en maritiem"
23144,Maritieme techniek,,,"BBL,BOL",hg013,"Transport, scheepvaart en logistiek",sg044,Scheepvaart,23239,Maritieme techniek,02,"Mobiliteit, transport, logistiek en maritiem"
23146,Middenkader transport en logistiek,,,"BBL,BOL",hg013,"Transport, scheepvaart en logistiek",sg028,Logistiek,23310,Management transport en logistiek,02,"Mobiliteit, transport, logistiek en maritiem"
23147,Personenvervoer,,,"BBL,BOL",hg013,"Transport, scheepvaart en logistiek",sg057,Weg- en railtransport,23276,Personenvervoer,02,"Mobiliteit, transport, logistiek en maritiem"
23148,Railvervoer,,,"BBL,BOL",hg013,"Transport, scheepvaart en logistiek",sg057,Weg- en railtransport,23419,Railvervoer,02,"Mobiliteit, transport, logistiek en maritiem"
23149,Rondvaartboot,,,"BBL,BOL",hg013,"Transport, scheepvaart en logistiek",sg044,Scheepvaart,23277,Rondvaartboot,02,"Mobiliteit, transport, logistiek en maritiem"
23152,Supervisors logistiek,,,"BBL,BOL",hg013,"Transport, scheepvaart en logistiek",sg028,Logistiek,23310,Management transport en logistiek,02,"Mobiliteit, transport, logistiek en maritiem"
23153,Transportplanning,,,"BBL,BOL",hg013,"Transport, scheepvaart en logistiek",sg028,Logistiek,23310,Management transport en logistiek,02,"Mobiliteit, transport, logistiek en maritiem"
23155,Havenlogistiek,,,"BBL,BOL",hg013,"Transport, scheepvaart en logistiek",sg044,Scheepvaart,23364,Havenlogistiek,02,"Mobiliteit, transport, logistiek en maritiem"
23156,Havenoperaties,,,"BBL,BOL",hg013,"Transport, scheepvaart en logistiek",sg044,Scheepvaart,23363,Havenoperaties,02,"Mobiliteit, transport, logistiek en maritiem"
23157,Haarverzorging,,,"BBL,BOL",hg014,Uiterlijke verzorging,sg019,Haarverzorging,23263,Haarverzorging,06,"Voedsel, groen en gastvrijheid"
23158,Make-up art,,,"BBL,BOL",hg014,Uiterlijke verzorging,sg062,Make-up Art,23282,Make-up Art,05,Ict en creatieve industrie
23159,Schoonheidsverzorging,,,"BBL,BOL",hg014,Uiterlijke verzorging,sg046,Schoonheidsverzorging,23365,Schoonheidsverzorging,03,"Zorg, welzijn en sport"
23160,Voetzorg,,,"BBL,BOL",hg014,Uiterlijke verzorging,sg056,Voetverzorging,23283,Voetzorg,03,"Zorg, welzijn en sport"
23161,Particuliere beveiliging,,,"BBL,BOL",hg015,Veiligheid en sport,sg038,Particuliere veiligheid,23281,Particuliere beveiliging,07,Zakelijke dienstverlening en veiligheid
23162,Publieke veiligheid,,,"BBL,BOL",hg015,Veiligheid en sport,sg041,Publieke veiligheid,23322,Publieke veiligheid,07,Zakelijke dienstverlening en veiligheid
23163,Sport en bewegen,,,"BBL,BOL",hg015,Veiligheid en sport,sg048,Sport en bewegen,23366,Sport en Bewegen,03,"Zorg, welzijn en sport"
23164,Veiligheid en vakmanschap,,,"BBL,BOL",hg015,Veiligheid en sport,sg009,Defensie,23240,Veiligheid en vakmanschap,07,Zakelijke dienstverlening en veiligheid
23165,Vers: leidinggeven & ambacht,,,"BBL,BOL",hg016,"Voedsel, natuur en leefomgeving",sg053,Verse voeding,23287,Vers: leidinggeven & ambacht,06,"Voedsel, groen en gastvrijheid"
23166,Vers: vakmanschap & ambacht,,,"BBL,BOL",hg016,"Voedsel, natuur en leefomgeving",sg053,Verse voeding,23288,Vers: vakmanschap & ambacht,06,"Voedsel, groen en gastvrijheid"
23167,Vers: vakmanschap & industrie,,,"BBL,BOL",hg016,"Voedsel, natuur en leefomgeving",sg053,Verse voeding,23227,Vers: vakmanschap & industrie,06,"Voedsel, groen en gastvrijheid"
23168,"Agro productie, handel en technologie",,,"BBL,BOL",hg016,"Voedsel, natuur en leefomgeving",sg055,"Voeding, teelt en verwerking",23393,"Agro productie, handel en technologie",06,"Voedsel, groen en gastvrijheid"
23169,"Bloem, groen en styling",,,"BBL,BOL",hg016,"Voedsel, natuur en leefomgeving",sg055,"Voeding, teelt en verwerking",23289,"Bloem, groen en styling",06,"Voedsel, groen en gastvrijheid"
23170,Dierverzorging,,,"BBL,BOL",hg016,"Voedsel, natuur en leefomgeving",sg011,Dier,23298,Dierverzorging,06,"Voedsel, groen en gastvrijheid"
23171,Groene ruimte,,,"BBL,BOL",hg016,"Voedsel, natuur en leefomgeving",sg055,"Voeding, teelt en verwerking",23394,Groene ruimte,06,"Voedsel, groen en gastvrijheid"
23172,Milieu-onderzoek en -inspectie,,,"BBL,BOL",hg016,"Voedsel, natuur en leefomgeving",sg036,Natuur en groene ruimte,23234,Advies en onderzoek leefomgeving,06,"Voedsel, groen en gastvrijheid"
23173,Voeding,,,"BBL,BOL",hg016,"Voedsel, natuur en leefomgeving",sg055,"Voeding, teelt en verwerking",23392,Voeding,06,"Voedsel, groen en gastvrijheid"
23174,Dierlijke vruchtbaarheid en voortplanting,,,"BBL,BOL",hg016,"Voedsel, natuur en leefomgeving",sg011,Dier,23213,Dierlijke vruchtbaarheid en voortplanting,06,"Voedsel, groen en gastvrijheid"
23175,Gespecialiseerde proefdierverzorging,,,"BBL,BOL",hg016,"Voedsel, natuur en leefomgeving",sg011,Dier,23368,Gespecialiseerde proefdierverzorging,06,"Voedsel, groen en gastvrijheid"
23176,Hoefsmederij,,,"BBL,BOL",hg016,"Voedsel, natuur en leefomgeving",sg011,Dier,23367,Hoefsmederij,06,"Voedsel, groen en gastvrijheid"
23177,Paardensport en -houderij,,,"BBL,BOL",hg016,"Voedsel, natuur en leefomgeving",sg011,Dier,23369,Paardensport en -houderij,06,"Voedsel, groen en gastvrijheid"
23178,Apothekersassistent,,,"BBL,BOL",hg017,Zorg en welzijn,sg016,Gezondheidsondersteuning,23265,Apothekersassistent,03,"Zorg, welzijn en sport"
23179,Artiesten,,,"BBL,BOL",hg017,Zorg en welzijn,sg008,Cultureel werk,23266,Artiesten,05,Ict en creatieve industrie
23180,Doktersassistent,,,"BBL,BOL",hg017,Zorg en welzijn,sg016,Gezondheidsondersteuning,23284,Doktersassistent,03,"Zorg, welzijn en sport"
23181,Maatschappelijke Zorg,,,"BBL,BOL",hg017,Zorg en welzijn,sg030,Maatschappelijke zorg,23312,Maatschappelijke Zorg,03,"Zorg, welzijn en sport"
23182,Mbo-Verpleegkundige,,,"BBL,BOL",hg017,Zorg en welzijn,sg052,Verpleging en verzorging,23267,Mbo-Verpleegkundige,03,"Zorg, welzijn en sport"
23183,Pedagogisch werk,,,"BBL,BOL",hg017,Zorg en welzijn,sg039,Pedagogisch werk,23285,Pedagogisch werk,03,"Zorg, welzijn en sport"
23184,Praktijkopleider,,,"BBL,BOL",hg017,Zorg en welzijn,sg039,Pedagogisch werk,23320,Praktijkopleider,03,"Zorg, welzijn en sport"
23185,Sociaal werk,,,"BBL,BOL",hg017,Zorg en welzijn,sg030,Maatschappelijke zorg,23384,Sociaal werk,03,"Zorg, welzijn en sport"
23186,Tandartsassistent,,,"BBL,BOL",hg017,Zorg en welzijn,sg016,Gezondheidsondersteuning,23286,Tandartsassistent,03,"Zorg, welzijn en sport"
23187,verzorgende-IG,,,"BBL,BOL",hg017,Zorg en welzijn,sg052,Verpleging en verzorging,23268,verzorgende-IG,03,"Zorg, welzijn en sport"
23189,Dienstverlening,,,"BBL,BOL",hg017,Zorg en welzijn,sg060,Basis dienstverlening,23385,Dienstverlening,03,"Zorg, welzijn en sport"
23190,Financiële dienstverlening,,,"BBL,BOL",hg005,Economie en administratie,sg059,Zakelijke dienstverlening,23296,Business Services,07,Zakelijke dienstverlening en veiligheid
23191,Vers: leidinggeven & industrie,,,"BBL,BOL",hg016,"Voedsel, natuur en leefomgeving",sg053,Verse voeding,23226,Vers: leidinggeven & industrie,06,"Voedsel, groen en gastvrijheid"
23192,Entree groen,,,"BBL,BOL",hg002,Entree,sg061,Entree,23301,Entree,09,Entree
23193,Management retail (groen),,,"BBL,BOL",hg006,Handel en ondernemerschap,sg031,Management en ondernemerschap,23323,Retail Management,04,Handel
23194,Verkoop (groen),,,"BBL,BOL",hg006,Handel en ondernemerschap,sg010,Detailhandel en groothandel,23324,Retail operationeel,04,Handel
23195,Advies en leiding in de verkoop (groen),,,"BBL,BOL",hg006,Handel en ondernemerschap,sg010,Detailhandel en groothandel,23325,Retail advies,04,Handel
23196,Voegen/gevelbehandelen,,,"BBL,BOL",hg004,Bouw en infra,sg004,Bouwkunde,23196,Voegen/gevelbehandelen,01,Techniek en gebouwde omgeving
23197,Restauratievakmanschap in de bouw,,,"BBL,BOL",hg004,Bouw en infra,sg004,Bouwkunde,23197,Restauratievakmanschap in de bouw,01,Techniek en gebouwde omgeving
23198,Precisietechniek,,,"BBL,BOL",hg011,Techniek en procesindustrie,sg058,Werktuigbouwkunde,23361,Productietechniek,01,Techniek en gebouwde omgeving
23199,Vormen maken,,,"BBL,BOL",hg011,Techniek en procesindustrie,sg013,Elektrotechniek,23123,Technisch tekenen,08,Specialistisch vakmanschap
23201,Bootmannen,,,"BBL,BOL",hg013,"Transport, scheepvaart en logistiek",sg044,Scheepvaart,23390,Bootmannen,02,"Mobiliteit, transport, logistiek en maritiem"
23202,Koopvaardij,,,"BBL,BOL",hg013,"Transport, scheepvaart en logistiek",sg044,Scheepvaart,23278,Maritiem officier,02,"Mobiliteit, transport, logistiek en maritiem"
23203,Koopvaardij SMBW,,,"BBL,BOL",hg013,"Transport, scheepvaart en logistiek",sg044,Scheepvaart,23420,Zee- en zeevisvaart beperkt vaargebied,02,"Mobiliteit, transport, logistiek en maritiem"
23204,Maritieme waterbouw,,,"BBL,BOL",hg013,"Transport, scheepvaart en logistiek",sg044,Scheepvaart,23278,Maritiem officier,02,"Mobiliteit, transport, logistiek en maritiem"
23205,Visserij officieren,,,"BBL,BOL",hg013,"Transport, scheepvaart en logistiek",sg044,Scheepvaart,23278,Maritiem officier,02,"Mobiliteit, transport, logistiek en maritiem"
23206,Zeevisvaart SW6,,,"BBL,BOL",hg013,"Transport, scheepvaart en logistiek",sg044,Scheepvaart,23420,Zee- en zeevisvaart beperkt vaargebied,02,"Mobiliteit, transport, logistiek en maritiem"
23207,Fashion design & productmanagement,,,"BBL,BOL",hg006,Handel en ondernemerschap,sg035,Mode en interieurindustrie,23279,Fashion,04,Handel
23208,Leidinggeven op basis van vakmanschap,,,"BBL,BOL",hg006,Handel en ondernemerschap,sg031,Management en ondernemerschap,23422,Leidinggeven op basis van vakmanschap,04,Handel
23209,Ondernemerschap op basis van vakmanschap,,,"BBL,BOL",hg006,Handel en ondernemerschap,sg010,Detailhandel en groothandel,23398,Ondernemerschap op basis van een vakspecialisme,04,Handel
23210,Baggeren,,,"BBL,BOL",hg013,"Transport, scheepvaart en logistiek",sg044,Scheepvaart,23278,Maritiem officier,02,"Mobiliteit, transport, logistiek en maritiem"
23211,Binnenvaart,,,"BBL,BOL",hg013,"Transport, scheepvaart en logistiek",sg044,Scheepvaart,23389,Binnenvaart,02,"Mobiliteit, transport, logistiek en maritiem"
23212,"Agro productie, handel en technologie",,,"BBL,BOL",hg016,"Voedsel, natuur en leefomgeving",sg055,"Voeding, teelt en verwerking",23393,"Agro productie, handel en technologie",06,"Voedsel, groen en gastvrijheid"
23213,Dierlijke vruchtbaarheid en voortplanting,,,"BBL,BOL",hg016,"Voedsel, natuur en leefomgeving",sg011,Dier,23213,Dierlijke vruchtbaarheid en voortplanting,06,"Voedsel, groen en gastvrijheid"
23214,Dierverzorging,,,"BBL,BOL",hg016,"Voedsel, natuur en leefomgeving",sg011,Dier,23298,Dierverzorging,06,"Voedsel, groen en gastvrijheid"
23215,Dakdekken,,,"BBL,BOL",hg004,Bouw en infra,sg004,Bouwkunde,23352,Dakdekken,01,Techniek en gebouwde omgeving
23216,Financiële dienstverlening,,,"BBL,BOL",hg005,Economie en administratie,sg059,Zakelijke dienstverlening,23296,Business Services,07,Zakelijke dienstverlening en veiligheid
23217,Creatief Vakmanschap,,,"BBL,BOL",hg003,"Ambacht, laboratorium en gezondheidstechniek",sg003,Ambachtelijke techniek,23217,Creatief Vakmanschap,08,Specialistisch vakmanschap
23218,Goederenvervoer,,,"BBL,BOL",hg013,"Transport, scheepvaart en logistiek",sg057,Weg- en railtransport,23418,Goederenvervoer,02,"Mobiliteit, transport, logistiek en maritiem"
23219,Personenvervoer,,,"BBL,BOL",hg013,"Transport, scheepvaart en logistiek",sg057,Weg- en railtransport,23276,Personenvervoer,02,"Mobiliteit, transport, logistiek en maritiem"
23220,Railvervoer,,,"BBL,BOL",hg013,"Transport, scheepvaart en logistiek",sg057,Weg- en railtransport,23419,Railvervoer,02,"Mobiliteit, transport, logistiek en maritiem"
23221,"Agro productie, handel en technologie",,,"BBL,BOL",hg016,"Voedsel, natuur en leefomgeving",sg055,"Voeding, teelt en verwerking",23393,"Agro productie, handel en technologie",06,"Voedsel, groen en gastvrijheid"
23222,Machinisten,,,,hg004,Bouw en infra,sg024,Infrastructuur,23379,Machinisten,01,Techniek en gebouwde omgeving
23223,Koude en klimaatsystemen,,,"BBL,BOL",hg011,Techniek en procesindustrie,sg025,Installatietechniek,23427,Koude- en klimaatsystemen,01,Techniek en gebouwde omgeving
23224,Bootmannen,,,"BBL,BOL",hg013,"Transport, scheepvaart en logistiek",sg044,Scheepvaart,23390,Bootmannen,02,"Mobiliteit, transport, logistiek en maritiem"
23225,Engineering koude- en klimaatsystemen,,,"BBL,BOL",hg011,Techniek en procesindustrie,sg013,Elektrotechniek,23409,Engineering koude- en klimaatsystemen,01,Techniek en gebouwde omgeving
23226,Vers: leidinggeven & industrie,,,"BBL,BOL",hg016,"Voedsel, natuur en leefomgeving",sg053,Verse voeding,23226,Vers: leidinggeven & industrie,06,"Voedsel, groen en gastvrijheid"
23227,Vers: vakmanschap & industrie,,,"BBL,BOL",hg016,"Voedsel, natuur en leefomgeving",sg053,Verse voeding,23227,Vers: vakmanschap & industrie,06,"Voedsel, groen en gastvrijheid"
23228,Voeding,,,"BBL,BOL",hg016,"Voedsel, natuur en leefomgeving",sg055,"Voeding, teelt en verwerking",23392,Voeding,06,"Voedsel, groen en gastvrijheid"
23229,Decoratiestukadoor,,,"BBL,BOL",hg001,"Afbouw, hout en onderhoud",sg049,Stukadoren en afbouw,23229,Decoratiestukadoor,01,Techniek en gebouwde omgeving
23230,Baggeren,,,"BBL,BOL",hg013,"Transport, scheepvaart en logistiek",sg044,Scheepvaart,23278,Maritiem officier,02,"Mobiliteit, transport, logistiek en maritiem"
23231,Office- en managementsupport,,,"BBL,BOL",hg005,Economie en administratie,sg059,Zakelijke dienstverlening,23296,Business Services,07,Zakelijke dienstverlening en veiligheid
23232,Instructeur mbo,,,"BBL,BOL",hg017,Zorg en welzijn,sg039,Pedagogisch werk,23232,Instructeur mbo,03,"Zorg, welzijn en sport"
23233,Dierverzorging,,,"BBL,BOL",hg016,"Voedsel, natuur en leefomgeving",sg011,Dier,23298,Dierverzorging,06,"Voedsel, groen en gastvrijheid"
23234,Advies en onderzoek leefomgeving,,,"BBL,BOL",hg016,"Voedsel, natuur en leefomgeving",sg036,Natuur en groene ruimte,23234,Advies en onderzoek leefomgeving,06,"Voedsel, groen en gastvrijheid"
23235,Industrieel produceren met hout,,,"BBL,BOL",hg001,"Afbouw, hout en onderhoud",sg022,Hout en meubel,23235,Industrieel produceren met hout,01,Techniek en gebouwde omgeving
23236,Schilderen,,,"BBL,BOL",hg001,"Afbouw, hout en onderhoud",sg045,Schilderen en onderhoud,23236,Schilderen,01,Techniek en gebouwde omgeving
23237,Mediamaken,,,"BBL,BOL",hg009,Media en vormgeving,sg032,Mediatechniek,23237,Mediamaken,05,Ict en creatieve industrie
23238,"Assemblage, Carrosseriebouw en recreatievoertuigen",,,"BBL,BOL",hg011,Techniek en procesindustrie,sg058,Werktuigbouwkunde,23361,Productietechniek,02,"Mobiliteit, transport, logistiek en maritiem"
23239,Maritieme techniek,,,"BBL,BOL",hg013,"Transport, scheepvaart en logistiek",sg044,Scheepvaart,23239,Maritieme techniek,02,"Mobiliteit, transport, logistiek en maritiem"
23240,Veiligheid en vakmanschap,,,"BBL,BOL",hg015,Veiligheid en sport,sg009,Defensie,23240,Veiligheid en vakmanschap,07,Zakelijke dienstverlening en veiligheid
23241,Pedagogisch werk,,,"BBL,BOL",hg017,Zorg en welzijn,sg039,Pedagogisch werk,23285,Pedagogisch werk,03,"Zorg, welzijn en sport"
23242,Printmedia,,,"BBL,BOL",hg009,Media en vormgeving,sg032,Mediatechniek,23242,Printmedia,05,Ict en creatieve industrie
23243,Software development,,,"BBL,BOL",hg008,Informatie en communicatietechnologie,sg023,ICT en media,23399,Software development,05,Ict en creatieve industrie
23244,IT systems and devices,,,"BBL,BOL",hg008,Informatie en communicatietechnologie,sg023,ICT en media,23405,ICT support and systems,05,Ict en creatieve industrie
23246,ICT support,,,"BBL,BOL",hg008,Informatie en communicatietechnologie,sg026,Kantoorautomatisering,23400,ICT support,05,Ict en creatieve industrie
23247,Facilitaire dienstverlening,,,"BBL,BOL",hg007,Horeca en bakkerij,sg015,Facilitaire dienstverlening,23247,Facilitaire dienstverlening,06,"Voedsel, groen en gastvrijheid"
23248,Binnenvaart,,,"BBL,BOL",hg013,"Transport, scheepvaart en logistiek",sg044,Scheepvaart,23389,Binnenvaart,02,"Mobiliteit, transport, logistiek en maritiem"
23249,Railvervoer,,,"BBL,BOL",hg013,"Transport, scheepvaart en logistiek",sg057,Weg- en railtransport,23419,Railvervoer,02,"Mobiliteit, transport, logistiek en maritiem"
23250,Boulangerie,,,"BBL,BOL",hg007,Horeca en bakkerij,sg005,Brood en banket,23250,Boulangerie,06,"Voedsel, groen en gastvrijheid"
23251,Sociaal werk,,,"BBL,BOL",hg017,Zorg en welzijn,sg030,Maatschappelijke zorg,23384,Sociaal werk,03,"Zorg, welzijn en sport"
23252,Groene ruimte,,,"BBL,BOL",hg016,"Voedsel, natuur en leefomgeving",sg055,"Voeding, teelt en verwerking",23394,Groene ruimte,06,"Voedsel, groen en gastvrijheid"
23253,Infratechniek,,,"BBL,BOL",hg011,Techniek en procesindustrie,sg025,Installatietechniek,23404,Infratechniek,01,Techniek en gebouwde omgeving
23254,Precisietechniek,,,"BBL,BOL",hg011,Techniek en procesindustrie,sg058,Werktuigbouwkunde,23361,Productietechniek,01,Techniek en gebouwde omgeving
23255,Medewerkers steriele medische hulpmiddelen,,,"BBL,BOL",hg003,"Ambacht, laboratorium en gezondheidstechniek",sg017,Gezondheidstechniek,23412,Medewerkers steriele medische hulpmiddelen,08,Specialistisch vakmanschap
23256,Optiek,,,"BBL,BOL",hg003,"Ambacht, laboratorium en gezondheidstechniek",sg017,Gezondheidstechniek,23413,Optiek,08,Specialistisch vakmanschap
23257,Mediavormgeving,,,"BBL,BOL",hg009,Media en vormgeving,sg033,Mediavormgeving,23257,Mediavormgeving,05,Ict en creatieve industrie
23258,Signmaking,,,"BBL,BOL",hg009,Media en vormgeving,sg043,Ruimtelijke vormgeving,23402,Signmaking,05,Ict en creatieve industrie
23259,Bootmannen,,,"BBL,BOL",hg013,"Transport, scheepvaart en logistiek",sg044,Scheepvaart,23390,Bootmannen,02,"Mobiliteit, transport, logistiek en maritiem"
23260,Dienstverlening in de luchtvaart,,,"BBL,BOL",hg013,"Transport, scheepvaart en logistiek",sg029,Luchtvaart,23416,Dienstverlening in de luchtvaart,02,"Mobiliteit, transport, logistiek en maritiem"
23261,Visserij officieren,,,"BBL,BOL",hg013,"Transport, scheepvaart en logistiek",sg044,Scheepvaart,23278,Maritiem officier,02,"Mobiliteit, transport, logistiek en maritiem"
23262,Zeevisvaart SW6,,,"BBL,BOL",hg013,"Transport, scheepvaart en logistiek",sg044,Scheepvaart,23420,Zee- en zeevisvaart beperkt vaargebied,02,"Mobiliteit, transport, logistiek en maritiem"
23263,Haarverzorging,,,"BBL,BOL",hg014,Uiterlijke verzorging,sg019,Haarverzorging,23263,Haarverzorging,06,"Voedsel, groen en gastvrijheid"
23264,"Travel, leisure & hospitality",,,"BBL,BOL",hg012,Toerisme en recreatie,sg051,Toerisme,23264,"Travel, leisure & hospitality",06,"Voedsel, groen en gastvrijheid"
23265,Apothekersassistent,,,"BBL,BOL",hg017,Zorg en welzijn,sg016,Gezondheidsondersteuning,23265,Apothekersassistent,03,"Zorg, welzijn en sport"
23266,Artiesten,,,"BBL,BOL",hg017,Zorg en welzijn,sg008,Cultureel werk,23266,Artiesten,05,Ict en creatieve industrie
23267,Mbo-Verpleegkundige,,,"BBL,BOL",hg017,Zorg en welzijn,sg052,Verpleging en verzorging,23267,Mbo-Verpleegkundige,03,"Zorg, welzijn en sport"
23268,verzorgende-IG,,,"BBL,BOL",hg017,Zorg en welzijn,sg052,Verpleging en verzorging,23268,verzorgende-IG,03,"Zorg, welzijn en sport"
23269,Interieurvakmanschap,,,"BBL,BOL",hg001,"Afbouw, hout en onderhoud",sg022,Hout en meubel,23269,Interieurvakmanschap,04,Handel
23270,Pianotechniek,,,"BBL,BOL",hg003,"Ambacht, laboratorium en gezondheidstechniek",sg003,Ambachtelijke techniek,23270,Pianotechniek,08,Specialistisch vakmanschap
23271,Tandtechniek,,,"BBL,BOL",hg003,"Ambacht, laboratorium en gezondheidstechniek",sg017,Gezondheidstechniek,23271,Tandtechniek,08,Specialistisch vakmanschap
23272,Technisch oogheelkundig assistenten,,,"BBL,BOL",hg003,"Ambacht, laboratorium en gezondheidstechniek",sg017,Gezondheidstechniek,23272,Technisch oogheelkundig assistenten,08,Specialistisch vakmanschap
23273,Voertuigen en mobiele werktuigen,,,"BBL,BOL",hg010,Mobiliteit en voertuigen,sg034,Mobiliteitstechniek,23273,Voertuigen en mobiele werktuigen,02,"Mobiliteit, transport, logistiek en maritiem"
23274,Specialist voertuigen en mobiele werktuigen,,,"BBL,BOL",hg010,Mobiliteit en voertuigen,sg034,Mobiliteitstechniek,23274,Specialist voertuigen en mobiele werktuigen,02,"Mobiliteit, transport, logistiek en maritiem"
23275,Goederenvervoer,,,"BBL,BOL",hg013,"Transport, scheepvaart en logistiek",sg057,Weg- en railtransport,23418,Goederenvervoer,02,"Mobiliteit, transport, logistiek en maritiem"
23276,Personenvervoer,,,"BBL,BOL",hg013,"Transport, scheepvaart en logistiek",sg057,Weg- en railtransport,23276,Personenvervoer,02,"Mobiliteit, transport, logistiek en maritiem"
23277,Rondvaartboot,,,"BBL,BOL",hg013,"Transport, scheepvaart en logistiek",sg044,Scheepvaart,23277,Rondvaartboot,02,"Mobiliteit, transport, logistiek en maritiem"
23278,Maritiem officier,,,"BBL,BOL",hg013,"Transport, scheepvaart en logistiek",sg044,Scheepvaart,23278,Maritiem officier,02,"Mobiliteit, transport, logistiek en maritiem"
23279,Fashion,,,"BBL,BOL",hg006,Handel en ondernemerschap,sg035,Mode en interieurindustrie,23279,Fashion,04,Handel
23280,Fashionatelier,,,"BBL,BOL",hg006,Handel en ondernemerschap,sg035,Mode en interieurindustrie,23280,Fashionatelier,04,Handel
23281,Particuliere beveiliging,,,"BBL,BOL",hg015,Veiligheid en sport,sg038,Particuliere veiligheid,23281,Particuliere beveiliging,07,Zakelijke dienstverlening en veiligheid
23282,Make-up Art,,,"BBL,BOL",hg014,Uiterlijke verzorging,sg062,Make-up Art,23282,Make-up Art,05,Ict en creatieve industrie
23283,Voetzorg,,,"BBL,BOL",hg014,Uiterlijke verzorging,sg056,Voetverzorging,23283,Voetzorg,03,"Zorg, welzijn en sport"
23284,Doktersassistent,,,"BBL,BOL",hg017,Zorg en welzijn,sg016,Gezondheidsondersteuning,23284,Doktersassistent,03,"Zorg, welzijn en sport"
23285,Pedagogisch werk,,,"BBL,BOL",hg017,Zorg en welzijn,sg039,Pedagogisch werk,23285,Pedagogisch werk,03,"Zorg, welzijn en sport"
23286,Tandartsassistent,,,"BBL,BOL",hg017,Zorg en welzijn,sg016,Gezondheidsondersteuning,23286,Tandartsassistent,03,"Zorg, welzijn en sport"
23287,Vers: leidinggeven & ambacht,,,"BBL,BOL",hg016,"Voedsel, natuur en leefomgeving",sg053,Verse voeding,23287,Vers: leidinggeven & ambacht,06,"Voedsel, groen en gastvrijheid"
23288,Vers: vakmanschap & ambacht,,,"BBL,BOL",hg016,"Voedsel, natuur en leefomgeving",sg053,Verse voeding,23288,Vers: vakmanschap & ambacht,06,"Voedsel, groen en gastvrijheid"
23289,"Bloem, groen en styling",,,"BBL,BOL",hg016,"Voedsel, natuur en leefomgeving",sg055,"Voeding, teelt en verwerking",23289,"Bloem, groen en styling",06,"Voedsel, groen en gastvrijheid"
23290,Boomverzorging,,,"BBL,BOL",hg016,"Voedsel, natuur en leefomgeving",sg036,Natuur en groene ruimte,23290,Boomverzorging,06,"Voedsel, groen en gastvrijheid"
23291,Paardensport en -houderij,,,"BBL,BOL",hg016,"Voedsel, natuur en leefomgeving",sg011,Dier,23369,Paardensport en -houderij,06,"Voedsel, groen en gastvrijheid"
23292,(After)sales in de mobiliteitsbranche,,,"BBL,BOL",hg010,Mobiliteit en voertuigen,sg034,Mobiliteitstechniek,23292,(After)sales in de mobiliteitsbranche,02,"Mobiliteit, transport, logistiek en maritiem"
23293,Autospuiten,,,"BBL,BOL",hg010,Mobiliteit en voertuigen,sg006,Carrosserietechniek,23293,Autospuiten,02,"Mobiliteit, transport, logistiek en maritiem"
23294,AV-productie,,,"BBL,BOL",hg009,Media en vormgeving,sg032,Mediatechniek,23294,AV-productie,05,Ict en creatieve industrie
23295,Brood en banket,,,"BBL,BOL",hg007,Horeca en bakkerij,sg005,Brood en banket,23295,Brood en banket,06,"Voedsel, groen en gastvrijheid"
23296,Business Services,,,"BBL,BOL",hg005,Economie en administratie,sg059,Zakelijke dienstverlening,23296,Business Services,07,Zakelijke dienstverlening en veiligheid
23298,Dierverzorging,,,"BBL,BOL",hg016,"Voedsel, natuur en leefomgeving",sg011,Dier,23298,Dierverzorging,06,"Voedsel, groen en gastvrijheid"
23299,Elektrotechnische installaties,,,"BBL,BOL",hg011,Techniek en procesindustrie,sg013,Elektrotechniek,23299,Elektrotechnische installaties,01,Techniek en gebouwde omgeving
23300,Elektrotechnische systemen en installaties,,,"BBL,BOL",hg011,Techniek en procesindustrie,sg013,Elektrotechniek,23300,Elektrotechnische systemen en installaties,01,Techniek en gebouwde omgeving
23301,Entree,,,"BBL,BOL",hg002,Entree,sg061,Entree,23301,Entree,09,Entree
23302,Evenementenorganisatie,,,"BBL,BOL",hg005,Economie en administratie,sg059,Zakelijke dienstverlening,23302,Evenementenorganisatie,07,Zakelijke dienstverlening en veiligheid
23303,"Grond-, water- en wegenbouw",,,"BBL,BOL",hg004,Bouw en infra,sg004,Bouwkunde,23303,"Grond-, water- en wegenbouw",01,Techniek en gebouwde omgeving
23305,Industriële processen,,,"BBL,BOL",hg011,Techniek en procesindustrie,sg040,Procestechniek,23305,Industriële processen,01,Techniek en gebouwde omgeving
23306,Infratechniek,,,"BBL,BOL",hg011,Techniek en procesindustrie,sg025,Installatietechniek,23404,Infratechniek,01,Techniek en gebouwde omgeving
23307,Interieuradvies,,,"BBL,BOL",hg006,Handel en ondernemerschap,sg010,Detailhandel en groothandel,23307,Interieuradvies,04,Handel
23308,Kaderfunctie afbouw en onderhoud,,,"BBL,BOL",hg001,"Afbouw, hout en onderhoud",sg045,Schilderen en onderhoud,23378,Kaderfunctie afbouw en onderhoud,01,Techniek en gebouwde omgeving
23309,Logistiek,,,"BBL,BOL",hg013,"Transport, scheepvaart en logistiek",sg028,Logistiek,23309,Logistiek,02,"Mobiliteit, transport, logistiek en maritiem"
23310,Management transport en logistiek,,,"BBL,BOL",hg013,"Transport, scheepvaart en logistiek",sg028,Logistiek,23310,Management transport en logistiek,02,"Mobiliteit, transport, logistiek en maritiem"
23311,Luchtvracht,,,"BBL,BOL",hg013,"Transport, scheepvaart en logistiek",sg029,Luchtvaart,23311,Luchtvracht,02,"Mobiliteit, transport, logistiek en maritiem"
23312,Maatschappelijke Zorg,,,"BBL,BOL",hg017,Zorg en welzijn,sg030,Maatschappelijke zorg,23312,Maatschappelijke Zorg,03,"Zorg, welzijn en sport"
23313,Metselen,,,"BBL,BOL",hg004,Bouw en infra,sg004,Bouwkunde,23313,Metselen,01,Techniek en gebouwde omgeving
23315,Onderhoud- en verbouwbedrijf,,,"BBL,BOL",hg001,"Afbouw, hout en onderhoud",sg049,Stukadoren en afbouw,23315,Onderhoud- en verbouwbedrijf,01,Techniek en gebouwde omgeving
23316,Operationele processen op de luchthaven,,,"BBL,BOL",hg013,"Transport, scheepvaart en logistiek",sg029,Luchtvaart,23316,Operationele processen op de luchthaven,02,"Mobiliteit, transport, logistiek en maritiem"
23318,Patisserie,,,"BBL,BOL",hg007,Horeca en bakkerij,sg005,Brood en banket,23318,Patisserie,06,"Voedsel, groen en gastvrijheid"
23319,Podium- en evenemententechniek,,,"BBL,BOL",hg009,Media en vormgeving,sg014,Evenemententechniek,23319,Podium- en evenemententechniek,05,Ict en creatieve industrie
23320,Praktijkopleider,,,"BBL,BOL",hg017,Zorg en welzijn,sg039,Pedagogisch werk,23320,Praktijkopleider,03,"Zorg, welzijn en sport"
23321,Procestechniek,,,"BBL,BOL",hg011,Techniek en procesindustrie,sg040,Procestechniek,23321,Procestechniek,01,Techniek en gebouwde omgeving
23322,Publieke veiligheid,,,"BBL,BOL",hg015,Veiligheid en sport,sg041,Publieke veiligheid,23322,Publieke veiligheid,07,Zakelijke dienstverlening en veiligheid
23323,Retail Management,,,"BBL,BOL",hg006,Handel en ondernemerschap,sg031,Management en ondernemerschap,23323,Retail Management,04,Handel
23324,Retail operationeel,,,"BBL,BOL",hg006,Handel en ondernemerschap,sg010,Detailhandel en groothandel,23324,Retail operationeel,04,Handel
23325,Retail advies,,,"BBL,BOL",hg006,Handel en ondernemerschap,sg010,Detailhandel en groothandel,23325,Retail advies,04,Handel
23326,Ruimtelijke vormgeving,,,"BBL,BOL",hg009,Media en vormgeving,sg043,Ruimtelijke vormgeving,23326,Ruimtelijke vormgeving,05,Ict en creatieve industrie
23329,Service- en onderhoudstechniek,,,"BBL,BOL",hg011,Techniek en procesindustrie,sg025,Installatietechniek,23329,Service- en onderhoudstechniek,01,Techniek en gebouwde omgeving
23330,Tegelzetten,,,"BBL,BOL",hg004,Bouw en infra,sg004,Bouwkunde,23330,Tegelzetten,01,Techniek en gebouwde omgeving
23331,Timmeren,,,"BBL,BOL",hg004,Bouw en infra,sg004,Bouwkunde,23331,Timmeren,01,Techniek en gebouwde omgeving
23332,Verbrandingsmotortechniek,,,"BBL,BOL",hg010,Mobiliteit en voertuigen,sg034,Mobiliteitstechniek,23332,Verbrandingsmotortechniek,02,"Mobiliteit, transport, logistiek en maritiem"
23333,Werktuigkundige installaties (montage),,,"BBL,BOL",hg011,Techniek en procesindustrie,sg058,Werktuigbouwkunde,23333,Werktuigkundige installaties (montage),01,Techniek en gebouwde omgeving
23334,Smart building,,,"BBL,BOL",hg004,Bouw en infra,sg004,Bouwkunde,23370,Smart building,01,Techniek en gebouwde omgeving
23335,Smart industry,,,"BBL,BOL",hg011,Techniek en procesindustrie,sg013,Elektrotechniek,23371,Middenkader engineering,01,Techniek en gebouwde omgeving
23336,Zorg en groen,,,"BBL,BOL",hg016,"Voedsel, natuur en leefomgeving",sg055,"Voeding, teelt en verwerking",23406,Zorgboerderij,06,"Voedsel, groen en gastvrijheid"
23337,Hout en restauratie,,,"BBL,BOL",hg004,Bouw en infra,sg004,Bouwkunde,23381,Hout en restauratie,01,Techniek en gebouwde omgeving
23338,Keukenmontage,,,"BBL,BOL",hg001,"Afbouw, hout en onderhoud",sg022,Hout en meubel,23382,Keukenmontage,01,Techniek en gebouwde omgeving
23339,"Geo, data en design",,,"BBL,BOL",hg016,"Voedsel, natuur en leefomgeving",sg036,Natuur en groene ruimte,23383,"Geo, data & design",06,"Voedsel, groen en gastvrijheid"
23340,International hospitality,,,"BBL,BOL",hg012,Toerisme en recreatie,sg051,Toerisme,23264,"Travel, leisure & hospitality",06,"Voedsel, groen en gastvrijheid"
23341,Hospitality,,,"BBL,BOL",hg012,Toerisme en recreatie,sg051,Toerisme,23264,"Travel, leisure & hospitality",06,"Voedsel, groen en gastvrijheid"
23342,Middenkader buitenrecreatie en educatie,,,"BBL,BOL",hg016,"Voedsel, natuur en leefomgeving",sg055,"Voeding, teelt en verwerking",23394,Groene ruimte,06,"Voedsel, groen en gastvrijheid"
23343,Duurzame leefomgeving,,,"BBL,BOL",hg016,"Voedsel, natuur en leefomgeving",sg036,Natuur en groene ruimte,23397,Duurzaamheid,06,"Voedsel, groen en gastvrijheid"
23344,Zorgbedrijf en dierhouderij,,,"BBL,BOL",hg016,"Voedsel, natuur en leefomgeving",sg055,"Voeding, teelt en verwerking",23406,Zorgboerderij,06,"Voedsel, groen en gastvrijheid"
23345,Buitenrecreatie en educatie,,,"BBL,BOL",hg016,"Voedsel, natuur en leefomgeving",sg055,"Voeding, teelt en verwerking",23394,Groene ruimte,06,"Voedsel, groen en gastvrijheid"
23346,Voeding- en leefstijladvies,,,"BBL,BOL",hg016,"Voedsel, natuur en leefomgeving",sg055,"Voeding, teelt en verwerking",23396,Voeding- en leefstijladvies,06,"Voedsel, groen en gastvrijheid"
23348,Meubels stofferen,,,"BBL,BOL",hg001,"Afbouw, hout en onderhoud",sg022,Hout en meubel,23348,Meubels stofferen,01,Techniek en gebouwde omgeving
23349,Goud- en Zilversmeden,,,"BBL,BOL",hg003,"Ambacht, laboratorium en gezondheidstechniek",sg003,Ambachtelijke techniek,23349,Goud- en Zilversmeden,08,Specialistisch vakmanschap
23350,Orthopedische schoentechniek,,,"BBL,BOL",hg003,"Ambacht, laboratorium en gezondheidstechniek",sg017,Gezondheidstechniek,23350,Orthopedische schoentechniek,08,Specialistisch vakmanschap
23351,Orthopedische techniek,,,"BBL,BOL",hg003,"Ambacht, laboratorium en gezondheidstechniek",sg017,Gezondheidstechniek,23351,Orthopedische techniek,08,Specialistisch vakmanschap
23352,Dakdekken,,,"BBL,BOL",hg004,Bouw en infra,sg004,Bouwkunde,23352,Dakdekken,01,Techniek en gebouwde omgeving
23353,Middenkader bouw en infra,,,"BBL,BOL",hg004,Bouw en infra,sg004,Bouwkunde,23353,Middenkader bouw en infra,01,Techniek en gebouwde omgeving
23354,Commercie,,,"BBL,BOL",hg005,Economie en administratie,sg059,Zakelijke dienstverlening,23354,Commercie,04,Handel
23355,Ondernemerschap handel,,,"BBL,BOL",hg006,Handel en ondernemerschap,sg031,Management en ondernemerschap,23355,Ondernemerschap handel,04,Handel
23356,Mediamanagement,,,"BBL,BOL",hg009,Media en vormgeving,sg033,Mediavormgeving,23356,Mediamanagement,05,Ict en creatieve industrie
23357,Mediaredactie,,,"BBL,BOL",hg009,Media en vormgeving,sg032,Mediatechniek,23357,Mediaredactie,05,Ict en creatieve industrie
23358,Autoschadehersteltechniek,,,"BBL,BOL",hg010,Mobiliteit en voertuigen,sg006,Carrosserietechniek,23358,Autoschadehersteltechniek,02,"Mobiliteit, transport, logistiek en maritiem"
23359,Koude- en klimaatsystemen,,,"BBL,BOL",hg011,Techniek en procesindustrie,sg025,Installatietechniek,23427,Koude- en klimaatsystemen,01,Techniek en gebouwde omgeving
23360,Mechatronica,,,"BBL,BOL",hg011,Techniek en procesindustrie,sg058,Werktuigbouwkunde,23360,Mechatronica,01,Techniek en gebouwde omgeving
23361,Productietechniek,,,"BBL,BOL",hg011,Techniek en procesindustrie,sg058,Werktuigbouwkunde,23361,Productietechniek,01,Techniek en gebouwde omgeving
23362,Middenkader Engineering,,,"BBL,BOL",hg011,Techniek en procesindustrie,sg013,Elektrotechniek,23371,Middenkader engineering,01,Techniek en gebouwde omgeving
23363,Havenoperaties,,,"BBL,BOL",hg013,"Transport, scheepvaart en logistiek",sg044,Scheepvaart,23363,Havenoperaties,02,"Mobiliteit, transport, logistiek en maritiem"
23364,Havenlogistiek,,,"BBL,BOL",hg013,"Transport, scheepvaart en logistiek",sg044,Scheepvaart,23364,Havenlogistiek,02,"Mobiliteit, transport, logistiek en maritiem"
23365,Schoonheidsverzorging,,,"BBL,BOL",hg014,Uiterlijke verzorging,sg046,Schoonheidsverzorging,23365,Schoonheidsverzorging,03,"Zorg, welzijn en sport"
23366,Sport en Bewegen,,,"BBL,BOL",hg015,Veiligheid en sport,sg048,Sport en bewegen,23366,Sport en Bewegen,03,"Zorg, welzijn en sport"
23367,Hoefsmederij,,,"BBL,BOL",hg016,"Voedsel, natuur en leefomgeving",sg011,Dier,23367,Hoefsmederij,06,"Voedsel, groen en gastvrijheid"
23368,Gespecialiseerde proefdierverzorging,,,"BBL,BOL",hg016,"Voedsel, natuur en leefomgeving",sg011,Dier,23368,Gespecialiseerde proefdierverzorging,06,"Voedsel, groen en gastvrijheid"
23369,Paardensport en -houderij,,,"BBL,BOL",hg016,"Voedsel, natuur en leefomgeving",sg011,Dier,23369,Paardensport en -houderij,06,"Voedsel, groen en gastvrijheid"
23370,Smart building,,,"BBL,BOL",hg004,Bouw en infra,sg004,Bouwkunde,23370,Smart building,01,Techniek en gebouwde omgeving
23371,Middenkader engineering,,,"BBL,BOL",hg011,Techniek en procesindustrie,sg013,Elektrotechniek,23371,Middenkader engineering,01,Techniek en gebouwde omgeving
23372,Zorgboerderij,,,"BBL,BOL",hg016,"Voedsel, natuur en leefomgeving",sg055,"Voeding, teelt en verwerking",23406,Zorgboerderij,06,"Voedsel, groen en gastvrijheid"
23373,Meubels en (scheeps)interieurs maken,,,"BBL,BOL",hg001,"Afbouw, hout en onderhoud",sg022,Hout en meubel,23373,Meubels en (scheeps)interieurs maken,01,Techniek en gebouwde omgeving
23374,Dakdekken,,,"BBL,BOL",hg004,Bouw en infra,sg004,Bouwkunde,23352,Dakdekken,01,Techniek en gebouwde omgeving
23375,Luchtvaarttechniek,,,"BBL,BOL",hg011,Techniek en procesindustrie,sg054,Vliegtuigtechniek,23375,Luchtvaarttechniek,01,Techniek en gebouwde omgeving
23376,Dekvloeren leggen,,,"BBL,BOL",hg001,"Afbouw, hout en onderhoud",sg049,Stukadoren en afbouw,23376,Dekvloeren leggen,01,Techniek en gebouwde omgeving
23377,Glaszetten,,,"BBL,BOL",hg001,"Afbouw, hout en onderhoud",sg045,Schilderen en onderhoud,23377,Glaszetten,01,Techniek en gebouwde omgeving
23378,Kaderfunctie afbouw en onderhoud,,,"BBL,BOL",hg001,"Afbouw, hout en onderhoud",sg045,Schilderen en onderhoud,23378,Kaderfunctie afbouw en onderhoud,01,Techniek en gebouwde omgeving
23379,Machinisten,,,"BBL,BOL",hg004,Bouw en infra,sg024,Infrastructuur,23379,Machinisten,01,Techniek en gebouwde omgeving
23380,Analisten,,,"BBL,BOL",hg003,"Ambacht, laboratorium en gezondheidstechniek",sg027,Laboratoriumtechniek,23380,Analisten,01,Techniek en gebouwde omgeving
23381,Hout en restauratie,,,"BBL,BOL",hg004,Bouw en infra,sg004,Bouwkunde,23381,Hout en restauratie,01,Techniek en gebouwde omgeving
23382,Keukenmontage,,,"BBL,BOL",hg001,"Afbouw, hout en onderhoud",sg022,Hout en meubel,23382,Keukenmontage,01,Techniek en gebouwde omgeving
23383,"Geo, data & design",,,"BBL,BOL",hg016,"Voedsel, natuur en leefomgeving",sg036,Natuur en groene ruimte,23383,"Geo, data & design",06,"Voedsel, groen en gastvrijheid"
23384,Sociaal werk,,,"BBL,BOL",hg017,Zorg en welzijn,sg030,Maatschappelijke zorg,23384,Sociaal werk,03,"Zorg, welzijn en sport"
23385,Dienstverlening,,,"BBL,BOL",hg017,Zorg en welzijn,sg060,Basis dienstverlening,23385,Dienstverlening,03,"Zorg, welzijn en sport"
23386,Uurwerktechniek,,,"BBL,BOL",hg003,"Ambacht, laboratorium en gezondheidstechniek",sg003,Ambachtelijke techniek,23386,Uurwerktechniek,08,Specialistisch vakmanschap
23387,Schoentechniek,,,"BBL,BOL",hg003,"Ambacht, laboratorium en gezondheidstechniek",sg003,Ambachtelijke techniek,23387,Schoentechniek,08,Specialistisch vakmanschap
23388,Audiciens,,,"BBL,BOL",hg003,"Ambacht, laboratorium en gezondheidstechniek",sg017,Gezondheidstechniek,23388,Audiciens,08,Specialistisch vakmanschap
23389,Binnenvaart,,,"BBL,BOL",hg013,"Transport, scheepvaart en logistiek",sg044,Scheepvaart,23389,Binnenvaart,02,"Mobiliteit, transport, logistiek en maritiem"
23390,Bootmannen,,,"BBL,BOL",hg013,"Transport, scheepvaart en logistiek",sg044,Scheepvaart,23390,Bootmannen,02,"Mobiliteit, transport, logistiek en maritiem"
23392,Voeding,,,"BBL,BOL",hg016,"Voedsel, natuur en leefomgeving",sg055,"Voeding, teelt en verwerking",23392,Voeding,06,"Voedsel, groen en gastvrijheid"
23393,"Agro productie, handel en technologie",,,"BBL,BOL",hg016,"Voedsel, natuur en leefomgeving",sg055,"Voeding, teelt en verwerking",23393,"Agro productie, handel en technologie",06,"Voedsel, groen en gastvrijheid"
23394,Groene ruimte,,,"BBL,BOL",hg016,"Voedsel, natuur en leefomgeving",sg055,"Voeding, teelt en verwerking",23394,Groene ruimte,06,"Voedsel, groen en gastvrijheid"
23395,"Groen, grond en groene infra",,,"BBL,BOL",hg016,"Voedsel, natuur en leefomgeving",sg055,"Voeding, teelt en verwerking",23395,"Groen, grond en groene infra",06,"Voedsel, groen en gastvrijheid"
23396,Voeding- en leefstijladvies,,,"BBL,BOL",hg016,"Voedsel, natuur en leefomgeving",sg055,"Voeding, teelt en verwerking",23396,Voeding- en leefstijladvies,06,"Voedsel, groen en gastvrijheid"
23397,Duurzaamheid,,,"BBL,BOL",hg016,"Voedsel, natuur en leefomgeving",sg036,Natuur en groene ruimte,23397,Duurzaamheid,06,"Voedsel, groen en gastvrijheid"
23398,Ondernemerschap op basis van een vakspecialisme,,,"BBL,BOL",hg006,Handel en ondernemerschap,sg010,Detailhandel en groothandel,23398,Ondernemerschap op basis van een vakspecialisme,04,Handel
23399,Software development,,,"BBL,BOL",hg008,Informatie en communicatietechnologie,sg023,ICT en media,23399,Software development,05,Ict en creatieve industrie
23400,ICT support,,,"BBL,BOL",hg008,Informatie en communicatietechnologie,sg026,Kantoorautomatisering,23400,ICT support,05,Ict en creatieve industrie
23402,Signmaking,,,"BBL,BOL",hg009,Media en vormgeving,sg043,Ruimtelijke vormgeving,23402,Signmaking,05,Ict en creatieve industrie
23403,Specialist schilderen,,,"BBL,BOL",hg001,"Afbouw, hout en onderhoud",sg045,Schilderen en onderhoud,23403,Specialist schilderen,01,Techniek en gebouwde omgeving
23404,Infratechniek,,,"BBL,BOL",hg011,Techniek en procesindustrie,sg025,Installatietechniek,23404,Infratechniek,01,Techniek en gebouwde omgeving
23405,ICT support and systems,,,"BBL,BOL",hg008,Informatie en communicatietechnologie,sg023,ICT en media,23405,ICT support and systems,05,Ict en creatieve industrie
23406,Zorgboerderij,,,"BBL,BOL",hg016,"Voedsel, natuur en leefomgeving",sg055,"Voeding, teelt en verwerking",23406,Zorgboerderij,06,"Voedsel, groen en gastvrijheid"
23407,Betonreparatie,,,"BBL,BOL",hg004,Bouw en infra,sg004,Bouwkunde,23407,Betonreparatie,01,Techniek en gebouwde omgeving
23408,Slopen,,,"BBL,BOL",hg004,Bouw en infra,sg004,Bouwkunde,23408,Slopen,01,Techniek en gebouwde omgeving
23409,Engineering koude- en klimaatsystemen,,,"BBL,BOL",hg011,Techniek en procesindustrie,sg013,Elektrotechniek,23409,Engineering koude- en klimaatsystemen,01,Techniek en gebouwde omgeving
23410,Infratechniek (kader),,,"BBL,BOL",hg011,Techniek en procesindustrie,sg025,Installatietechniek,23410,Infratechniek (kader),01,Techniek en gebouwde omgeving
23411,Juweliersbedrijf,,,"BBL,BOL",hg003,"Ambacht, laboratorium en gezondheidstechniek",sg003,Ambachtelijke techniek,23411,Juweliersbedrijf,08,Specialistisch vakmanschap
23412,Medewerkers steriele medische hulpmiddelen,,,"BBL,BOL",hg003,"Ambacht, laboratorium en gezondheidstechniek",sg017,Gezondheidstechniek,23412,Medewerkers steriele medische hulpmiddelen,08,Specialistisch vakmanschap
23413,Optiek,,,"BBL,BOL",hg003,"Ambacht, laboratorium en gezondheidstechniek",sg017,Gezondheidstechniek,23413,Optiek,08,Specialistisch vakmanschap
23414,Decorbouw,,,"BBL,BOL",hg009,Media en vormgeving,sg043,Ruimtelijke vormgeving,23414,Decorbouw,05,Ict en creatieve industrie
23415,Fietstechniek,,,"BBL,BOL",hg010,Mobiliteit en voertuigen,sg034,Mobiliteitstechniek,23415,Fietstechniek,02,"Mobiliteit, transport, logistiek en maritiem"
23416,Dienstverlening in de luchtvaart,,,"BBL,BOL",hg013,"Transport, scheepvaart en logistiek",sg029,Luchtvaart,23416,Dienstverlening in de luchtvaart,02,"Mobiliteit, transport, logistiek en maritiem"
23417,Drone-operations,,,"BBL,BOL",hg013,"Transport, scheepvaart en logistiek",sg029,Luchtvaart,23417,Drone-operations,02,"Mobiliteit, transport, logistiek en maritiem"
23418,Goederenvervoer,,,"BBL,BOL",hg013,"Transport, scheepvaart en logistiek",sg057,Weg- en railtransport,23418,Goederenvervoer,02,"Mobiliteit, transport, logistiek en maritiem"
23419,Railvervoer,,,"BBL,BOL",hg013,"Transport, scheepvaart en logistiek",sg057,Weg- en railtransport,23419,Railvervoer,02,"Mobiliteit, transport, logistiek en maritiem"
23420,Zee- en zeevisvaart beperkt vaargebied,,,"BBL,BOL",hg013,"Transport, scheepvaart en logistiek",sg044,Scheepvaart,23420,Zee- en zeevisvaart beperkt vaargebied,02,"Mobiliteit, transport, logistiek en maritiem"
23421,Standbouw,,,"BBL,BOL",hg009,Media en vormgeving,sg043,Ruimtelijke vormgeving,23421,Standbouw,05,Ict en creatieve industrie
23422,Leidinggeven op basis van vakmanschap,,,"BBL,BOL",hg006,Handel en ondernemerschap,sg031,Management en ondernemerschap,23422,Leidinggeven op basis van vakmanschap,04,Handel
23423,Informatiebeveiliging,,,"BBL,BOL",hg015,Veiligheid en sport,sg065,Digitale veiligheid,23423,Informatiebeveiliging,07,Zakelijke dienstverlening en veiligheid
23427,Koude- en klimaatsystemen,,,"BBL,BOL",hg011,Techniek en procesindustrie,sg025,Installatietechniek,23427,Koude- en klimaatsystemen,01,Techniek en gebouwde omgeving
23428,Immersieve productie,,,"BBL,BOL",hg009,Media en vormgeving,sg032,Mediatechniek,23428,Immersieve productie,05,Ict en creatieve industrie
23430,E-commercemanagement,,,"BBL,BOL",hg005,Economie en administratie,sg059,Zakelijke dienstverlening,23354,Commercie,04,Handel
23431,Service en dienstverlening,,,"BBL,BOL",hg017,Zorg en welzijn,sg060,Basis dienstverlening,23385,Dienstverlening,07,Zakelijke dienstverlening en veiligheid
25001,Allround medewerker afvalbeheer,2,basisberoepsopleiding,"BBL,BOL,OVO",hg001,"Afbouw, hout en onderhoud",sg045,Schilderen en onderhoud,23001,"Afval, milieu, beheer & onderhoud openbare ruimte",01,Techniek en gebouwde omgeving
25002,Allround medewerker beheer openbare ruimte,2,basisberoepsopleiding,"BBL,BOL,OVO",hg001,"Afbouw, hout en onderhoud",sg045,Schilderen en onderhoud,23001,"Afval, milieu, beheer & onderhoud openbare ruimte",01,Techniek en gebouwde omgeving
25003,Dekvloerenlegger,2,basisberoepsopleiding,"BBL,BOL,OVO",hg001,"Afbouw, hout en onderhoud",sg049,Stukadoren en afbouw,23376,Dekvloeren leggen,01,Techniek en gebouwde omgeving
25004,Gezel dekvloerenlegger,3,vakopleiding,"BBL,BOL,OVO",hg001,"Afbouw, hout en onderhoud",sg049,Stukadoren en afbouw,23376,Dekvloeren leggen,01,Techniek en gebouwde omgeving
25005,Gezel glaszetter,3,vakopleiding,"BBL,BOL,OVO",hg001,"Afbouw, hout en onderhoud",sg045,Schilderen en onderhoud,23377,Glaszetten,01,Techniek en gebouwde omgeving
25006,Glaszetter,2,basisberoepsopleiding,"BBL,BOL,OVO",hg001,"Afbouw, hout en onderhoud",sg045,Schilderen en onderhoud,23377,Glaszetten,01,Techniek en gebouwde omgeving
25007,Allround montagemedewerker industrieel produceren met hout,3,vakopleiding,"BBL,BOL,OVO",hg001,"Afbouw, hout en onderhoud",sg022,Hout en meubel,23235,Industrieel produceren met hout,01,Techniek en gebouwde omgeving
25008,Montagemedewerker industrieel produceren met hout,2,basisberoepsopleiding,"BBL,BOL,OVO",hg001,"Afbouw, hout en onderhoud",sg022,Hout en meubel,23235,Industrieel produceren met hout,01,Techniek en gebouwde omgeving
25009,Werkvoorbereider industrieel produceren met hout,4,middenkaderopleiding,"BBL,BOL,OVO",hg001,"Afbouw, hout en onderhoud",sg022,Hout en meubel,23235,Industrieel produceren met hout,01,Techniek en gebouwde omgeving
25010,Industrieel lakverwerker,2,basisberoepsopleiding,"BBL,BOL,OVO",hg001,"Afbouw, hout en onderhoud",sg045,Schilderen en onderhoud,23005,Industriële lakverwerking,01,Techniek en gebouwde omgeving
25011,Vakkracht industrieel lakverwerker,3,vakopleiding,"BBL,BOL,OVO",hg001,"Afbouw, hout en onderhoud",sg045,Schilderen en onderhoud,23005,Industriële lakverwerking,01,Techniek en gebouwde omgeving
25012,Kleur- en interieuradviseur,4,middenkaderopleiding,"BBL,BOL,OVO",hg001,"Afbouw, hout en onderhoud",sg045,Schilderen en onderhoud,23378,Kaderfunctie afbouw en onderhoud,01,Techniek en gebouwde omgeving
25013,Projectmanager vastgoedonderhoud,4,middenkaderopleiding,"BBL,BOL,OVO",hg001,"Afbouw, hout en onderhoud",sg045,Schilderen en onderhoud,23378,Kaderfunctie afbouw en onderhoud,01,Techniek en gebouwde omgeving
25014,Uitvoerder,4,middenkaderopleiding,"BBL,BOL,OVO",hg001,"Afbouw, hout en onderhoud",sg045,Schilderen en onderhoud,23378,Kaderfunctie afbouw en onderhoud,01,Techniek en gebouwde omgeving
25015,Allround machinaal houtbewerker,3,vakopleiding,"BBL,BOL,OVO",hg001,"Afbouw, hout en onderhoud",sg022,Hout en meubel,23373,Meubels en (scheeps)interieurs maken,01,Techniek en gebouwde omgeving
25016,Machinaal houtbewerker,2,basisberoepsopleiding,"BBL,BOL,OVO",hg001,"Afbouw, hout en onderhoud",sg022,Hout en meubel,23373,Meubels en (scheeps)interieurs maken,01,Techniek en gebouwde omgeving
25017,Allround meubelmaker/(scheeps)interieurbouwer,3,vakopleiding,"BBL,BOL,OVO",hg001,"Afbouw, hout en onderhoud",sg022,Hout en meubel,23373,Meubels en (scheeps)interieurs maken,01,Techniek en gebouwde omgeving
25018,Meubelmaker/(scheeps)interieurbouwer,2,basisberoepsopleiding,"BBL,BOL,OVO",hg001,"Afbouw, hout en onderhoud",sg022,Hout en meubel,23373,Meubels en (scheeps)interieurs maken,01,Techniek en gebouwde omgeving
25019,Ondernemend meubelmaker/(scheeps)interieurbouwer,4,middenkaderopleiding,"BBL,BOL,OVO",hg001,"Afbouw, hout en onderhoud",sg022,Hout en meubel,23373,Meubels en (scheeps)interieurs maken,01,Techniek en gebouwde omgeving
25020,Werkvoorbereider meubelindustrie/(scheeps)interieurbouw,4,middenkaderopleiding,"BBL,BOL,OVO",hg001,"Afbouw, hout en onderhoud",sg022,Hout en meubel,23373,Meubels en (scheeps)interieurs maken,01,Techniek en gebouwde omgeving
25021,Allround meubelstoffeerder,3,vakopleiding,"BBL,BOL,OVO",hg001,"Afbouw, hout en onderhoud",sg022,Hout en meubel,23348,Meubels stofferen,01,Techniek en gebouwde omgeving
25022,Meubelstoffeerder,2,basisberoepsopleiding,"BBL,BOL,OVO",hg001,"Afbouw, hout en onderhoud",sg022,Hout en meubel,23348,Meubels stofferen,01,Techniek en gebouwde omgeving
25023,Allround vakkracht onderhoud- en klussenbedrijf,3,vakopleiding,"BBL,BOL,OVO",hg001,"Afbouw, hout en onderhoud",sg049,Stukadoren en afbouw,23315,Onderhoud- en verbouwbedrijf,01,Techniek en gebouwde omgeving
25024,Servicemedewerker gebouwen,2,basisberoepsopleiding,"BBL,BOL,OVO",hg001,"Afbouw, hout en onderhoud",sg049,Stukadoren en afbouw,23315,Onderhoud- en verbouwbedrijf,01,Techniek en gebouwde omgeving
25025,Allround parketteur,3,vakopleiding,"BBL,BOL,OVO",hg001,"Afbouw, hout en onderhoud",sg022,Hout en meubel,23269,Interieurvakmanschap,04,Handel
25026,Parketteur,2,basisberoepsopleiding,"BBL,BOL,OVO",hg001,"Afbouw, hout en onderhoud",sg022,Hout en meubel,23269,Interieurvakmanschap,04,Handel
25027,Plafond- en wandmonteur,2,basisberoepsopleiding,"BBL,BOL,OVO",hg001,"Afbouw, hout en onderhoud",sg049,Stukadoren en afbouw,23022,Plafond-/wandmontage,01,Techniek en gebouwde omgeving
25028,Restauratiestukadoor,4,middenkaderopleiding,"BBL,BOL,OVO",hg001,"Afbouw, hout en onderhoud",sg049,Stukadoren en afbouw,23229,Decoratiestukadoor,01,Techniek en gebouwde omgeving
25029,Gezel schilder,3,vakopleiding,"BBL,BOL,OVO",hg001,"Afbouw, hout en onderhoud",sg045,Schilderen en onderhoud,23236,Schilderen,01,Techniek en gebouwde omgeving
25030,Schilder,2,basisberoepsopleiding,"BBL,BOL,OVO",hg001,"Afbouw, hout en onderhoud",sg045,Schilderen en onderhoud,23236,Schilderen,01,Techniek en gebouwde omgeving
25031,(Ambulant) objectleider,3,vakopleiding,"BBL,BOL,OVO",hg001,"Afbouw, hout en onderhoud",sg047,Schoonmaak en glazenwassen,23025,Schoonmaak en glazenwassen,06,"Voedsel, groen en gastvrijheid"
25032,Glazenwasser,2,basisberoepsopleiding,"BBL,BOL,OVO",hg001,"Afbouw, hout en onderhoud",sg047,Schoonmaak en glazenwassen,23025,Schoonmaak en glazenwassen,06,"Voedsel, groen en gastvrijheid"
25033,Meewerkend leidinggevende algemeen schoonmaakonderhoud,2,basisberoepsopleiding,"BBL,BOL,OVO",hg001,"Afbouw, hout en onderhoud",sg047,Schoonmaak en glazenwassen,23025,Schoonmaak en glazenwassen,06,"Voedsel, groen en gastvrijheid"
25034,Schoonmaker in verschillende omgevingen,2,basisberoepsopleiding,"BBL,BOL,OVO",hg001,"Afbouw, hout en onderhoud",sg047,Schoonmaak en glazenwassen,23025,Schoonmaak en glazenwassen,06,"Voedsel, groen en gastvrijheid"
25035,Specialist vloeronderhoud,3,vakopleiding,"BBL,BOL,OVO",hg001,"Afbouw, hout en onderhoud",sg047,Schoonmaak en glazenwassen,23025,Schoonmaak en glazenwassen,06,"Voedsel, groen en gastvrijheid"
25036,Decoratie- en restauratieschilder,4,middenkaderopleiding,"BBL,BOL,OVO",hg001,"Afbouw, hout en onderhoud",sg045,Schilderen en onderhoud,23403,Specialist schilderen,01,Techniek en gebouwde omgeving
25037,Gezel stukadoor,3,vakopleiding,"BBL,BOL,OVO",hg001,"Afbouw, hout en onderhoud",sg049,Stukadoren en afbouw,23027,Stukadoren,01,Techniek en gebouwde omgeving
25038,Stukadoor,2,basisberoepsopleiding,"BBL,BOL,OVO",hg001,"Afbouw, hout en onderhoud",sg049,Stukadoren en afbouw,23027,Stukadoren,01,Techniek en gebouwde omgeving
25039,Allround woningstoffeerder,3,vakopleiding,"BBL,BOL,OVO",hg001,"Afbouw, hout en onderhoud",sg022,Hout en meubel,23269,Interieurvakmanschap,04,Handel
25040,Woning-/projectstoffeerder,2,basisberoepsopleiding,"BBL,BOL,OVO",hg001,"Afbouw, hout en onderhoud",sg022,Hout en meubel,23269,Interieurvakmanschap,04,Handel
25041,Beheerder milieustraat,3,vakopleiding,"BBL,BOL,OVO",hg001,"Afbouw, hout en onderhoud",sg045,Schilderen en onderhoud,23001,"Afval, milieu, beheer & onderhoud openbare ruimte",01,Techniek en gebouwde omgeving
25042,Teamleider AMBOR,4,middenkaderopleiding,"BBL,BOL,OVO",hg001,"Afbouw, hout en onderhoud",sg045,Schilderen en onderhoud,23001,"Afval, milieu, beheer & onderhoud openbare ruimte",01,Techniek en gebouwde omgeving
25043,Voorman BOR,3,vakopleiding,"BBL,BOL,OVO",hg001,"Afbouw, hout en onderhoud",sg045,Schilderen en onderhoud,23001,"Afval, milieu, beheer & onderhoud openbare ruimte",01,Techniek en gebouwde omgeving
25044,Allround laborant,3,vakopleiding,"BBL,BOL,OVO",hg003,"Ambacht, laboratorium en gezondheidstechniek",sg027,Laboratoriumtechniek,23380,Analisten,01,Techniek en gebouwde omgeving
25045,Biologisch medisch analist,4,middenkaderopleiding,"BBL,BOL,OVO",hg003,"Ambacht, laboratorium en gezondheidstechniek",sg027,Laboratoriumtechniek,23380,Analisten,01,Techniek en gebouwde omgeving
25046,Chemisch-fysisch analist,4,middenkaderopleiding,"BBL,BOL,OVO",hg003,"Ambacht, laboratorium en gezondheidstechniek",sg027,Laboratoriumtechniek,23380,Analisten,01,Techniek en gebouwde omgeving
25047,Audicien,4,middenkaderopleiding,"BBL,BOL,OVO",hg003,"Ambacht, laboratorium en gezondheidstechniek",sg017,Gezondheidstechniek,23388,Audiciens,08,Specialistisch vakmanschap
25048,Behoudsmedewerker,4,middenkaderopleiding,"BBL,BOL,OVO",hg003,"Ambacht, laboratorium en gezondheidstechniek",sg003,Ambachtelijke techniek,23217,Creatief Vakmanschap,08,Specialistisch vakmanschap
25049,Glazenier,4,middenkaderopleiding,"BBL,BOL,OVO",hg003,"Ambacht, laboratorium en gezondheidstechniek",sg003,Ambachtelijke techniek,23217,Creatief Vakmanschap,08,Specialistisch vakmanschap
25050,Keramist,4,middenkaderopleiding,"BBL,BOL,OVO",hg003,"Ambacht, laboratorium en gezondheidstechniek",sg003,Ambachtelijke techniek,23217,Creatief Vakmanschap,08,Specialistisch vakmanschap
25051,Ontwerpend Leer- en Textielverwerker,4,middenkaderopleiding,"BBL,BOL,OVO",hg003,"Ambacht, laboratorium en gezondheidstechniek",sg003,Ambachtelijke techniek,23217,Creatief Vakmanschap,08,Specialistisch vakmanschap
25052,Ontwerpend Meubelmaker,4,middenkaderopleiding,"BBL,BOL,OVO",hg003,"Ambacht, laboratorium en gezondheidstechniek",sg003,Ambachtelijke techniek,23217,Creatief Vakmanschap,08,Specialistisch vakmanschap
25053,Medewerker steriele medische hulpmiddelen,3,vakopleiding,"BBL,BOL,OVO",hg003,"Ambacht, laboratorium en gezondheidstechniek",sg017,Gezondheidstechniek,23412,Medewerkers steriele medische hulpmiddelen,08,Specialistisch vakmanschap
25054,Allround Medewerker Optiek,3,vakopleiding,"BBL,BOL,OVO",hg003,"Ambacht, laboratorium en gezondheidstechniek",sg017,Gezondheidstechniek,23413,Optiek,08,Specialistisch vakmanschap
25055,Opticien,4,middenkaderopleiding,"BBL,BOL,OVO",hg003,"Ambacht, laboratorium en gezondheidstechniek",sg017,Gezondheidstechniek,23413,Optiek,08,Specialistisch vakmanschap
25056,Verkoopmedewerker Optiek,2,basisberoepsopleiding,"BBL,BOL,OVO",hg003,"Ambacht, laboratorium en gezondheidstechniek",sg017,Gezondheidstechniek,23413,Optiek,08,Specialistisch vakmanschap
25057,Leestenmaker,3,vakopleiding,"BBL,BOL,OVO",hg003,"Ambacht, laboratorium en gezondheidstechniek",sg017,Gezondheidstechniek,23350,Orthopedische schoentechniek,08,Specialistisch vakmanschap
25058,Orthopedisch Schoentechnicus,4,middenkaderopleiding,"BBL,BOL,OVO",hg003,"Ambacht, laboratorium en gezondheidstechniek",sg017,Gezondheidstechniek,23350,Orthopedische schoentechniek,08,Specialistisch vakmanschap
25059,Schoentechnisch Voorzieningenmaker,2,basisberoepsopleiding,"BBL,BOL,OVO",hg003,"Ambacht, laboratorium en gezondheidstechniek",sg003,Ambachtelijke techniek,23387,Schoentechniek,08,Specialistisch vakmanschap
25060,Pianotechnicus,3,vakopleiding,"BBL,BOL,OVO",hg003,"Ambacht, laboratorium en gezondheidstechniek",sg003,Ambachtelijke techniek,23270,Pianotechniek,08,Specialistisch vakmanschap
25061,Maatschoenmaker,4,middenkaderopleiding,"BBL,BOL,OVO",hg003,"Ambacht, laboratorium en gezondheidstechniek",sg003,Ambachtelijke techniek,23387,Schoentechniek,08,Specialistisch vakmanschap
25062,Schoenhersteller 2,2,basisberoepsopleiding,"BBL,BOL,OVO",hg003,"Ambacht, laboratorium en gezondheidstechniek",sg003,Ambachtelijke techniek,23387,Schoentechniek,08,Specialistisch vakmanschap
25063,Schoenhersteller 3,3,vakopleiding,"BBL,BOL,OVO",hg003,"Ambacht, laboratorium en gezondheidstechniek",sg003,Ambachtelijke techniek,23387,Schoentechniek,08,Specialistisch vakmanschap
25064,Zadel- en tuigenmaker,3,vakopleiding,"BBL,BOL,OVO",hg003,"Ambacht, laboratorium en gezondheidstechniek",sg003,Ambachtelijke techniek,23387,Schoentechniek,08,Specialistisch vakmanschap
25065,Tandtechnicus Kroon- en Brugwerk,4,middenkaderopleiding,"BBL,BOL,OVO",hg003,"Ambacht, laboratorium en gezondheidstechniek",sg017,Gezondheidstechniek,23271,Tandtechniek,08,Specialistisch vakmanschap
25066,Tandtechnicus Prothese,4,middenkaderopleiding,"BBL,BOL,OVO",hg003,"Ambacht, laboratorium en gezondheidstechniek",sg017,Gezondheidstechniek,23271,Tandtechniek,08,Specialistisch vakmanschap
25067,Tandtechnisch Medewerker Basistechnieken,2,basisberoepsopleiding,"BBL,BOL,OVO",hg003,"Ambacht, laboratorium en gezondheidstechniek",sg017,Gezondheidstechniek,23271,Tandtechniek,08,Specialistisch vakmanschap
25068,Technisch Oogheelkundig Assistent,4,middenkaderopleiding,"BBL,BOL,OVO",hg003,"Ambacht, laboratorium en gezondheidstechniek",sg017,Gezondheidstechniek,23272,Technisch oogheelkundig assistenten,08,Specialistisch vakmanschap
25069,Basisgoudsmid,3,vakopleiding,"BBL,BOL,OVO",hg003,"Ambacht, laboratorium en gezondheidstechniek",sg003,Ambachtelijke techniek,23349,Goud- en Zilversmeden,08,Specialistisch vakmanschap
25070,Goudsmid,4,middenkaderopleiding,"BBL,BOL,OVO",hg003,"Ambacht, laboratorium en gezondheidstechniek",sg003,Ambachtelijke techniek,23349,Goud- en Zilversmeden,08,Specialistisch vakmanschap
25071,Zilversmid,4,middenkaderopleiding,"BBL,BOL,OVO",hg003,"Ambacht, laboratorium en gezondheidstechniek",sg003,Ambachtelijke techniek,23349,Goud- en Zilversmeden,08,Specialistisch vakmanschap
25072,Juwelier,4,middenkaderopleiding,"BBL,BOL,OVO",hg003,"Ambacht, laboratorium en gezondheidstechniek",sg003,Ambachtelijke techniek,23411,Juweliersbedrijf,08,Specialistisch vakmanschap
25073,Medewerker Juwelier,3,vakopleiding,"BBL,BOL,OVO",hg003,"Ambacht, laboratorium en gezondheidstechniek",sg003,Ambachtelijke techniek,23411,Juweliersbedrijf,08,Specialistisch vakmanschap
25074,Orthopedisch Technicus,4,middenkaderopleiding,"BBL,BOL,OVO",hg003,"Ambacht, laboratorium en gezondheidstechniek",sg017,Gezondheidstechniek,23351,Orthopedische techniek,08,Specialistisch vakmanschap
25075,Orthopedisch Technisch Medewerker,3,vakopleiding,"BBL,BOL,OVO",hg003,"Ambacht, laboratorium en gezondheidstechniek",sg017,Gezondheidstechniek,23351,Orthopedische techniek,08,Specialistisch vakmanschap
25076,Medewerker Uurwerktechniek,3,vakopleiding,"BBL,BOL,OVO",hg003,"Ambacht, laboratorium en gezondheidstechniek",sg003,Ambachtelijke techniek,23386,Uurwerktechniek,08,Specialistisch vakmanschap
25077,Uurwerktechnicus,4,middenkaderopleiding,"BBL,BOL,OVO",hg003,"Ambacht, laboratorium en gezondheidstechniek",sg003,Ambachtelijke techniek,23386,Uurwerktechniek,08,Specialistisch vakmanschap
25078,Betonboorder,3,vakopleiding,"BBL,BOL,OVO",hg004,Bouw en infra,sg004,Bouwkunde,23045,Betonboren,01,Techniek en gebouwde omgeving
25079,Allround betonreparateur,3,vakopleiding,"BBL,BOL,OVO",hg004,Bouw en infra,sg004,Bouwkunde,23407,Betonreparatie,01,Techniek en gebouwde omgeving
25080,Betonreparateur,2,basisberoepsopleiding,"BBL,BOL,OVO",hg004,Bouw en infra,sg004,Bouwkunde,23407,Betonreparatie,01,Techniek en gebouwde omgeving
25081,Allround betonstaalverwerker bouwplaats,3,vakopleiding,"BBL,BOL,OVO",hg004,Bouw en infra,sg004,Bouwkunde,23047,Betonstaalverwerken,01,Techniek en gebouwde omgeving
25082,Allround betonstaalverwerker prefabricage,3,vakopleiding,"BBL,BOL,OVO",hg004,Bouw en infra,sg004,Bouwkunde,23047,Betonstaalverwerken,01,Techniek en gebouwde omgeving
25083,Betonstaallasser,2,basisberoepsopleiding,"BBL,BOL,OVO",hg004,Bouw en infra,sg004,Bouwkunde,23047,Betonstaalverwerken,01,Techniek en gebouwde omgeving
25084,Betonstaalvlechter,2,basisberoepsopleiding,"BBL,BOL,OVO",hg004,Bouw en infra,sg004,Bouwkunde,23047,Betonstaalverwerken,01,Techniek en gebouwde omgeving
25085,Allround betontimmerman,3,vakopleiding,"BBL,BOL,OVO",hg004,Bouw en infra,sg004,Bouwkunde,23048,Betontimmeren,01,Techniek en gebouwde omgeving
25086,Allround dakdekker bitumen en kunststof,3,vakopleiding,"BBL,BOL,OVO",hg004,Bouw en infra,sg004,Bouwkunde,23352,Dakdekken,01,Techniek en gebouwde omgeving
25087,Allround dakdekker pannen/leien,3,vakopleiding,"BBL,BOL,OVO",hg004,Bouw en infra,sg004,Bouwkunde,23352,Dakdekken,01,Techniek en gebouwde omgeving
25088,Dakdekker bitumen en kunststof,2,basisberoepsopleiding,"BBL,BOL,OVO",hg004,Bouw en infra,sg004,Bouwkunde,23352,Dakdekken,01,Techniek en gebouwde omgeving
25089,Dakdekker pannen/leien,2,basisberoepsopleiding,"BBL,BOL,OVO",hg004,Bouw en infra,sg004,Bouwkunde,23352,Dakdekken,01,Techniek en gebouwde omgeving
25090,Dakdekker riet,2,basisberoepsopleiding,"BBL,BOL,OVO",hg004,Bouw en infra,sg004,Bouwkunde,23352,Dakdekken,01,Techniek en gebouwde omgeving
25091,Allround vakman gww,3,vakopleiding,"BBL,BOL,OVO",hg004,Bouw en infra,sg004,Bouwkunde,23303,"Grond-, water- en wegenbouw",01,Techniek en gebouwde omgeving
25092,Allround waterbouwer,3,vakopleiding,"BBL,BOL,OVO",hg004,Bouw en infra,sg004,Bouwkunde,23303,"Grond-, water- en wegenbouw",01,Techniek en gebouwde omgeving
25093,Asfaltafwerker,2,basisberoepsopleiding,"BBL,BOL,OVO",hg004,Bouw en infra,sg004,Bouwkunde,23303,"Grond-, water- en wegenbouw",01,Techniek en gebouwde omgeving
25094,Balkman,3,vakopleiding,"BBL,BOL,OVO",hg004,Bouw en infra,sg004,Bouwkunde,23303,"Grond-, water- en wegenbouw",01,Techniek en gebouwde omgeving
25095,Opperman bestratingen,2,basisberoepsopleiding,"BBL,BOL,OVO",hg004,Bouw en infra,sg004,Bouwkunde,23303,"Grond-, water- en wegenbouw",01,Techniek en gebouwde omgeving
25096,Straatmaker,3,vakopleiding,"BBL,BOL,OVO",hg004,Bouw en infra,sg004,Bouwkunde,23303,"Grond-, water- en wegenbouw",01,Techniek en gebouwde omgeving
25097,Vakman gww,2,basisberoepsopleiding,"BBL,BOL,OVO",hg004,Bouw en infra,sg004,Bouwkunde,23303,"Grond-, water- en wegenbouw",01,Techniek en gebouwde omgeving
25098,Waterbouwer,2,basisberoepsopleiding,"BBL,BOL,OVO",hg004,Bouw en infra,sg004,Bouwkunde,23303,"Grond-, water- en wegenbouw",01,Techniek en gebouwde omgeving
25099,Machinist grondverzet,3,vakopleiding,"BBL,BOL,OVO",hg004,Bouw en infra,sg024,Infrastructuur,23379,Machinisten,01,Techniek en gebouwde omgeving
25100,Machinist hijswerk,3,vakopleiding,"BBL,BOL,OVO",hg004,Bouw en infra,sg024,Infrastructuur,23379,Machinisten,01,Techniek en gebouwde omgeving
25101,Machinist wegenbouw,3,vakopleiding,"BBL,BOL,OVO",hg004,Bouw en infra,sg024,Infrastructuur,23379,Machinisten,01,Techniek en gebouwde omgeving
25102,Allround Metselaar,3,vakopleiding,"BBL,BOL,OVO",hg004,Bouw en infra,sg004,Bouwkunde,23313,Metselen,01,Techniek en gebouwde omgeving
25103,Metselaar,2,basisberoepsopleiding,"BBL,BOL,OVO",hg004,Bouw en infra,sg004,Bouwkunde,23313,Metselen,01,Techniek en gebouwde omgeving
25104,Middenkaderfunctionaris Bouw,4,middenkaderopleiding,"BBL,BOL,OVO",hg004,Bouw en infra,sg004,Bouwkunde,23353,Middenkader bouw en infra,01,Techniek en gebouwde omgeving
25105,Middenkaderfunctionaris Infra,4,middenkaderopleiding,"BBL,BOL,OVO",hg004,Bouw en infra,sg004,Bouwkunde,23353,Middenkader bouw en infra,01,Techniek en gebouwde omgeving
25106,Middenkaderfunctionaris Landmeetkunde,4,middenkaderopleiding,"BBL,BOL,OVO",hg004,Bouw en infra,sg004,Bouwkunde,23353,Middenkader bouw en infra,01,Techniek en gebouwde omgeving
25107,Middenkaderfunctionaris Restauratie,4,middenkaderopleiding,"BBL,BOL,OVO",hg004,Bouw en infra,sg004,Bouwkunde,23353,Middenkader bouw en infra,01,Techniek en gebouwde omgeving
25108,Middenkaderfunctionaris Verkeer en Stedenbouw,4,middenkaderopleiding,"BBL,BOL,OVO",hg004,Bouw en infra,sg004,Bouwkunde,23353,Middenkader bouw en infra,01,Techniek en gebouwde omgeving
25109,Allround natuursteenbewerker,3,vakopleiding,"BBL,BOL,OVO",hg004,Bouw en infra,sg004,Bouwkunde,23054,Natuursteenbewerken,01,Techniek en gebouwde omgeving
25111,Natuursteenbewerker machinaal,2,basisberoepsopleiding,"BBL,BOL,OVO",hg004,Bouw en infra,sg004,Bouwkunde,23054,Natuursteenbewerken,01,Techniek en gebouwde omgeving
25113,Natuursteenbewerker ambachtelijk,2,basisberoepsopleiding,"BBL,BOL,OVO",hg004,Bouw en infra,sg004,Bouwkunde,23054,Natuursteenbewerken,01,Techniek en gebouwde omgeving
25114,Allround sloper,3,vakopleiding,"BBL,BOL,OVO",hg004,Bouw en infra,sg004,Bouwkunde,23408,Slopen,01,Techniek en gebouwde omgeving
25115,Sloper,2,basisberoepsopleiding,"BBL,BOL,OVO",hg004,Bouw en infra,sg004,Bouwkunde,23408,Slopen,01,Techniek en gebouwde omgeving
25116,Allround tegelzetter,3,vakopleiding,"BBL,BOL,OVO",hg004,Bouw en infra,sg004,Bouwkunde,23330,Tegelzetten,01,Techniek en gebouwde omgeving
25117,Tegelzetter,2,basisberoepsopleiding,"BBL,BOL,OVO",hg004,Bouw en infra,sg004,Bouwkunde,23330,Tegelzetten,01,Techniek en gebouwde omgeving
25118,Allround timmerman,3,vakopleiding,"BBL,BOL,OVO",hg004,Bouw en infra,sg004,Bouwkunde,23331,Timmeren,01,Techniek en gebouwde omgeving
25119,Uitvoerder bouw/infra,4,middenkaderopleiding,"BBL,BOL,OVO",hg004,Bouw en infra,sg004,Bouwkunde,23058,Werkvoorbereiden/uitvoeren,01,Techniek en gebouwde omgeving
25120,Uitvoerder gespecialiseerde aannemerij,4,middenkaderopleiding,"BBL,BOL,OVO",hg004,Bouw en infra,sg004,Bouwkunde,23058,Werkvoorbereiden/uitvoeren,01,Techniek en gebouwde omgeving
25121,Uitvoerder hijswerk,4,middenkaderopleiding,"BBL,BOL,OVO",hg004,Bouw en infra,sg004,Bouwkunde,23058,Werkvoorbereiden/uitvoeren,01,Techniek en gebouwde omgeving
25122,Werkvoorbereider fabricage,4,middenkaderopleiding,"BBL,BOL,OVO",hg004,Bouw en infra,sg004,Bouwkunde,23058,Werkvoorbereiden/uitvoeren,01,Techniek en gebouwde omgeving
25123,Werkvoorbereider gespecialiseerde aannemerij,4,middenkaderopleiding,"BBL,BOL,OVO",hg004,Bouw en infra,sg004,Bouwkunde,23058,Werkvoorbereiden/uitvoeren,01,Techniek en gebouwde omgeving
25124,Werkvoorbereider installaties,4,middenkaderopleiding,"BBL,BOL,OVO",hg004,Bouw en infra,sg004,Bouwkunde,23058,Werkvoorbereiden/uitvoeren,01,Techniek en gebouwde omgeving
25125,Betontimmerman,2,basisberoepsopleiding,"BBL,BOL,OVO",hg004,Bouw en infra,sg004,Bouwkunde,23048,Betontimmeren,01,Techniek en gebouwde omgeving
25126,Eerste monteur steigerbouw,3,vakopleiding,"BBL,BOL,OVO",hg004,Bouw en infra,sg004,Bouwkunde,23313,Metselen,01,Techniek en gebouwde omgeving
25127,Monteur steigerbouw,2,basisberoepsopleiding,"BBL,BOL,OVO",hg004,Bouw en infra,sg004,Bouwkunde,23313,Metselen,01,Techniek en gebouwde omgeving
25128,Timmerman,2,basisberoepsopleiding,"BBL,BOL,OVO",hg004,Bouw en infra,sg004,Bouwkunde,23331,Timmeren,01,Techniek en gebouwde omgeving
25129,Gevelbehandelaar voegbedrijf,2,basisberoepsopleiding,"BBL,BOL,OVO",hg004,Bouw en infra,sg004,Bouwkunde,23196,Voegen/gevelbehandelen,01,Techniek en gebouwde omgeving
25130,Voeger,2,basisberoepsopleiding,"BBL,BOL,OVO",hg004,Bouw en infra,sg004,Bouwkunde,23196,Voegen/gevelbehandelen,01,Techniek en gebouwde omgeving
25131,Bibliotheekmedewerker,4,middenkaderopleiding,"BBL,BOL,OVO",hg005,Economie en administratie,sg059,Zakelijke dienstverlening,23296,Business Services,07,Zakelijke dienstverlening en veiligheid
25132,(Junior) accountmanager,4,middenkaderopleiding,"BBL,BOL,OVO",hg005,Economie en administratie,sg059,Zakelijke dienstverlening,23354,Commercie,04,Handel
25133,Assistent-manager internationale handel,4,middenkaderopleiding,"BBL,BOL,OVO",hg005,Economie en administratie,sg059,Zakelijke dienstverlening,23354,Commercie,04,Handel
25134,Commercieel medewerker,3,vakopleiding,"BBL,BOL,OVO",hg005,Economie en administratie,sg059,Zakelijke dienstverlening,23354,Commercie,04,Handel
25135,Contactcenter medewerker,3,vakopleiding,"BBL,BOL,OVO",hg005,Economie en administratie,sg059,Zakelijke dienstverlening,23354,Commercie,04,Handel
25136,Intercedent,4,middenkaderopleiding,"BBL,BOL,OVO",hg005,Economie en administratie,sg059,Zakelijke dienstverlening,23354,Commercie,04,Handel
25137,Vestigingsmanager groothandel,4,middenkaderopleiding,"BBL,BOL,OVO",hg005,Economie en administratie,sg059,Zakelijke dienstverlening,23354,Commercie,04,Handel
25138,Bedrijfsadministrateur,4,middenkaderopleiding,"BBL,BOL,OVO",hg005,Economie en administratie,sg059,Zakelijke dienstverlening,23296,Business Services,07,Zakelijke dienstverlening en veiligheid
25139,Financieel administratief medewerker,3,vakopleiding,"BBL,BOL,OVO",hg005,Economie en administratie,sg059,Zakelijke dienstverlening,23296,Business Services,07,Zakelijke dienstverlening en veiligheid
25140,Junior assistent-accountant,4,middenkaderopleiding,"BBL,BOL,OVO",hg005,Economie en administratie,sg059,Zakelijke dienstverlening,23296,Business Services,07,Zakelijke dienstverlening en veiligheid
25141,Adviseur Bancaire Diensten,4,middenkaderopleiding,"BBL,BOL,OVO",hg005,Economie en administratie,sg059,Zakelijke dienstverlening,23296,Business Services,07,Zakelijke dienstverlening en veiligheid
25142,Adviseur Inkomensverzekeringen,4,middenkaderopleiding,"BBL,BOL,OVO",hg005,Economie en administratie,sg059,Zakelijke dienstverlening,23296,Business Services,07,Zakelijke dienstverlening en veiligheid
25143,Adviseur Schadeverzekeringen,4,middenkaderopleiding,"BBL,BOL,OVO",hg005,Economie en administratie,sg059,Zakelijke dienstverlening,23296,Business Services,07,Zakelijke dienstverlening en veiligheid
25144,Adviseur Vermogen,4,middenkaderopleiding,"BBL,BOL,OVO",hg005,Economie en administratie,sg059,Zakelijke dienstverlening,23296,Business Services,07,Zakelijke dienstverlening en veiligheid
25145,Juridisch-administratief dienstverlener,4,middenkaderopleiding,"BBL,BOL,OVO",hg005,Economie en administratie,sg059,Zakelijke dienstverlening,23296,Business Services,07,Zakelijke dienstverlening en veiligheid
25146,Medewerker human resource management (HRM),4,middenkaderopleiding,"BBL,BOL,OVO",hg005,Economie en administratie,sg059,Zakelijke dienstverlening,23296,Business Services,07,Zakelijke dienstverlening en veiligheid
25147,Medewerker evenementenorganisatie,4,middenkaderopleiding,"BBL,BOL,OVO",hg005,Economie en administratie,sg059,Zakelijke dienstverlening,23302,Evenementenorganisatie,07,Zakelijke dienstverlening en veiligheid
25148,Medewerker marketing en communicatie,4,middenkaderopleiding,"BBL,BOL,OVO",hg005,Economie en administratie,sg059,Zakelijke dienstverlening,23296,Business Services,07,Zakelijke dienstverlening en veiligheid
25149,Medewerker (financiële) administratie,2,basisberoepsopleiding,"BBL,BOL,OVO",hg005,Economie en administratie,sg059,Zakelijke dienstverlening,23296,Business Services,07,Zakelijke dienstverlening en veiligheid
25150,Medewerker secretariaat en receptie,2,basisberoepsopleiding,"BBL,BOL,OVO",hg005,Economie en administratie,sg059,Zakelijke dienstverlening,23296,Business Services,07,Zakelijke dienstverlening en veiligheid
25151,Managementassistent/directiesecretaresse,4,middenkaderopleiding,"BBL,BOL,OVO",hg005,Economie en administratie,sg059,Zakelijke dienstverlening,23296,Business Services,07,Zakelijke dienstverlening en veiligheid
25152,Secretaresse,3,vakopleiding,"BBL,BOL,OVO",hg005,Economie en administratie,sg059,Zakelijke dienstverlening,23296,Business Services,07,Zakelijke dienstverlening en veiligheid
25153,Eerste verkoper,3,vakopleiding,"BBL,BOL,OVO",hg006,Handel en ondernemerschap,sg010,Detailhandel en groothandel,23325,Retail advies,04,Handel
25154,Verkoopadviseur,3,vakopleiding,"BBL,BOL,OVO",hg006,Handel en ondernemerschap,sg010,Detailhandel en groothandel,23325,Retail advies,04,Handel
25155,Verkoopspecialist,3,vakopleiding,"BBL,BOL,OVO",hg006,Handel en ondernemerschap,sg010,Detailhandel en groothandel,23325,Retail advies,04,Handel
25156,Junior stylist,4,middenkaderopleiding,"BBL,BOL,OVO",hg006,Handel en ondernemerschap,sg035,Mode en interieurindustrie,23279,Fashion,04,Handel
25157,Junior productmanager fashion,4,middenkaderopleiding,"BBL,BOL,OVO",hg006,Handel en ondernemerschap,sg035,Mode en interieurindustrie,23279,Fashion,04,Handel
25158,Interieuradviseur,4,middenkaderopleiding,"BBL,BOL,OVO",hg006,Handel en ondernemerschap,sg010,Detailhandel en groothandel,23307,Interieuradvies,04,Handel
25159,Basismedewerker mode,2,basisberoepsopleiding,"BBL,BOL,OVO",hg006,Handel en ondernemerschap,sg035,Mode en interieurindustrie,23280,Fashionatelier,04,Handel
25160,Leidinggevende team/afdeling/project,4,specialistenopleiding,"BBL,BOL,OVO",hg006,Handel en ondernemerschap,sg031,Management en ondernemerschap,23422,Leidinggeven op basis van vakmanschap,04,Handel
25161,Technisch Leidinggevende,4,specialistenopleiding,"BBL,BOL,OVO",hg006,Handel en ondernemerschap,sg031,Management en ondernemerschap,23422,Leidinggeven op basis van vakmanschap,04,Handel
25162,Manager retail,4,middenkaderopleiding,"BBL,BOL,OVO",hg006,Handel en ondernemerschap,sg031,Management en ondernemerschap,23323,Retail Management,04,Handel
25163,Allround medewerker mode/maatkleding,3,vakopleiding,"BBL,BOL,OVO",hg006,Handel en ondernemerschap,sg035,Mode en interieurindustrie,23279,Fashion,04,Handel
25164,Specialist mode/maatkleding,4,middenkaderopleiding,"BBL,BOL,OVO",hg006,Handel en ondernemerschap,sg035,Mode en interieurindustrie,23279,Fashion,04,Handel
25165,Vakman-ondernemer,4,specialistenopleiding,"BBL,BOL,OVO",hg006,Handel en ondernemerschap,sg010,Detailhandel en groothandel,23398,Ondernemerschap op basis van een vakspecialisme,04,Handel
25166,Ondernemer retail,4,middenkaderopleiding,"BBL,BOL,OVO",hg006,Handel en ondernemerschap,sg031,Management en ondernemerschap,23355,Ondernemerschap handel,04,Handel
25167,Verkoper,2,basisberoepsopleiding,"BBL,BOL,OVO",hg006,Handel en ondernemerschap,sg010,Detailhandel en groothandel,23324,Retail operationeel,04,Handel
25168,Gastheer/-vrouw,2,basisberoepsopleiding,"BBL,BOL,OVO",hg007,Horeca en bakkerij,sg021,Horeca,23081,Bediening,06,"Voedsel, groen en gastvrijheid"
25169,Gastronoom/sommelier,4,middenkaderopleiding,"BBL,BOL,OVO",hg007,Horeca en bakkerij,sg021,Horeca,23081,Bediening,06,"Voedsel, groen en gastvrijheid"
25170,Leidinggevende bediening,4,middenkaderopleiding,"BBL,BOL,OVO",hg007,Horeca en bakkerij,sg021,Horeca,23081,Bediening,06,"Voedsel, groen en gastvrijheid"
25171,Zelfstandig werkend gastheer/-vrouw,3,vakopleiding,"BBL,BOL,OVO",hg007,Horeca en bakkerij,sg021,Horeca,23081,Bediening,06,"Voedsel, groen en gastvrijheid"
25172,Leidinggevende bakkerij,4,middenkaderopleiding,"BBL,BOL,OVO",hg007,Horeca en bakkerij,sg005,Brood en banket,23295,Brood en banket,06,"Voedsel, groen en gastvrijheid"
25173,Uitvoerend bakker,2,basisberoepsopleiding,"BBL,BOL,OVO",hg007,Horeca en bakkerij,sg005,Brood en banket,23295,Brood en banket,06,"Voedsel, groen en gastvrijheid"
25174,Zelfstandig werkend bakker,3,vakopleiding,"BBL,BOL,OVO",hg007,Horeca en bakkerij,sg005,Brood en banket,23295,Brood en banket,06,"Voedsel, groen en gastvrijheid"
25175,Facilitair leidinggevende,4,middenkaderopleiding,"BBL,BOL,OVO",hg007,Horeca en bakkerij,sg015,Facilitaire dienstverlening,23247,Facilitaire dienstverlening,06,"Voedsel, groen en gastvrijheid"
25176,1e Medewerker fastservice,3,vakopleiding,"BBL,BOL,OVO",hg007,Horeca en bakkerij,sg021,Horeca,23084,Fastservice,06,"Voedsel, groen en gastvrijheid"
25177,Manager/bedrijfsleider fastservice,4,middenkaderopleiding,"BBL,BOL,OVO",hg007,Horeca en bakkerij,sg021,Horeca,23084,Fastservice,06,"Voedsel, groen en gastvrijheid"
25178,Medewerker fastservice,2,basisberoepsopleiding,"BBL,BOL,OVO",hg007,Horeca en bakkerij,sg021,Horeca,23084,Fastservice,06,"Voedsel, groen en gastvrijheid"
25179,Gespecialiseerd kok,4,middenkaderopleiding,"BBL,BOL,OVO",hg007,Horeca en bakkerij,sg021,Horeca,23085,Keuken,06,"Voedsel, groen en gastvrijheid"
25180,Kok,2,basisberoepsopleiding,"BBL,BOL,OVO",hg007,Horeca en bakkerij,sg021,Horeca,23085,Keuken,06,"Voedsel, groen en gastvrijheid"
25181,Leidinggevende keuken,4,middenkaderopleiding,"BBL,BOL,OVO",hg007,Horeca en bakkerij,sg021,Horeca,23085,Keuken,06,"Voedsel, groen en gastvrijheid"
25182,Zelfstandig werkend kok,3,vakopleiding,"BBL,BOL,OVO",hg007,Horeca en bakkerij,sg021,Horeca,23085,Keuken,06,"Voedsel, groen en gastvrijheid"
25183,Patissier,4,specialistenopleiding,"BBL,BOL,OVO",hg007,Horeca en bakkerij,sg005,Brood en banket,23318,Patisserie,06,"Voedsel, groen en gastvrijheid"
25184,Manager/ondernemer horeca,4,middenkaderopleiding,"BBL,BOL,OVO",hg007,Horeca en bakkerij,sg021,Horeca,23087,Ondernemer horeca/bakkerij,06,"Voedsel, groen en gastvrijheid"
25185,Meewerkend horeca ondernemer,4,middenkaderopleiding,"BBL,BOL,OVO",hg007,Horeca en bakkerij,sg021,Horeca,23087,Ondernemer horeca/bakkerij,06,"Voedsel, groen en gastvrijheid"
25186,Ondernemer bakkerij,4,middenkaderopleiding,"BBL,BOL,OVO",hg007,Horeca en bakkerij,sg021,Horeca,23087,Ondernemer horeca/bakkerij,06,"Voedsel, groen en gastvrijheid"
25187,Applicatie- en mediaontwikkelaar,4,middenkaderopleiding,"BBL,BOL,OVO",hg008,Informatie en communicatietechnologie,sg023,ICT en media,23399,Software development,05,Ict en creatieve industrie
25188,Gamedeveloper,4,middenkaderopleiding,"BBL,BOL,OVO",hg008,Informatie en communicatietechnologie,sg023,ICT en media,23399,Software development,05,Ict en creatieve industrie
25189,ICT-beheerder,4,middenkaderopleiding,"BBL,BOL,OVO",hg008,Informatie en communicatietechnologie,sg023,ICT en media,23405,ICT support and systems,05,Ict en creatieve industrie
25190,Netwerk- en mediabeheerder,4,middenkaderopleiding,"BBL,BOL,OVO",hg008,Informatie en communicatietechnologie,sg023,ICT en media,23405,ICT support and systems,05,Ict en creatieve industrie
25191,Medewerker beheer ICT,3,vakopleiding,"BBL,BOL,OVO",hg008,Informatie en communicatietechnologie,sg023,ICT en media,23405,ICT support and systems,05,Ict en creatieve industrie
25192,Medewerker ICT,2,basisberoepsopleiding,"BBL,BOL,OVO",hg008,Informatie en communicatietechnologie,sg026,Kantoorautomatisering,23400,ICT support,05,Ict en creatieve industrie
25193,Allround medewerker AV-productie,3,vakopleiding,"BBL,BOL,OVO",hg009,Media en vormgeving,sg032,Mediatechniek,23294,AV-productie,05,Ict en creatieve industrie
25194,AV-specialist,4,middenkaderopleiding,"BBL,BOL,OVO",hg009,Media en vormgeving,sg032,Mediatechniek,23294,AV-productie,05,Ict en creatieve industrie
25195,Fotograaf,4,middenkaderopleiding,"BBL,BOL,OVO",hg009,Media en vormgeving,sg032,Mediatechniek,23294,AV-productie,05,Ict en creatieve industrie
25196,Medewerker fotografie,2,basisberoepsopleiding,"BBL,BOL,OVO",hg009,Media en vormgeving,sg032,Mediatechniek,23294,AV-productie,05,Ict en creatieve industrie
25197,Allround DTP-er,3,vakopleiding,"BBL,BOL,OVO",hg009,Media en vormgeving,sg032,Mediatechniek,23237,Mediamaken,05,Ict en creatieve industrie
25198,Medewerker DTP,2,basisberoepsopleiding,"BBL,BOL,OVO",hg009,Media en vormgeving,sg032,Mediatechniek,23237,Mediamaken,05,Ict en creatieve industrie
25199,Mediamanager,4,middenkaderopleiding,"BBL,BOL,OVO",hg009,Media en vormgeving,sg033,Mediavormgeving,23356,Mediamanagement,05,Ict en creatieve industrie
25200,Mediaredactiemedewerker,4,middenkaderopleiding,"BBL,BOL,OVO",hg009,Media en vormgeving,sg032,Mediatechniek,23357,Mediaredactie,05,Ict en creatieve industrie
25201,Mediavormgever,4,middenkaderopleiding,"BBL,BOL,OVO",hg009,Media en vormgeving,sg033,Mediavormgeving,23257,Mediavormgeving,05,Ict en creatieve industrie
25202,Medewerker Podium- en evenemententechniek,2,basisberoepsopleiding,"BBL,BOL,OVO",hg009,Media en vormgeving,sg014,Evenemententechniek,23319,Podium- en evenemententechniek,05,Ict en creatieve industrie
25203,Podium- en evenemententechnicus,3,vakopleiding,"BBL,BOL,OVO",hg009,Media en vormgeving,sg014,Evenemententechniek,23319,Podium- en evenemententechniek,05,Ict en creatieve industrie
25204,Podium- en evenemententechnicus Geluid,4,middenkaderopleiding,"BBL,BOL,OVO",hg009,Media en vormgeving,sg014,Evenemententechniek,23319,Podium- en evenemententechniek,05,Ict en creatieve industrie
25205,Podium- en evenemententechnicus Licht,4,middenkaderopleiding,"BBL,BOL,OVO",hg009,Media en vormgeving,sg014,Evenemententechniek,23319,Podium- en evenemententechniek,05,Ict en creatieve industrie
25206,Podium- en evenemententechnicus Podium & Rigging,4,middenkaderopleiding,"BBL,BOL,OVO",hg009,Media en vormgeving,sg014,Evenemententechniek,23319,Podium- en evenemententechniek,05,Ict en creatieve industrie
25207,Basismedewerker printmedia,2,basisberoepsopleiding,"BBL,BOL,OVO",hg009,Media en vormgeving,sg032,Mediatechniek,23242,Printmedia,05,Ict en creatieve industrie
25208,Drukker,3,vakopleiding,"BBL,BOL,OVO",hg009,Media en vormgeving,sg032,Mediatechniek,23242,Printmedia,05,Ict en creatieve industrie
25209,Nabewerker,3,vakopleiding,"BBL,BOL,OVO",hg009,Media en vormgeving,sg032,Mediatechniek,23242,Printmedia,05,Ict en creatieve industrie
25210,Printmediatechnoloog,4,middenkaderopleiding,"BBL,BOL,OVO",hg009,Media en vormgeving,sg032,Mediatechniek,23242,Printmedia,05,Ict en creatieve industrie
25211,Medewerker productpresentatie,2,basisberoepsopleiding,"BBL,BOL,OVO",hg009,Media en vormgeving,sg043,Ruimtelijke vormgeving,23326,Ruimtelijke vormgeving,05,Ict en creatieve industrie
25212,Ruimtelijk vormgever,4,middenkaderopleiding,"BBL,BOL,OVO",hg009,Media en vormgeving,sg043,Ruimtelijke vormgeving,23326,Ruimtelijke vormgeving,05,Ict en creatieve industrie
25213,Allround signmaker,3,vakopleiding,"BBL,BOL,OVO",hg009,Media en vormgeving,sg043,Ruimtelijke vormgeving,23402,Signmaking,05,Ict en creatieve industrie
25214,Medewerker sign,2,basisberoepsopleiding,"BBL,BOL,OVO",hg009,Media en vormgeving,sg043,Ruimtelijke vormgeving,23402,Signmaking,05,Ict en creatieve industrie
25215,Signspecialist,4,middenkaderopleiding,"BBL,BOL,OVO",hg009,Media en vormgeving,sg043,Ruimtelijke vormgeving,23402,Signmaking,05,Ict en creatieve industrie
25216,Allround stand- en decorbouwer,3,vakopleiding,"BBL,BOL,OVO",hg009,Media en vormgeving,sg043,Ruimtelijke vormgeving,23414,Decorbouw,05,Ict en creatieve industrie
25217,Stand- en decorbouwer,2,basisberoepsopleiding,"BBL,BOL,OVO",hg009,Media en vormgeving,sg043,Ruimtelijke vormgeving,23414,Decorbouw,05,Ict en creatieve industrie
25218,Aftersalesmanager Mobiliteitsbranche,4,middenkaderopleiding,"BBL,BOL,OVO",hg010,Mobiliteit en voertuigen,sg034,Mobiliteitstechniek,23292,(After)sales in de mobiliteitsbranche,02,"Mobiliteit, transport, logistiek en maritiem"
25219,Serviceadviseur Mobiliteitsbranche,3,vakopleiding,"BBL,BOL,OVO",hg010,Mobiliteit en voertuigen,sg034,Mobiliteitstechniek,23292,(After)sales in de mobiliteitsbranche,02,"Mobiliteit, transport, logistiek en maritiem"
25220,Assemblagetechnicus,2,basisberoepsopleiding,"BBL,BOL,OVO",hg011,Techniek en procesindustrie,sg058,Werktuigbouwkunde,23361,Productietechniek,02,"Mobiliteit, transport, logistiek en maritiem"
25221,Caravantechnicus,2,basisberoepsopleiding,"BBL,BOL,OVO",hg011,Techniek en procesindustrie,sg058,Werktuigbouwkunde,23361,Productietechniek,02,"Mobiliteit, transport, logistiek en maritiem"
25222,Carrosseriebouwer,2,basisberoepsopleiding,"BBL,BOL,OVO",hg011,Techniek en procesindustrie,sg058,Werktuigbouwkunde,23361,Productietechniek,02,"Mobiliteit, transport, logistiek en maritiem"
25223,Eerste Caravantechnicus,3,vakopleiding,"BBL,BOL,OVO",hg011,Techniek en procesindustrie,sg058,Werktuigbouwkunde,23361,Productietechniek,02,"Mobiliteit, transport, logistiek en maritiem"
25224,Eerste Carrosseriebouwer,3,vakopleiding,"BBL,BOL,OVO",hg011,Techniek en procesindustrie,sg058,Werktuigbouwkunde,23361,Productietechniek,02,"Mobiliteit, transport, logistiek en maritiem"
25225,Autoschadehersteller,2,basisberoepsopleiding,"BBL,BOL,OVO",hg010,Mobiliteit en voertuigen,sg006,Carrosserietechniek,23358,Autoschadehersteltechniek,02,"Mobiliteit, transport, logistiek en maritiem"
25226,Eerste Autoschadehersteller,3,vakopleiding,"BBL,BOL,OVO",hg010,Mobiliteit en voertuigen,sg006,Carrosserietechniek,23358,Autoschadehersteltechniek,02,"Mobiliteit, transport, logistiek en maritiem"
25227,Eerste Autoschadetechnicus,3,vakopleiding,"BBL,BOL,OVO",hg010,Mobiliteit en voertuigen,sg006,Carrosserietechniek,23358,Autoschadehersteltechniek,02,"Mobiliteit, transport, logistiek en maritiem"
25228,Autospuiter,2,basisberoepsopleiding,"BBL,BOL,OVO",hg010,Mobiliteit en voertuigen,sg006,Carrosserietechniek,23293,Autospuiten,02,"Mobiliteit, transport, logistiek en maritiem"
25229,Eerste Autospuiter,3,vakopleiding,"BBL,BOL,OVO",hg010,Mobiliteit en voertuigen,sg006,Carrosserietechniek,23293,Autospuiten,02,"Mobiliteit, transport, logistiek en maritiem"
25230,Eerste Fietstechnicus,3,vakopleiding,"BBL,BOL,OVO",hg010,Mobiliteit en voertuigen,sg034,Mobiliteitstechniek,23415,Fietstechniek,02,"Mobiliteit, transport, logistiek en maritiem"
25231,Fietstechnicus,2,basisberoepsopleiding,"BBL,BOL,OVO",hg010,Mobiliteit en voertuigen,sg034,Mobiliteitstechniek,23415,Fietstechniek,02,"Mobiliteit, transport, logistiek en maritiem"
25232,Eerste Motorfietstechnicus,3,vakopleiding,"BBL,BOL,OVO",hg010,Mobiliteit en voertuigen,sg034,Mobiliteitstechniek,23273,Voertuigen en mobiele werktuigen,02,"Mobiliteit, transport, logistiek en maritiem"
25233,Eerste Scootertechnicus,3,vakopleiding,"BBL,BOL,OVO",hg010,Mobiliteit en voertuigen,sg034,Mobiliteitstechniek,23273,Voertuigen en mobiele werktuigen,02,"Mobiliteit, transport, logistiek en maritiem"
25234,Motorfietstechnicus,2,basisberoepsopleiding,"BBL,BOL,OVO",hg010,Mobiliteit en voertuigen,sg034,Mobiliteitstechniek,23273,Voertuigen en mobiele werktuigen,02,"Mobiliteit, transport, logistiek en maritiem"
25235,Scootertechnicus,2,basisberoepsopleiding,"BBL,BOL,OVO",hg010,Mobiliteit en voertuigen,sg034,Mobiliteitstechniek,23273,Voertuigen en mobiele werktuigen,02,"Mobiliteit, transport, logistiek en maritiem"
25236,Eerste verbrandingsmotortechnicus,3,vakopleiding,"BBL,BOL,OVO",hg010,Mobiliteit en voertuigen,sg034,Mobiliteitstechniek,23332,Verbrandingsmotortechniek,02,"Mobiliteit, transport, logistiek en maritiem"
25237,Technisch specialist verbrandingsmotoren,4,middenkaderopleiding,"BBL,BOL,OVO",hg010,Mobiliteit en voertuigen,sg034,Mobiliteitstechniek,23332,Verbrandingsmotortechniek,02,"Mobiliteit, transport, logistiek en maritiem"
25238,Verbrandingsmotortechnicus,2,basisberoepsopleiding,"BBL,BOL,OVO",hg010,Mobiliteit en voertuigen,sg034,Mobiliteitstechniek,23332,Verbrandingsmotortechniek,02,"Mobiliteit, transport, logistiek en maritiem"
25239,Verkoopadviseur Mobiliteitsbranche,3,vakopleiding,"BBL,BOL,OVO",hg010,Mobiliteit en voertuigen,sg034,Mobiliteitstechniek,23292,(After)sales in de mobiliteitsbranche,02,"Mobiliteit, transport, logistiek en maritiem"
25240,Verkoopmanager Mobiliteitsbranche,4,middenkaderopleiding,"BBL,BOL,OVO",hg010,Mobiliteit en voertuigen,sg034,Mobiliteitstechniek,23292,(After)sales in de mobiliteitsbranche,02,"Mobiliteit, transport, logistiek en maritiem"
25241,Allround monteur mobiele werktuigen,3,vakopleiding,"BBL,BOL,OVO",hg010,Mobiliteit en voertuigen,sg034,Mobiliteitstechniek,23273,Voertuigen en mobiele werktuigen,02,"Mobiliteit, transport, logistiek en maritiem"
25242,Autotechnicus,2,basisberoepsopleiding,"BBL,BOL,OVO",hg010,Mobiliteit en voertuigen,sg034,Mobiliteitstechniek,23273,Voertuigen en mobiele werktuigen,02,"Mobiliteit, transport, logistiek en maritiem"
25243,Bedrijfsautotechnicus,2,basisberoepsopleiding,"BBL,BOL,OVO",hg010,Mobiliteit en voertuigen,sg034,Mobiliteitstechniek,23273,Voertuigen en mobiele werktuigen,02,"Mobiliteit, transport, logistiek en maritiem"
25244,Eerste Autotechnicus,3,vakopleiding,"BBL,BOL,OVO",hg010,Mobiliteit en voertuigen,sg034,Mobiliteitstechniek,23273,Voertuigen en mobiele werktuigen,02,"Mobiliteit, transport, logistiek en maritiem"
25245,Eerste Bedrijfsautotechnicus,3,vakopleiding,"BBL,BOL,OVO",hg010,Mobiliteit en voertuigen,sg034,Mobiliteitstechniek,23273,Voertuigen en mobiele werktuigen,02,"Mobiliteit, transport, logistiek en maritiem"
25246,Monteur mobiele werktuigen,2,basisberoepsopleiding,"BBL,BOL,OVO",hg010,Mobiliteit en voertuigen,sg034,Mobiliteitstechniek,23273,Voertuigen en mobiele werktuigen,02,"Mobiliteit, transport, logistiek en maritiem"
25247,Technicus mobiele werktuigen,4,middenkaderopleiding,"BBL,BOL,OVO",hg010,Mobiliteit en voertuigen,sg034,Mobiliteitstechniek,23274,Specialist voertuigen en mobiele werktuigen,02,"Mobiliteit, transport, logistiek en maritiem"
25248,Technisch Specialist Bedrijfsautos,4,middenkaderopleiding,"BBL,BOL,OVO",hg010,Mobiliteit en voertuigen,sg034,Mobiliteitstechniek,23274,Specialist voertuigen en mobiele werktuigen,02,"Mobiliteit, transport, logistiek en maritiem"
25249,Technisch Specialist Personenautos,4,middenkaderopleiding,"BBL,BOL,OVO",hg010,Mobiliteit en voertuigen,sg034,Mobiliteitstechniek,23274,Specialist voertuigen en mobiele werktuigen,02,"Mobiliteit, transport, logistiek en maritiem"
25250,"Assistent bouwen, wonen en onderhoud",1,entreeopleiding,"BBL,BOL,OVO",hg002,Entree,sg061,Entree,23301,Entree,09,Entree
25251,Assistent dienstverlening en zorg,1,entreeopleiding,"BBL,BOL,OVO",hg002,Entree,sg061,Entree,23301,Entree,09,Entree
25252,"Assistent horeca, voeding of voedingsindustrie",1,entreeopleiding,"BBL,BOL,OVO",hg002,Entree,sg061,Entree,23301,Entree,09,Entree
25253,Assistent installatie- en constructietechniek,1,entreeopleiding,"BBL,BOL,OVO",hg002,Entree,sg061,Entree,23301,Entree,09,Entree
25254,Assistent logistiek,1,entreeopleiding,"BBL,BOL,OVO",hg002,Entree,sg061,Entree,23301,Entree,09,Entree
25255,Assistent mobiliteitsbranche,1,entreeopleiding,"BBL,BOL,OVO",hg002,Entree,sg061,Entree,23301,Entree,09,Entree
25256,Assistent procestechniek,1,entreeopleiding,"BBL,BOL,OVO",hg002,Entree,sg061,Entree,23301,Entree,09,Entree
25257,Assistent verkoop/retail,1,entreeopleiding,"BBL,BOL,OVO",hg002,Entree,sg061,Entree,23301,Entree,09,Entree
25258,Assistent plant of (groene) leefomgeving,1,entreeopleiding,"BBL,BOL,OVO",hg002,Entree,sg061,Entree,23301,Entree,09,Entree
25259,Assistent logistiek (groen),1,entreeopleiding,"BBL,BOL,OVO",hg002,Entree,sg061,Entree,23301,Entree,09,Entree
25260,"Assistent horeca, voeding of voedingsindustrie (groen)",1,entreeopleiding,"BBL,BOL,OVO",hg002,Entree,sg061,Entree,23301,Entree,09,Entree
25261,Assistent verkoop/retail (groen),1,entreeopleiding,"BBL,BOL,OVO",hg002,Entree,sg061,Entree,23301,Entree,09,Entree
25262,Technicus elektrotechnische industriële installaties en systemen,4,middenkaderopleiding,"BBL,BOL,OVO",hg011,Techniek en procesindustrie,sg013,Elektrotechniek,23300,Elektrotechnische systemen en installaties,01,Techniek en gebouwde omgeving
25263,Technicus elektrotechnische installaties woning en utiliteit,4,middenkaderopleiding,"BBL,BOL,OVO",hg011,Techniek en procesindustrie,sg013,Elektrotechniek,23300,Elektrotechnische systemen en installaties,01,Techniek en gebouwde omgeving
25264,Systeemontwerper koude- en klimaatsystemen,4,specialistenopleiding,"BBL,BOL,OVO",hg011,Techniek en procesindustrie,sg013,Elektrotechniek,23409,Engineering koude- en klimaatsystemen,01,Techniek en gebouwde omgeving
25265,Technicus human technology,4,middenkaderopleiding,"BBL,BOL,OVO",hg011,Techniek en procesindustrie,sg013,Elektrotechniek,23371,Middenkader engineering,01,Techniek en gebouwde omgeving
25266,Eerste monteur datadistributie,3,vakopleiding,"BBL,BOL,OVO",hg011,Techniek en procesindustrie,sg025,Installatietechniek,23404,Infratechniek,01,Techniek en gebouwde omgeving
25267,"Eerste monteur gas-, water- en warmtedistributie",3,vakopleiding,"BBL,BOL,OVO",hg011,Techniek en procesindustrie,sg025,Installatietechniek,23404,Infratechniek,01,Techniek en gebouwde omgeving
25268,Eerste monteur gasstations,3,vakopleiding,"BBL,BOL,OVO",hg011,Techniek en procesindustrie,sg025,Installatietechniek,23404,Infratechniek,01,Techniek en gebouwde omgeving
25269,Eerste monteur laagspanningsdistributie,3,vakopleiding,"BBL,BOL,OVO",hg011,Techniek en procesindustrie,sg025,Installatietechniek,23404,Infratechniek,01,Techniek en gebouwde omgeving
25270,Eerste monteur middenspanningsdistributie,3,vakopleiding,"BBL,BOL,OVO",hg011,Techniek en procesindustrie,sg025,Installatietechniek,23404,Infratechniek,01,Techniek en gebouwde omgeving
25271,Monteur datadistributie,2,basisberoepsopleiding,"BBL,BOL,OVO",hg011,Techniek en procesindustrie,sg025,Installatietechniek,23404,Infratechniek,01,Techniek en gebouwde omgeving
25272,"Monteur gas-, water- en warmtedistributie",2,basisberoepsopleiding,"BBL,BOL,OVO",hg011,Techniek en procesindustrie,sg025,Installatietechniek,23404,Infratechniek,01,Techniek en gebouwde omgeving
25273,Monteur laagspanningsdistributie,2,basisberoepsopleiding,"BBL,BOL,OVO",hg011,Techniek en procesindustrie,sg025,Installatietechniek,23404,Infratechniek,01,Techniek en gebouwde omgeving
25274,Monteur middenspanningsdistributie,2,basisberoepsopleiding,"BBL,BOL,OVO",hg011,Techniek en procesindustrie,sg025,Installatietechniek,23404,Infratechniek,01,Techniek en gebouwde omgeving
25275,Technicus data,4,middenkaderopleiding,"BBL,BOL,OVO",hg011,Techniek en procesindustrie,sg025,Installatietechniek,23410,Infratechniek (kader),01,Techniek en gebouwde omgeving
25276,Technicus elektrotechniek,4,middenkaderopleiding,"BBL,BOL,OVO",hg011,Techniek en procesindustrie,sg025,Installatietechniek,23410,Infratechniek (kader),01,Techniek en gebouwde omgeving
25277,Technicus gas,4,middenkaderopleiding,"BBL,BOL,OVO",hg011,Techniek en procesindustrie,sg025,Installatietechniek,23410,Infratechniek (kader),01,Techniek en gebouwde omgeving
25278,Isolatiemonteur,2,basisberoepsopleiding,"BBL,BOL,OVO",hg011,Techniek en procesindustrie,sg013,Elektrotechniek,23116,Isolatiewerken,01,Techniek en gebouwde omgeving
25279,Opmeter technische isolatie,3,vakopleiding,"BBL,BOL,OVO",hg011,Techniek en procesindustrie,sg013,Elektrotechniek,23116,Isolatiewerken,01,Techniek en gebouwde omgeving
25280,Airco/warmtepompmonteur,2,basisberoepsopleiding,"BBL,BOL,OVO",hg011,Techniek en procesindustrie,sg025,Installatietechniek,23427,Koude- en klimaatsystemen,01,Techniek en gebouwde omgeving
25281,Eerste monteur koude- en klimaatsystemen,3,vakopleiding,"BBL,BOL,OVO",hg011,Techniek en procesindustrie,sg025,Installatietechniek,23427,Koude- en klimaatsystemen,01,Techniek en gebouwde omgeving
25282,Monteur koude- en klimaatsystemen,2,basisberoepsopleiding,"BBL,BOL,OVO",hg011,Techniek en procesindustrie,sg025,Installatietechniek,23427,Koude- en klimaatsystemen,01,Techniek en gebouwde omgeving
25284,Servicemonteur koude- en klimaatsystemen,3,vakopleiding,"BBL,BOL,OVO",hg011,Techniek en procesindustrie,sg025,Installatietechniek,23427,Koude- en klimaatsystemen,01,Techniek en gebouwde omgeving
25285,Technicus maintenance koude- en klimaatsystemen,4,middenkaderopleiding,"BBL,BOL,OVO",hg011,Techniek en procesindustrie,sg025,Installatietechniek,23427,Koude- en klimaatsystemen,01,Techniek en gebouwde omgeving
25286,Allround constructiewerker,3,vakopleiding,"BBL,BOL,OVO",hg011,Techniek en procesindustrie,sg058,Werktuigbouwkunde,23361,Productietechniek,01,Techniek en gebouwde omgeving
25287,Allround lasser,3,vakopleiding,"BBL,BOL,OVO",hg011,Techniek en procesindustrie,sg058,Werktuigbouwkunde,23361,Productietechniek,01,Techniek en gebouwde omgeving
25288,Allround pijpenbewerker,3,vakopleiding,"BBL,BOL,OVO",hg011,Techniek en procesindustrie,sg058,Werktuigbouwkunde,23361,Productietechniek,01,Techniek en gebouwde omgeving
25289,Allround plaatwerker,3,vakopleiding,"BBL,BOL,OVO",hg011,Techniek en procesindustrie,sg058,Werktuigbouwkunde,23361,Productietechniek,01,Techniek en gebouwde omgeving
25290,Basislasser,2,basisberoepsopleiding,"BBL,BOL,OVO",hg011,Techniek en procesindustrie,sg058,Werktuigbouwkunde,23361,Productietechniek,01,Techniek en gebouwde omgeving
25291,Constructiewerker,2,basisberoepsopleiding,"BBL,BOL,OVO",hg011,Techniek en procesindustrie,sg058,Werktuigbouwkunde,23361,Productietechniek,01,Techniek en gebouwde omgeving
25292,Pijpenbewerker,2,basisberoepsopleiding,"BBL,BOL,OVO",hg011,Techniek en procesindustrie,sg058,Werktuigbouwkunde,23361,Productietechniek,01,Techniek en gebouwde omgeving
25293,Plaatwerker,2,basisberoepsopleiding,"BBL,BOL,OVO",hg011,Techniek en procesindustrie,sg058,Werktuigbouwkunde,23361,Productietechniek,01,Techniek en gebouwde omgeving
25294,Scheepsbouwer,3,vakopleiding,"BBL,BOL,OVO",hg011,Techniek en procesindustrie,sg058,Werktuigbouwkunde,23361,Productietechniek,01,Techniek en gebouwde omgeving
25295,Scheepsmetaalbewerker,2,basisberoepsopleiding,"BBL,BOL,OVO",hg011,Techniek en procesindustrie,sg058,Werktuigbouwkunde,23361,Productietechniek,01,Techniek en gebouwde omgeving
25296,Commercieel technicus engineering,4,middenkaderopleiding,"BBL,BOL,OVO",hg011,Techniek en procesindustrie,sg013,Elektrotechniek,23371,Middenkader engineering,01,Techniek en gebouwde omgeving
25297,Technicus engineering,4,middenkaderopleiding,"BBL,BOL,OVO",hg011,Techniek en procesindustrie,sg013,Elektrotechniek,23371,Middenkader engineering,01,Techniek en gebouwde omgeving
25298,Allround verspaner,3,vakopleiding,"BBL,BOL,OVO",hg011,Techniek en procesindustrie,sg058,Werktuigbouwkunde,23361,Productietechniek,01,Techniek en gebouwde omgeving
25299,Gereedschapsmaker,3,vakopleiding,"BBL,BOL,OVO",hg011,Techniek en procesindustrie,sg058,Werktuigbouwkunde,23361,Productietechniek,01,Techniek en gebouwde omgeving
25300,Instrumentmaker,3,vakopleiding,"BBL,BOL,OVO",hg011,Techniek en procesindustrie,sg058,Werktuigbouwkunde,23361,Productietechniek,01,Techniek en gebouwde omgeving
25301,Researchinstrumentmaker,4,middenkaderopleiding,"BBL,BOL,OVO",hg011,Techniek en procesindustrie,sg058,Werktuigbouwkunde,23361,Productietechniek,01,Techniek en gebouwde omgeving
25302,Verspaner,2,basisberoepsopleiding,"BBL,BOL,OVO",hg011,Techniek en procesindustrie,sg058,Werktuigbouwkunde,23361,Productietechniek,01,Techniek en gebouwde omgeving
25303,Operator C,4,middenkaderopleiding,"BBL,BOL,OVO",hg011,Techniek en procesindustrie,sg040,Procestechniek,23321,Procestechniek,01,Techniek en gebouwde omgeving
25304,Eerste monteur service en onderhoud elektrotechniek en instrumentatie,3,vakopleiding,"BBL,BOL,OVO",hg011,Techniek en procesindustrie,sg025,Installatietechniek,23329,Service- en onderhoudstechniek,01,Techniek en gebouwde omgeving
25305,Eerste monteur service en onderhoud gasturbines,3,vakopleiding,"BBL,BOL,OVO",hg011,Techniek en procesindustrie,sg025,Installatietechniek,23329,Service- en onderhoudstechniek,01,Techniek en gebouwde omgeving
25306,Eerste monteur service en onderhoud werktuigbouw,3,vakopleiding,"BBL,BOL,OVO",hg011,Techniek en procesindustrie,sg025,Installatietechniek,23329,Service- en onderhoudstechniek,01,Techniek en gebouwde omgeving
25307,Eerste monteur service en onderhoud werktuigkundige installaties,3,vakopleiding,"BBL,BOL,OVO",hg011,Techniek en procesindustrie,sg025,Installatietechniek,23329,Service- en onderhoudstechniek,01,Techniek en gebouwde omgeving
25308,Monteur service en onderhoud installaties en systemen,2,basisberoepsopleiding,"BBL,BOL,OVO",hg011,Techniek en procesindustrie,sg025,Installatietechniek,23329,Service- en onderhoudstechniek,01,Techniek en gebouwde omgeving
25309,Technicus service en onderhoud elektrotechniek en instrumentatie,4,middenkaderopleiding,"BBL,BOL,OVO",hg011,Techniek en procesindustrie,sg025,Installatietechniek,23329,Service- en onderhoudstechniek,01,Techniek en gebouwde omgeving
25310,Technicus service en onderhoud werktuigbouw,4,middenkaderopleiding,"BBL,BOL,OVO",hg011,Techniek en procesindustrie,sg025,Installatietechniek,23329,Service- en onderhoudstechniek,01,Techniek en gebouwde omgeving
25311,Technicus service en onderhoud werktuigkundige installaties,4,middenkaderopleiding,"BBL,BOL,OVO",hg011,Techniek en procesindustrie,sg025,Installatietechniek,23329,Service- en onderhoudstechniek,01,Techniek en gebouwde omgeving
25312,Tekenaar constructeur,4,middenkaderopleiding,"BBL,BOL,OVO",hg011,Techniek en procesindustrie,sg013,Elektrotechniek,23123,Technisch tekenen,01,Techniek en gebouwde omgeving
25313,Tekenaar ontwerper elektrotechniek,4,middenkaderopleiding,"BBL,BOL,OVO",hg011,Techniek en procesindustrie,sg013,Elektrotechniek,23123,Technisch tekenen,01,Techniek en gebouwde omgeving
25314,Tekenaar ontwerper werktuigkundige installaties,4,middenkaderopleiding,"BBL,BOL,OVO",hg011,Techniek en procesindustrie,sg013,Elektrotechniek,23123,Technisch tekenen,01,Techniek en gebouwde omgeving
25315,Tekenaar werktuigbouw,3,vakopleiding,"BBL,BOL,OVO",hg011,Techniek en procesindustrie,sg013,Elektrotechniek,23123,Technisch tekenen,01,Techniek en gebouwde omgeving
25316,Tekenaar werktuigkundige installaties,3,vakopleiding,"BBL,BOL,OVO",hg011,Techniek en procesindustrie,sg013,Elektrotechniek,23123,Technisch tekenen,01,Techniek en gebouwde omgeving
25317,Kunststofbewerker vliegtuigbouw,2,basisberoepsopleiding,"BBL,BOL,OVO",hg011,Techniek en procesindustrie,sg054,Vliegtuigtechniek,23375,Luchtvaarttechniek,01,Techniek en gebouwde omgeving
25318,Plaatwerker vliegtuigbouw,2,basisberoepsopleiding,"BBL,BOL,OVO",hg011,Techniek en procesindustrie,sg054,Vliegtuigtechniek,23375,Luchtvaarttechniek,01,Techniek en gebouwde omgeving
25319,Samenbouwer vliegtuigbouw,2,basisberoepsopleiding,"BBL,BOL,OVO",hg011,Techniek en procesindustrie,sg054,Vliegtuigtechniek,23375,Luchtvaarttechniek,01,Techniek en gebouwde omgeving
25320,Constructie repair specialist,3,vakopleiding,"BBL,BOL,OVO",hg011,Techniek en procesindustrie,sg054,Vliegtuigtechniek,23375,Luchtvaarttechniek,01,Techniek en gebouwde omgeving
25321,Eerste monteur vliegtuigonderhoud,3,vakopleiding,"BBL,BOL,OVO",hg011,Techniek en procesindustrie,sg054,Vliegtuigtechniek,23375,Luchtvaarttechniek,01,Techniek en gebouwde omgeving
25322,Monteur vliegtuigonderhoud,2,basisberoepsopleiding,"BBL,BOL,OVO",hg011,Techniek en procesindustrie,sg054,Vliegtuigtechniek,23375,Luchtvaarttechniek,01,Techniek en gebouwde omgeving
25323,Technicus avionica,4,middenkaderopleiding,"BBL,BOL,OVO",hg011,Techniek en procesindustrie,sg054,Vliegtuigtechniek,23375,Luchtvaarttechniek,01,Techniek en gebouwde omgeving
25324,Technicus mechanica,4,middenkaderopleiding,"BBL,BOL,OVO",hg011,Techniek en procesindustrie,sg054,Vliegtuigtechniek,23375,Luchtvaarttechniek,01,Techniek en gebouwde omgeving
25331,Eerste monteur elektrotechnische industriële installaties en systemen,3,vakopleiding,"BBL,BOL,OVO",hg011,Techniek en procesindustrie,sg013,Elektrotechniek,23299,Elektrotechnische installaties,01,Techniek en gebouwde omgeving
25332,Eerste monteur elektrotechnische installaties woning en utiliteit,3,vakopleiding,"BBL,BOL,OVO",hg011,Techniek en procesindustrie,sg013,Elektrotechniek,23299,Elektrotechnische installaties,01,Techniek en gebouwde omgeving
25333,Monteur elektrotechnische installaties,2,basisberoepsopleiding,"BBL,BOL,OVO",hg011,Techniek en procesindustrie,sg013,Elektrotechniek,23299,Elektrotechnische installaties,01,Techniek en gebouwde omgeving
25334,Medewerker Operationele techniek,2,basisberoepsopleiding,"BBL,BOL,OVO",hg011,Techniek en procesindustrie,sg040,Procestechniek,23128,Industrieel onderhoud,01,Techniek en gebouwde omgeving
25335,Mechanisch operator A,2,basisberoepsopleiding,"BBL,BOL,OVO",hg011,Techniek en procesindustrie,sg040,Procestechniek,23305,Industriële processen,01,Techniek en gebouwde omgeving
25336,Mechanisch operator B,3,vakopleiding,"BBL,BOL,OVO",hg011,Techniek en procesindustrie,sg040,Procestechniek,23305,Industriële processen,01,Techniek en gebouwde omgeving
25337,Procesoperator A,2,basisberoepsopleiding,"BBL,BOL,OVO",hg011,Techniek en procesindustrie,sg040,Procestechniek,23305,Industriële processen,01,Techniek en gebouwde omgeving
25338,Procesoperator B,3,vakopleiding,"BBL,BOL,OVO",hg011,Techniek en procesindustrie,sg040,Procestechniek,23305,Industriële processen,01,Techniek en gebouwde omgeving
25339,Eerste monteur elektrotechnische systemen,3,vakopleiding,"BBL,BOL,OVO",hg011,Techniek en procesindustrie,sg058,Werktuigbouwkunde,23360,Mechatronica,01,Techniek en gebouwde omgeving
25340,Eerste monteur mechatronica,3,vakopleiding,"BBL,BOL,OVO",hg011,Techniek en procesindustrie,sg058,Werktuigbouwkunde,23360,Mechatronica,01,Techniek en gebouwde omgeving
25341,Monteur elektrotechnische systemen,2,basisberoepsopleiding,"BBL,BOL,OVO",hg011,Techniek en procesindustrie,sg058,Werktuigbouwkunde,23360,Mechatronica,01,Techniek en gebouwde omgeving
25342,Monteur mechatronica,2,basisberoepsopleiding,"BBL,BOL,OVO",hg011,Techniek en procesindustrie,sg058,Werktuigbouwkunde,23360,Mechatronica,01,Techniek en gebouwde omgeving
25343,Technicus elektrotechnische systemen,4,middenkaderopleiding,"BBL,BOL,OVO",hg011,Techniek en procesindustrie,sg058,Werktuigbouwkunde,23360,Mechatronica,01,Techniek en gebouwde omgeving
25344,Technicus mechatronica systemen,4,middenkaderopleiding,"BBL,BOL,OVO",hg011,Techniek en procesindustrie,sg058,Werktuigbouwkunde,23360,Mechatronica,01,Techniek en gebouwde omgeving
25345,Allround operationeel technicus,4,middenkaderopleiding,"BBL,BOL,OVO",hg011,Techniek en procesindustrie,sg040,Procestechniek,23132,Operationele techniek,01,Techniek en gebouwde omgeving
25346,Operationeel technicus,3,vakopleiding,"BBL,BOL,OVO",hg011,Techniek en procesindustrie,sg040,Procestechniek,23132,Operationele techniek,01,Techniek en gebouwde omgeving
25347,Eerste Monteur dakbedekking,3,vakopleiding,"BBL,BOL,OVO",hg011,Techniek en procesindustrie,sg058,Werktuigbouwkunde,23333,Werktuigkundige installaties (montage),01,Techniek en gebouwde omgeving
25348,Eerste Monteur utiliteit,3,vakopleiding,"BBL,BOL,OVO",hg011,Techniek en procesindustrie,sg058,Werktuigbouwkunde,23333,Werktuigkundige installaties (montage),01,Techniek en gebouwde omgeving
25349,Eerste Monteur woning,3,vakopleiding,"BBL,BOL,OVO",hg011,Techniek en procesindustrie,sg058,Werktuigbouwkunde,23333,Werktuigkundige installaties (montage),01,Techniek en gebouwde omgeving
25350,Monteur werktuigkundige installaties,2,basisberoepsopleiding,"BBL,BOL,OVO",hg011,Techniek en procesindustrie,sg058,Werktuigbouwkunde,23333,Werktuigkundige installaties (montage),01,Techniek en gebouwde omgeving
25351,Leidinggevende leisure en hospitality,4,middenkaderopleiding,"BBL,BOL,OVO",hg012,Toerisme en recreatie,sg051,Toerisme,23264,"Travel, leisure & hospitality",06,"Voedsel, groen en gastvrijheid"
25352,Leidinggevende travel en hospitality,4,middenkaderopleiding,"BBL,BOL,OVO",hg012,Toerisme en recreatie,sg051,Toerisme,23264,"Travel, leisure & hospitality",06,"Voedsel, groen en gastvrijheid"
25353,Zelfstandig medewerker leisure en hospitality,3,vakopleiding,"BBL,BOL,OVO",hg012,Toerisme en recreatie,sg051,Toerisme,23264,"Travel, leisure & hospitality",06,"Voedsel, groen en gastvrijheid"
25354,Zelfstandig medewerker travel en hospitality,3,vakopleiding,"BBL,BOL,OVO",hg012,Toerisme en recreatie,sg051,Toerisme,23264,"Travel, leisure & hospitality",06,"Voedsel, groen en gastvrijheid"
25355,Allround medewerker watersportindustrie,3,vakopleiding,"BBL,BOL,OVO",hg013,"Transport, scheepvaart en logistiek",sg044,Scheepvaart,23239,Maritieme techniek,02,"Mobiliteit, transport, logistiek en maritiem"
25356,Medewerker watersportindustrie,2,basisberoepsopleiding,"BBL,BOL,OVO",hg013,"Transport, scheepvaart en logistiek",sg044,Scheepvaart,23239,Maritieme techniek,02,"Mobiliteit, transport, logistiek en maritiem"
25357,Meewerkend voorman watersportindustrie,4,middenkaderopleiding,"BBL,BOL,OVO",hg013,"Transport, scheepvaart en logistiek",sg044,Scheepvaart,23239,Maritieme techniek,02,"Mobiliteit, transport, logistiek en maritiem"
25358,Baggermeester,4,middenkaderopleiding,"BBL,BOL,OVO",hg013,"Transport, scheepvaart en logistiek",sg044,Scheepvaart,23278,Maritiem officier,02,"Mobiliteit, transport, logistiek en maritiem"
25363,Luchtvaartdienstverlener,4,middenkaderopleiding,"BBL,BOL,OVO",hg013,"Transport, scheepvaart en logistiek",sg029,Luchtvaart,23416,Dienstverlening in de luchtvaart,02,"Mobiliteit, transport, logistiek en maritiem"
25364,Chauffeur wegvervoer,2,basisberoepsopleiding,"BBL,BOL,OVO",hg013,"Transport, scheepvaart en logistiek",sg057,Weg- en railtransport,23418,Goederenvervoer,02,"Mobiliteit, transport, logistiek en maritiem"
25371,Logistiek medewerker,2,basisberoepsopleiding,"BBL,BOL,OVO",hg013,"Transport, scheepvaart en logistiek",sg028,Logistiek,23309,Logistiek,02,"Mobiliteit, transport, logistiek en maritiem"
25372,Logistiek teamleider,3,vakopleiding,"BBL,BOL,OVO",hg013,"Transport, scheepvaart en logistiek",sg028,Logistiek,23309,Logistiek,02,"Mobiliteit, transport, logistiek en maritiem"
25373,Parts-/baliemedewerker,2,basisberoepsopleiding,"BBL,BOL,OVO",hg013,"Transport, scheepvaart en logistiek",sg028,Logistiek,23309,Logistiek,02,"Mobiliteit, transport, logistiek en maritiem"
25374,Scheeps- en jachtbouwkundige,4,middenkaderopleiding,"BBL,BOL,OVO",hg013,"Transport, scheepvaart en logistiek",sg044,Scheepvaart,23239,Maritieme techniek,02,"Mobiliteit, transport, logistiek en maritiem"
25377,Aviation Operations Officer,4,middenkaderopleiding,"BBL,BOL,OVO",hg013,"Transport, scheepvaart en logistiek",sg029,Luchtvaart,23316,Operationele processen op de luchthaven,02,"Mobiliteit, transport, logistiek en maritiem"
25378,Luchtvrachtspecialist,4,middenkaderopleiding,"BBL,BOL,OVO",hg013,"Transport, scheepvaart en logistiek",sg029,Luchtvaart,23311,Luchtvracht,02,"Mobiliteit, transport, logistiek en maritiem"
25379,Manager Transport en Logistiek,4,middenkaderopleiding,"BBL,BOL,OVO",hg013,"Transport, scheepvaart en logistiek",sg028,Logistiek,23310,Management transport en logistiek,02,"Mobiliteit, transport, logistiek en maritiem"
25380,Chauffeur openbaar vervoer,2,basisberoepsopleiding,"BBL,BOL,OVO",hg013,"Transport, scheepvaart en logistiek",sg057,Weg- en railtransport,23276,Personenvervoer,02,"Mobiliteit, transport, logistiek en maritiem"
25381,Taxichauffeur,2,basisberoepsopleiding,"BBL,BOL,OVO",hg013,"Transport, scheepvaart en logistiek",sg057,Weg- en railtransport,23276,Personenvervoer,02,"Mobiliteit, transport, logistiek en maritiem"
25382,Touringcarchauffeur,2,basisberoepsopleiding,"BBL,BOL,OVO",hg013,"Transport, scheepvaart en logistiek",sg057,Weg- en railtransport,23276,Personenvervoer,02,"Mobiliteit, transport, logistiek en maritiem"
25383,Touringcarchauffeur/reisleider,3,vakopleiding,"BBL,BOL,OVO",hg013,"Transport, scheepvaart en logistiek",sg057,Weg- en railtransport,23276,Personenvervoer,02,"Mobiliteit, transport, logistiek en maritiem"
25384,Machinist railvervoer,3,vakopleiding,"BBL,BOL,OVO",hg013,"Transport, scheepvaart en logistiek",sg057,Weg- en railtransport,23419,Railvervoer,02,"Mobiliteit, transport, logistiek en maritiem"
25385,Schipper rondvaartboot beperkt vaargebied,2,basisberoepsopleiding,"BBL,BOL,OVO",hg013,"Transport, scheepvaart en logistiek",sg044,Scheepvaart,23277,Rondvaartboot,02,"Mobiliteit, transport, logistiek en maritiem"
25388,Logistiek supervisor,4,middenkaderopleiding,"BBL,BOL,OVO",hg013,"Transport, scheepvaart en logistiek",sg028,Logistiek,23310,Management transport en logistiek,02,"Mobiliteit, transport, logistiek en maritiem"
25389,Planner wegtransport,3,vakopleiding,"BBL,BOL,OVO",hg013,"Transport, scheepvaart en logistiek",sg028,Logistiek,23310,Management transport en logistiek,02,"Mobiliteit, transport, logistiek en maritiem"
25393,Coördinator havenlogistiek,3,vakopleiding,"BBL,BOL,OVO",hg013,"Transport, scheepvaart en logistiek",sg044,Scheepvaart,23364,Havenlogistiek,02,"Mobiliteit, transport, logistiek en maritiem"
25394,Manager havenlogistiek,4,middenkaderopleiding,"BBL,BOL,OVO",hg013,"Transport, scheepvaart en logistiek",sg044,Scheepvaart,23364,Havenlogistiek,02,"Mobiliteit, transport, logistiek en maritiem"
25395,Medewerker havenlogistiek,2,basisberoepsopleiding,"BBL,BOL,OVO",hg013,"Transport, scheepvaart en logistiek",sg044,Scheepvaart,23364,Havenlogistiek,02,"Mobiliteit, transport, logistiek en maritiem"
25396,Coördinator Havenoperaties,4,middenkaderopleiding,"BBL,BOL,OVO",hg013,"Transport, scheepvaart en logistiek",sg044,Scheepvaart,23363,Havenoperaties,02,"Mobiliteit, transport, logistiek en maritiem"
25397,Gevorderd medewerker Havenoperaties,3,vakopleiding,"BBL,BOL,OVO",hg013,"Transport, scheepvaart en logistiek",sg044,Scheepvaart,23363,Havenoperaties,02,"Mobiliteit, transport, logistiek en maritiem"
25398,Medewerker Havenoperaties,2,basisberoepsopleiding,"BBL,BOL,OVO",hg013,"Transport, scheepvaart en logistiek",sg044,Scheepvaart,23363,Havenoperaties,02,"Mobiliteit, transport, logistiek en maritiem"
25399,Allround Kapper,3,vakopleiding,"BBL,BOL,OVO",hg014,Uiterlijke verzorging,sg019,Haarverzorging,23263,Haarverzorging,06,"Voedsel, groen en gastvrijheid"
25400,Kapper,2,basisberoepsopleiding,"BBL,BOL,OVO",hg014,Uiterlijke verzorging,sg019,Haarverzorging,23263,Haarverzorging,06,"Voedsel, groen en gastvrijheid"
25401,Salonmanager,4,middenkaderopleiding,"BBL,BOL,OVO",hg014,Uiterlijke verzorging,sg019,Haarverzorging,23263,Haarverzorging,06,"Voedsel, groen en gastvrijheid"
25402,Allround Grimeur,4,middenkaderopleiding,"BBL,BOL,OVO",hg014,Uiterlijke verzorging,sg062,Make-up Art,23282,Make-up Art,05,Ict en creatieve industrie
25403,Allround Schoonheidsspecialist,4,middenkaderopleiding,"BBL,BOL,OVO",hg014,Uiterlijke verzorging,sg046,Schoonheidsverzorging,23365,Schoonheidsverzorging,03,"Zorg, welzijn en sport"
25404,Schoonheidsspecialist,3,vakopleiding,"BBL,BOL,OVO",hg014,Uiterlijke verzorging,sg046,Schoonheidsverzorging,23365,Schoonheidsverzorging,03,"Zorg, welzijn en sport"
25405,Medisch Pedicure,4,middenkaderopleiding,"BBL,BOL,OVO",hg014,Uiterlijke verzorging,sg056,Voetverzorging,23283,Voetzorg,03,"Zorg, welzijn en sport"
25406,Pedicure,3,vakopleiding,"BBL,BOL,OVO",hg014,Uiterlijke verzorging,sg056,Voetverzorging,23283,Voetzorg,03,"Zorg, welzijn en sport"
25407,Beveiliger,2,basisberoepsopleiding,"BBL,BOL,OVO",hg015,Veiligheid en sport,sg038,Particuliere veiligheid,23281,Particuliere beveiliging,07,Zakelijke dienstverlening en veiligheid
25408,Coördinator beveiliging,3,vakopleiding,"BBL,BOL,OVO",hg015,Veiligheid en sport,sg038,Particuliere veiligheid,23281,Particuliere beveiliging,07,Zakelijke dienstverlening en veiligheid
25409,Handhaver toezicht en veiligheid,3,vakopleiding,"BBL,BOL,OVO",hg015,Veiligheid en sport,sg041,Publieke veiligheid,23322,Publieke veiligheid,07,Zakelijke dienstverlening en veiligheid
25410,Medewerker toezicht en veiligheid,2,basisberoepsopleiding,"BBL,BOL,OVO",hg015,Veiligheid en sport,sg041,Publieke veiligheid,23322,Publieke veiligheid,07,Zakelijke dienstverlening en veiligheid
25411,"Coördinator buurt, onderwijs en sport",4,middenkaderopleiding,"BBL,BOL,OVO",hg015,Veiligheid en sport,sg048,Sport en bewegen,23366,Sport en Bewegen,03,"Zorg, welzijn en sport"
25412,Coördinator sport- en bewegingsagogie,4,middenkaderopleiding,"BBL,BOL,OVO",hg015,Veiligheid en sport,sg048,Sport en bewegen,23366,Sport en Bewegen,03,"Zorg, welzijn en sport"
25413,"Coördinator sport, bewegen en gezondheid",4,middenkaderopleiding,"BBL,BOL,OVO",hg015,Veiligheid en sport,sg048,Sport en bewegen,23366,Sport en Bewegen,03,"Zorg, welzijn en sport"
25414,"Coördinator sportinstructie, training en coaching",4,middenkaderopleiding,"BBL,BOL,OVO",hg015,Veiligheid en sport,sg048,Sport en bewegen,23366,Sport en Bewegen,03,"Zorg, welzijn en sport"
25415,Sport- en bewegingsleider,3,vakopleiding,"BBL,BOL,OVO",hg015,Veiligheid en sport,sg048,Sport en bewegen,23366,Sport en Bewegen,03,"Zorg, welzijn en sport"
25416,Aankomend medewerker grondoptreden,2,basisberoepsopleiding,"BBL,BOL,OVO",hg015,Veiligheid en sport,sg009,Defensie,23240,Veiligheid en vakmanschap,07,Zakelijke dienstverlening en veiligheid
25417,Aankomend medewerker maritiem,2,basisberoepsopleiding,"BBL,BOL,OVO",hg015,Veiligheid en sport,sg009,Defensie,23240,Veiligheid en vakmanschap,07,Zakelijke dienstverlening en veiligheid
25418,Aankomend onderofficier grondoptreden,3,vakopleiding,"BBL,BOL,OVO",hg015,Veiligheid en sport,sg009,Defensie,23240,Veiligheid en vakmanschap,07,Zakelijke dienstverlening en veiligheid
25419,Aankomend onderofficier maritiem,3,vakopleiding,"BBL,BOL,OVO",hg015,Veiligheid en sport,sg009,Defensie,23240,Veiligheid en vakmanschap,07,Zakelijke dienstverlening en veiligheid
25420,Ondernemer vers,4,middenkaderopleiding,"BBL,BOL,OVO",hg016,"Voedsel, natuur en leefomgeving",sg053,Verse voeding,23287,Vers: leidinggeven & ambacht,06,"Voedsel, groen en gastvrijheid"
25422,Productieleider versindustrie,4,middenkaderopleiding,"BBL,BOL,OVO",hg016,"Voedsel, natuur en leefomgeving",sg053,Verse voeding,23226,Vers: leidinggeven & industrie,06,"Voedsel, groen en gastvrijheid"
25423,Medewerker vers,2,basisberoepsopleiding,"BBL,BOL,OVO",hg016,"Voedsel, natuur en leefomgeving",sg053,Verse voeding,23288,Vers: vakmanschap & ambacht,06,"Voedsel, groen en gastvrijheid"
25424,Slager-traiteur,3,vakopleiding,"BBL,BOL,OVO",hg016,"Voedsel, natuur en leefomgeving",sg053,Verse voeding,23288,Vers: vakmanschap & ambacht,06,"Voedsel, groen en gastvrijheid"
25425,Vakbekwaam medewerker vers,3,vakopleiding,"BBL,BOL,OVO",hg016,"Voedsel, natuur en leefomgeving",sg053,Verse voeding,23288,Vers: vakmanschap & ambacht,06,"Voedsel, groen en gastvrijheid"
25426,Worstmaker,3,vakopleiding,"BBL,BOL,OVO",hg016,"Voedsel, natuur en leefomgeving",sg053,Verse voeding,23288,Vers: vakmanschap & ambacht,06,"Voedsel, groen en gastvrijheid"
25427,Allround medewerker versindustrie,3,vakopleiding,"BBL,BOL,OVO",hg016,"Voedsel, natuur en leefomgeving",sg053,Verse voeding,23227,Vers: vakmanschap & industrie,06,"Voedsel, groen en gastvrijheid"
25428,Medewerker versindustrie,2,basisberoepsopleiding,"BBL,BOL,OVO",hg016,"Voedsel, natuur en leefomgeving",sg053,Verse voeding,23227,Vers: vakmanschap & industrie,06,"Voedsel, groen en gastvrijheid"
25429,Medewerker agrarisch loonwerk,2,basisberoepsopleiding,"BBL,BOL,OVO",hg016,"Voedsel, natuur en leefomgeving",sg055,"Voeding, teelt en verwerking",23395,"Groen, grond en groene infra",06,"Voedsel, groen en gastvrijheid"
25430,Medewerker agrohandel en logistiek,2,basisberoepsopleiding,"BBL,BOL,OVO",hg016,"Voedsel, natuur en leefomgeving",sg055,"Voeding, teelt en verwerking",23393,"Agro productie, handel en technologie",06,"Voedsel, groen en gastvrijheid"
25431,Medewerker teelt,2,basisberoepsopleiding,"BBL,BOL,OVO",hg016,"Voedsel, natuur en leefomgeving",sg055,"Voeding, teelt en verwerking",23393,"Agro productie, handel en technologie",06,"Voedsel, groen en gastvrijheid"
25432,Medewerker veehouderij,2,basisberoepsopleiding,"BBL,BOL,OVO",hg016,"Voedsel, natuur en leefomgeving",sg055,"Voeding, teelt en verwerking",23393,"Agro productie, handel en technologie",06,"Voedsel, groen en gastvrijheid"
25433,Vakbekwaam medewerker agrarisch loonwerk,3,vakopleiding,"BBL,BOL,OVO",hg016,"Voedsel, natuur en leefomgeving",sg055,"Voeding, teelt en verwerking",23395,"Groen, grond en groene infra",06,"Voedsel, groen en gastvrijheid"
25434,Vakbekwaam medewerker agrohandel en logistiek,3,vakopleiding,"BBL,BOL,OVO",hg016,"Voedsel, natuur en leefomgeving",sg055,"Voeding, teelt en verwerking",23393,"Agro productie, handel en technologie",06,"Voedsel, groen en gastvrijheid"
25435,Vakbekwaam medewerker teelt,3,vakopleiding,"BBL,BOL,OVO",hg016,"Voedsel, natuur en leefomgeving",sg055,"Voeding, teelt en verwerking",23393,"Agro productie, handel en technologie",06,"Voedsel, groen en gastvrijheid"
25436,Vakbekwaam medewerker veehouderij,3,vakopleiding,"BBL,BOL,OVO",hg016,"Voedsel, natuur en leefomgeving",sg055,"Voeding, teelt en verwerking",23393,"Agro productie, handel en technologie",06,"Voedsel, groen en gastvrijheid"
25437,Vakexpert agrarisch loonwerk,4,middenkaderopleiding,"BBL,BOL,OVO",hg016,"Voedsel, natuur en leefomgeving",sg055,"Voeding, teelt en verwerking",23395,"Groen, grond en groene infra",06,"Voedsel, groen en gastvrijheid"
25438,Vakexpert agrohandel en logistiek,4,middenkaderopleiding,"BBL,BOL,OVO",hg016,"Voedsel, natuur en leefomgeving",sg055,"Voeding, teelt en verwerking",23393,"Agro productie, handel en technologie",06,"Voedsel, groen en gastvrijheid"
25439,Vakexpert biologisch-dynamische landbouw,4,middenkaderopleiding,"BBL,BOL,OVO",hg016,"Voedsel, natuur en leefomgeving",sg055,"Voeding, teelt en verwerking",23393,"Agro productie, handel en technologie",06,"Voedsel, groen en gastvrijheid"
25440,Vakexpert teelt en groene technologie,4,middenkaderopleiding,"BBL,BOL,OVO",hg016,"Voedsel, natuur en leefomgeving",sg055,"Voeding, teelt en verwerking",23393,"Agro productie, handel en technologie",06,"Voedsel, groen en gastvrijheid"
25441,Vakexpert veehouderij,4,middenkaderopleiding,"BBL,BOL,OVO",hg016,"Voedsel, natuur en leefomgeving",sg055,"Voeding, teelt en verwerking",23393,"Agro productie, handel en technologie",06,"Voedsel, groen en gastvrijheid"
25442,"Bedrijfsleider/ondernemer bloem, groen en styling",4,middenkaderopleiding,"BBL,BOL,OVO",hg016,"Voedsel, natuur en leefomgeving",sg055,"Voeding, teelt en verwerking",23289,"Bloem, groen en styling",06,"Voedsel, groen en gastvrijheid"
25443,"Medewerker bloem, groen en styling",2,basisberoepsopleiding,"BBL,BOL,OVO",hg016,"Voedsel, natuur en leefomgeving",sg055,"Voeding, teelt en verwerking",23289,"Bloem, groen en styling",06,"Voedsel, groen en gastvrijheid"
25444,"Vakbekwaam medewerker bloem, groen en styling",3,vakopleiding,"BBL,BOL,OVO",hg016,"Voedsel, natuur en leefomgeving",sg055,"Voeding, teelt en verwerking",23289,"Bloem, groen en styling",06,"Voedsel, groen en gastvrijheid"
25445,"Vakexpert bloem, groen en styling",4,middenkaderopleiding,"BBL,BOL,OVO",hg016,"Voedsel, natuur en leefomgeving",sg055,"Voeding, teelt en verwerking",23289,"Bloem, groen en styling",06,"Voedsel, groen en gastvrijheid"
25446,Bedrijfsleider dierverzorging,4,middenkaderopleiding,"BBL,BOL,OVO",hg016,"Voedsel, natuur en leefomgeving",sg011,Dier,23298,Dierverzorging,06,"Voedsel, groen en gastvrijheid"
25447,Dierenartsassistent paraveterinair,4,middenkaderopleiding,"BBL,BOL,OVO",hg016,"Voedsel, natuur en leefomgeving",sg011,Dier,23298,Dierverzorging,06,"Voedsel, groen en gastvrijheid"
25448,Medewerker dierverzorging,2,basisberoepsopleiding,"BBL,BOL,OVO",hg016,"Voedsel, natuur en leefomgeving",sg011,Dier,23298,Dierverzorging,06,"Voedsel, groen en gastvrijheid"
25449,Proefdierverzorger,3,vakopleiding,"BBL,BOL,OVO",hg016,"Voedsel, natuur en leefomgeving",sg011,Dier,23298,Dierverzorging,06,"Voedsel, groen en gastvrijheid"
25450,Vakbekwaam medewerker dierverzorging,3,vakopleiding,"BBL,BOL,OVO",hg016,"Voedsel, natuur en leefomgeving",sg011,Dier,23298,Dierverzorging,06,"Voedsel, groen en gastvrijheid"
25451,Medewerker groen en cultuurtechniek,2,basisberoepsopleiding,"BBL,BOL,OVO",hg016,"Voedsel, natuur en leefomgeving",sg055,"Voeding, teelt en verwerking",23395,"Groen, grond en groene infra",06,"Voedsel, groen en gastvrijheid"
25452,Medewerker hovenier,2,basisberoepsopleiding,"BBL,BOL,OVO",hg016,"Voedsel, natuur en leefomgeving",sg055,"Voeding, teelt en verwerking",23394,Groene ruimte,06,"Voedsel, groen en gastvrijheid"
25453,"Medewerker natuur, water en recreatie",2,basisberoepsopleiding,"BBL,BOL,OVO",hg016,"Voedsel, natuur en leefomgeving",sg055,"Voeding, teelt en verwerking",23394,Groene ruimte,06,"Voedsel, groen en gastvrijheid"
25454,Opzichter/uitvoerder groene ruimte,4,middenkaderopleiding,"BBL,BOL,OVO",hg016,"Voedsel, natuur en leefomgeving",sg055,"Voeding, teelt en verwerking",23394,Groene ruimte,06,"Voedsel, groen en gastvrijheid"
25455,Vakbekwaam hovenier,3,vakopleiding,"BBL,BOL,OVO",hg016,"Voedsel, natuur en leefomgeving",sg055,"Voeding, teelt en verwerking",23394,Groene ruimte,06,"Voedsel, groen en gastvrijheid"
25456,Vakbekwaam medewerker groen en cultuurtechniek,3,vakopleiding,"BBL,BOL,OVO",hg016,"Voedsel, natuur en leefomgeving",sg055,"Voeding, teelt en verwerking",23395,"Groen, grond en groene infra",06,"Voedsel, groen en gastvrijheid"
25457,"Vakbekwaam medewerker natuur, water en recreatie",3,vakopleiding,"BBL,BOL,OVO",hg016,"Voedsel, natuur en leefomgeving",sg055,"Voeding, teelt en verwerking",23394,Groene ruimte,06,"Voedsel, groen en gastvrijheid"
25458,Milieu-inspecteur,4,middenkaderopleiding,"BBL,BOL,OVO",hg016,"Voedsel, natuur en leefomgeving",sg036,Natuur en groene ruimte,23234,Advies en onderzoek leefomgeving,06,"Voedsel, groen en gastvrijheid"
25459,Milieu-onderzoeker,4,middenkaderopleiding,"BBL,BOL,OVO",hg016,"Voedsel, natuur en leefomgeving",sg036,Natuur en groene ruimte,23234,Advies en onderzoek leefomgeving,06,"Voedsel, groen en gastvrijheid"
25460,Medewerker voeding en technologie,2,basisberoepsopleiding,"BBL,BOL,OVO",hg016,"Voedsel, natuur en leefomgeving",sg055,"Voeding, teelt en verwerking",23392,Voeding,06,"Voedsel, groen en gastvrijheid"
25461,Vakbekwaam medewerker voeding en technologie,3,vakopleiding,"BBL,BOL,OVO",hg016,"Voedsel, natuur en leefomgeving",sg055,"Voeding, teelt en verwerking",23392,Voeding,06,"Voedsel, groen en gastvrijheid"
25462,Vakexpert voeding en kwaliteit,4,middenkaderopleiding,"BBL,BOL,OVO",hg016,"Voedsel, natuur en leefomgeving",sg055,"Voeding, teelt en verwerking",23392,Voeding,06,"Voedsel, groen en gastvrijheid"
25463,Vakexpert voeding en technologie,4,middenkaderopleiding,"BBL,BOL,OVO",hg016,"Voedsel, natuur en leefomgeving",sg055,"Voeding, teelt en verwerking",23392,Voeding,06,"Voedsel, groen en gastvrijheid"
25464,Vakexpert voeding en voorlichting,4,middenkaderopleiding,"BBL,BOL,OVO",hg016,"Voedsel, natuur en leefomgeving",sg055,"Voeding, teelt en verwerking",23396,Voeding- en leefstijladvies,06,"Voedsel, groen en gastvrijheid"
25465,Specialist vruchtbaarheid en voortplanting,4,specialistenopleiding,"BBL,BOL,OVO",hg016,"Voedsel, natuur en leefomgeving",sg011,Dier,23213,Dierlijke vruchtbaarheid en voortplanting,06,"Voedsel, groen en gastvrijheid"
25466,Specialist proefdierverzorging,4,specialistenopleiding,"BBL,BOL,OVO",hg016,"Voedsel, natuur en leefomgeving",sg011,Dier,23368,Gespecialiseerde proefdierverzorging,06,"Voedsel, groen en gastvrijheid"
25467,Hoefsmid,3,vakopleiding,"BBL,BOL,OVO",hg016,"Voedsel, natuur en leefomgeving",sg011,Dier,23367,Hoefsmederij,06,"Voedsel, groen en gastvrijheid"
25468,Bedrijfsleider paardensport en -houderij,4,middenkaderopleiding,"BBL,BOL,OVO",hg016,"Voedsel, natuur en leefomgeving",sg011,Dier,23369,Paardensport en -houderij,06,"Voedsel, groen en gastvrijheid"
25469,Instructeur paardensport en -houderij,4,middenkaderopleiding,"BBL,BOL,OVO",hg016,"Voedsel, natuur en leefomgeving",sg011,Dier,23369,Paardensport en -houderij,06,"Voedsel, groen en gastvrijheid"
25470,Vakbekwaam medewerker paardensport en -houderij,3,vakopleiding,"BBL,BOL,OVO",hg016,"Voedsel, natuur en leefomgeving",sg011,Dier,23369,Paardensport en -houderij,06,"Voedsel, groen en gastvrijheid"
25471,Apothekersassistent,4,middenkaderopleiding,"BBL,BOL,OVO",hg017,Zorg en welzijn,sg016,Gezondheidsondersteuning,23265,Apothekersassistent,03,"Zorg, welzijn en sport"
25472,Acteur,4,middenkaderopleiding,"BBL,BOL,OVO",hg017,Zorg en welzijn,sg008,Cultureel werk,23266,Artiesten,05,Ict en creatieve industrie
25473,Doktersassistent,4,middenkaderopleiding,"BBL,BOL,OVO",hg017,Zorg en welzijn,sg016,Gezondheidsondersteuning,23284,Doktersassistent,03,"Zorg, welzijn en sport"
25474,Agogisch medewerker GGZ,4,middenkaderopleiding,"BBL,BOL,OVO",hg017,Zorg en welzijn,sg030,Maatschappelijke zorg,23312,Maatschappelijke Zorg,03,"Zorg, welzijn en sport"
25475,Begeleider gehandicaptenzorg,3,vakopleiding,"BBL,BOL,OVO",hg017,Zorg en welzijn,sg030,Maatschappelijke zorg,23312,Maatschappelijke Zorg,03,"Zorg, welzijn en sport"
25476,Begeleider specifieke doelgroepen,3,vakopleiding,"BBL,BOL,OVO",hg017,Zorg en welzijn,sg030,Maatschappelijke zorg,23312,Maatschappelijke Zorg,03,"Zorg, welzijn en sport"
25477,Persoonlijk begeleider gehandicaptenzorg,4,middenkaderopleiding,"BBL,BOL,OVO",hg017,Zorg en welzijn,sg030,Maatschappelijke zorg,23312,Maatschappelijke Zorg,03,"Zorg, welzijn en sport"
25478,Persoonlijk begeleider specifieke doelgroepen,4,middenkaderopleiding,"BBL,BOL,OVO",hg017,Zorg en welzijn,sg030,Maatschappelijke zorg,23312,Maatschappelijke Zorg,03,"Zorg, welzijn en sport"
25479,Thuisbegeleider,4,middenkaderopleiding,"BBL,BOL,OVO",hg017,Zorg en welzijn,sg030,Maatschappelijke zorg,23312,Maatschappelijke Zorg,03,"Zorg, welzijn en sport"
25480,Mbo-Verpleegkundige,4,middenkaderopleiding,"BBL,BOL,OVO",hg017,Zorg en welzijn,sg052,Verpleging en verzorging,23267,Mbo-Verpleegkundige,03,"Zorg, welzijn en sport"
25484,Gespecialiseerd pedagogisch medewerker,4,middenkaderopleiding,"BBL,BOL,OVO",hg017,Zorg en welzijn,sg039,Pedagogisch werk,23285,Pedagogisch werk,03,"Zorg, welzijn en sport"
25485,Onderwijsassistent,4,middenkaderopleiding,"BBL,BOL,OVO",hg017,Zorg en welzijn,sg039,Pedagogisch werk,23285,Pedagogisch werk,03,"Zorg, welzijn en sport"
25486,Pedagogisch medewerker kinderopvang,3,vakopleiding,"BBL,BOL,OVO",hg017,Zorg en welzijn,sg039,Pedagogisch werk,23285,Pedagogisch werk,03,"Zorg, welzijn en sport"
25487,Praktijkopleider,4,specialistenopleiding,"BBL,BOL,OVO",hg017,Zorg en welzijn,sg039,Pedagogisch werk,23320,Praktijkopleider,03,"Zorg, welzijn en sport"
25488,Sociaal-cultureel werker,4,middenkaderopleiding,"BBL,BOL,OVO",hg017,Zorg en welzijn,sg030,Maatschappelijke zorg,23384,Sociaal werk,03,"Zorg, welzijn en sport"
25489,Sociaal-maatschappelijk dienstverlener,4,middenkaderopleiding,"BBL,BOL,OVO",hg017,Zorg en welzijn,sg030,Maatschappelijke zorg,23384,Sociaal werk,03,"Zorg, welzijn en sport"
25490,Tandartsassistent,4,middenkaderopleiding,"BBL,BOL,OVO",hg017,Zorg en welzijn,sg016,Gezondheidsondersteuning,23286,Tandartsassistent,03,"Zorg, welzijn en sport"
25491,verzorgende-IG,3,vakopleiding,"BBL,BOL,OVO",hg017,Zorg en welzijn,sg052,Verpleging en verzorging,23268,verzorgende-IG,03,"Zorg, welzijn en sport"
25495,Danser,4,middenkaderopleiding,"BBL,BOL,OVO",hg017,Zorg en welzijn,sg008,Cultureel werk,23266,Artiesten,05,Ict en creatieve industrie
25496,Musicalperformer,4,middenkaderopleiding,"BBL,BOL,OVO",hg017,Zorg en welzijn,sg008,Cultureel werk,23266,Artiesten,05,Ict en creatieve industrie
25497,Muzikant,4,middenkaderopleiding,"BBL,BOL,OVO",hg017,Zorg en welzijn,sg008,Cultureel werk,23266,Artiesten,05,Ict en creatieve industrie
25498,Helpende Zorg en Welzijn,2,basisberoepsopleiding,"BBL,BOL,OVO",hg017,Zorg en welzijn,sg060,Basis dienstverlening,23385,Dienstverlening,03,"Zorg, welzijn en sport"
25499,Medewerker facilitaire dienstverlening,2,basisberoepsopleiding,"BBL,BOL,OVO",hg017,Zorg en welzijn,sg060,Basis dienstverlening,23385,Dienstverlening,06,"Voedsel, groen en gastvrijheid"
25500,Medewerker sport en recreatie,2,basisberoepsopleiding,"BBL,BOL,OVO",hg017,Zorg en welzijn,sg060,Basis dienstverlening,23385,Dienstverlening,03,"Zorg, welzijn en sport"
25501,verkoopspecialist groene detailhandel,3,vakopleiding,"BBL,BOL,OVO",hg006,Handel en ondernemerschap,sg010,Detailhandel en groothandel,23325,Retail advies,04,Handel
25502,Manager retail (groen),4,middenkaderopleiding,"BBL,BOL,OVO",hg006,Handel en ondernemerschap,sg031,Management en ondernemerschap,23323,Retail Management,04,Handel
25503,Verkoper (groen),2,basisberoepsopleiding,"BBL,BOL,OVO",hg006,Handel en ondernemerschap,sg010,Detailhandel en groothandel,23324,Retail operationeel,04,Handel
25504,Vakman restauratie voegwerk,3,vakopleiding,"BBL,BOL,OVO",hg004,Bouw en infra,sg004,Bouwkunde,23196,Voegen/gevelbehandelen,01,Techniek en gebouwde omgeving
25505,Specialist Restauratie Timmerwerk,4,specialistenopleiding,"BBL,BOL,OVO",hg004,Bouw en infra,sg004,Bouwkunde,23197,Restauratievakmanschap in de bouw,01,Techniek en gebouwde omgeving
25506,Specialist restauratie metselwerk,4,specialistenopleiding,"BBL,BOL,OVO",hg004,Bouw en infra,sg004,Bouwkunde,23197,Restauratievakmanschap in de bouw,01,Techniek en gebouwde omgeving
25507,Verspaningstechnoloog,4,middenkaderopleiding,"BBL,BOL,OVO",hg011,Techniek en procesindustrie,sg058,Werktuigbouwkunde,23361,Productietechniek,01,Techniek en gebouwde omgeving
25508,Vormenmaker,3,vakopleiding,"BBL,BOL,OVO",hg011,Techniek en procesindustrie,sg013,Elektrotechniek,23123,Technisch tekenen,08,Specialistisch vakmanschap
25509,Matroos binnenvaart,2,basisberoepsopleiding,"BBL,BOL,OVO",hg013,"Transport, scheepvaart en logistiek",sg044,Scheepvaart,23389,Binnenvaart,02,"Mobiliteit, transport, logistiek en maritiem"
25510,Schipper binnenvaart,3,vakopleiding,"BBL,BOL,OVO",hg013,"Transport, scheepvaart en logistiek",sg044,Scheepvaart,23389,Binnenvaart,02,"Mobiliteit, transport, logistiek en maritiem"
25511,Kapitein binnenvaart,4,middenkaderopleiding,"BBL,BOL,OVO",hg013,"Transport, scheepvaart en logistiek",sg044,Scheepvaart,23389,Binnenvaart,02,"Mobiliteit, transport, logistiek en maritiem"
25512,Bootman,3,vakopleiding,"BBL,BOL,OVO",hg013,"Transport, scheepvaart en logistiek",sg044,Scheepvaart,23390,Bootmannen,02,"Mobiliteit, transport, logistiek en maritiem"
25513,Stuurman-werktuigkundige kleine schepen,3,vakopleiding,"BBL,BOL,OVO",hg013,"Transport, scheepvaart en logistiek",sg044,Scheepvaart,23278,Maritiem officier,02,"Mobiliteit, transport, logistiek en maritiem"
25514,Stuurman kleine schepen,3,vakopleiding,"BBL,BOL,OVO",hg013,"Transport, scheepvaart en logistiek",sg044,Scheepvaart,23278,Maritiem officier,02,"Mobiliteit, transport, logistiek en maritiem"
25515,Scheepswerktuigkundige kleine schepen,3,vakopleiding,"BBL,BOL,OVO",hg013,"Transport, scheepvaart en logistiek",sg044,Scheepvaart,23278,Maritiem officier,02,"Mobiliteit, transport, logistiek en maritiem"
25516,Maritiem officier alle schepen,4,middenkaderopleiding,"BBL,BOL,OVO",hg013,"Transport, scheepvaart en logistiek",sg044,Scheepvaart,23278,Maritiem officier,02,"Mobiliteit, transport, logistiek en maritiem"
25517,Stuurman alle schepen,4,middenkaderopleiding,"BBL,BOL,OVO",hg013,"Transport, scheepvaart en logistiek",sg044,Scheepvaart,23278,Maritiem officier,02,"Mobiliteit, transport, logistiek en maritiem"
25518,Scheepswerktuigkundige alle schepen,4,middenkaderopleiding,"BBL,BOL,OVO",hg013,"Transport, scheepvaart en logistiek",sg044,Scheepvaart,23278,Maritiem officier,02,"Mobiliteit, transport, logistiek en maritiem"
25519,Schipper-machinist beperkt werkgebied,2,basisberoepsopleiding,"BBL,BOL,OVO",hg013,"Transport, scheepvaart en logistiek",sg044,Scheepvaart,23420,Zee- en zeevisvaart beperkt vaargebied,02,"Mobiliteit, transport, logistiek en maritiem"
25520,Stuurman waterbouw,4,middenkaderopleiding,"BBL,BOL,OVO",hg013,"Transport, scheepvaart en logistiek",sg044,Scheepvaart,23278,Maritiem officier,02,"Mobiliteit, transport, logistiek en maritiem"
25521,Scheepswerktuigkundige waterbouw,4,middenkaderopleiding,"BBL,BOL,OVO",hg013,"Transport, scheepvaart en logistiek",sg044,Scheepvaart,23278,Maritiem officier,02,"Mobiliteit, transport, logistiek en maritiem"
25522,Stuurman-scheepswerktuigkundige vissersschepen SW5,3,vakopleiding,"BBL,BOL,OVO",hg013,"Transport, scheepvaart en logistiek",sg044,Scheepvaart,23278,Maritiem officier,02,"Mobiliteit, transport, logistiek en maritiem"
25523,Stuurman alle vissersschepen S4,4,middenkaderopleiding,"BBL,BOL,OVO",hg013,"Transport, scheepvaart en logistiek",sg044,Scheepvaart,23278,Maritiem officier,02,"Mobiliteit, transport, logistiek en maritiem"
25524,Werktuigkundige alle vissersschepen W4,4,middenkaderopleiding,"BBL,BOL,OVO",hg013,"Transport, scheepvaart en logistiek",sg044,Scheepvaart,23278,Maritiem officier,02,"Mobiliteit, transport, logistiek en maritiem"
25525,Stuurman-werktuigkundige zeevisvaart SW6,2,basisberoepsopleiding,"BBL,BOL,OVO",hg013,"Transport, scheepvaart en logistiek",sg044,Scheepvaart,23420,Zee- en zeevisvaart beperkt vaargebied,02,"Mobiliteit, transport, logistiek en maritiem"
25526,Junior stylist,4,middenkaderopleiding,"BBL,BOL,OVO",hg006,Handel en ondernemerschap,sg035,Mode en interieurindustrie,23279,Fashion,04,Handel
25527,Junior productmanager fashion,4,middenkaderopleiding,"BBL,BOL,OVO",hg006,Handel en ondernemerschap,sg035,Mode en interieurindustrie,23279,Fashion,04,Handel
25528,Leidinggevende team/afdeling/project,4,specialistenopleiding,"BBL,BOL,OVO",hg006,Handel en ondernemerschap,sg031,Management en ondernemerschap,23422,Leidinggeven op basis van vakmanschap,04,Handel
25529,Technisch leidinggevende,4,specialistenopleiding,"BBL,BOL,OVO",hg006,Handel en ondernemerschap,sg031,Management en ondernemerschap,23422,Leidinggeven op basis van vakmanschap,04,Handel
25530,Vakman-ondernemer,4,specialistenopleiding,"BBL,BOL,OVO",hg006,Handel en ondernemerschap,sg010,Detailhandel en groothandel,23398,Ondernemerschap op basis van een vakspecialisme,04,Handel
25531,Baggermeester,4,middenkaderopleiding,"BBL,BOL,OVO",hg013,"Transport, scheepvaart en logistiek",sg044,Scheepvaart,23278,Maritiem officier,02,"Mobiliteit, transport, logistiek en maritiem"
25532,Medewerker agrarisch loonwerk,2,basisberoepsopleiding,"BBL,BOL,OVO",hg016,"Voedsel, natuur en leefomgeving",sg055,"Voeding, teelt en verwerking",23395,"Groen, grond en groene infra",06,"Voedsel, groen en gastvrijheid"
25533,Vakexpert agrarisch loonwerk,4,middenkaderopleiding,"BBL,BOL,OVO",hg016,"Voedsel, natuur en leefomgeving",sg055,"Voeding, teelt en verwerking",23395,"Groen, grond en groene infra",06,"Voedsel, groen en gastvrijheid"
25534,Vakexpert teelt en groene technologie,4,middenkaderopleiding,"BBL,BOL,OVO",hg016,"Voedsel, natuur en leefomgeving",sg055,"Voeding, teelt en verwerking",23393,"Agro productie, handel en technologie",06,"Voedsel, groen en gastvrijheid"
25535,Vakexpert veehouderij,4,middenkaderopleiding,"BBL,BOL,OVO",hg016,"Voedsel, natuur en leefomgeving",sg055,"Voeding, teelt en verwerking",23393,"Agro productie, handel en technologie",06,"Voedsel, groen en gastvrijheid"
25536,Vakbekwaam medewerker teelt,3,vakopleiding,"BBL,BOL,OVO",hg016,"Voedsel, natuur en leefomgeving",sg055,"Voeding, teelt en verwerking",23393,"Agro productie, handel en technologie",06,"Voedsel, groen en gastvrijheid"
25537,Vakbekwaam medewerker veehouderij,3,vakopleiding,"BBL,BOL,OVO",hg016,"Voedsel, natuur en leefomgeving",sg055,"Voeding, teelt en verwerking",23393,"Agro productie, handel en technologie",06,"Voedsel, groen en gastvrijheid"
25538,Specialist vruchtbaarheid en voortplanting,4,specialistenopleiding,"BBL,BOL,OVO",hg016,"Voedsel, natuur en leefomgeving",sg011,Dier,23213,Dierlijke vruchtbaarheid en voortplanting,06,"Voedsel, groen en gastvrijheid"
25539,Bedrijfsleider dierverzorging,4,middenkaderopleiding,"BBL,BOL,OVO",hg016,"Voedsel, natuur en leefomgeving",sg011,Dier,23298,Dierverzorging,06,"Voedsel, groen en gastvrijheid"
25540,Dierenartsassistent paraveterinair,4,middenkaderopleiding,"BBL,BOL,OVO",hg016,"Voedsel, natuur en leefomgeving",sg011,Dier,23298,Dierverzorging,06,"Voedsel, groen en gastvrijheid"
25541,Vakbekwaam medewerker dierverzorging,3,vakopleiding,"BBL,BOL,OVO",hg016,"Voedsel, natuur en leefomgeving",sg011,Dier,23298,Dierverzorging,06,"Voedsel, groen en gastvrijheid"
25542,Allround dakdekker metaal,3,vakopleiding,"BBL,BOL,OVO",hg004,Bouw en infra,sg004,Bouwkunde,23352,Dakdekken,01,Techniek en gebouwde omgeving
25543,Monteur metalen daken en gevels,2,basisberoepsopleiding,"BBL,BOL,OVO",hg004,Bouw en infra,sg004,Bouwkunde,23352,Dakdekken,01,Techniek en gebouwde omgeving
25544,Klantmedewerker Bancaire Diensten,4,middenkaderopleiding,"BBL,BOL,OVO",hg005,Economie en administratie,sg059,Zakelijke dienstverlening,23296,Business Services,07,Zakelijke dienstverlening en veiligheid
25545,Klantmedewerker Inkomensverzekeringen,4,middenkaderopleiding,"BBL,BOL,OVO",hg005,Economie en administratie,sg059,Zakelijke dienstverlening,23296,Business Services,07,Zakelijke dienstverlening en veiligheid
25546,Klantmedewerker Schadeverzekeringen,4,middenkaderopleiding,"BBL,BOL,OVO",hg005,Economie en administratie,sg059,Zakelijke dienstverlening,23296,Business Services,07,Zakelijke dienstverlening en veiligheid
25547,Klantmedewerker Vermogen,4,middenkaderopleiding,"BBL,BOL,OVO",hg005,Economie en administratie,sg059,Zakelijke dienstverlening,23296,Business Services,07,Zakelijke dienstverlening en veiligheid
25548,Creatief Vakman,4,middenkaderopleiding,"BBL,BOL,OVO",hg003,"Ambacht, laboratorium en gezondheidstechniek",sg003,Ambachtelijke techniek,23217,Creatief Vakmanschap,08,Specialistisch vakmanschap
25549,Chauffeur wegvervoer,2,basisberoepsopleiding,"BBL,BOL,OVO",hg013,"Transport, scheepvaart en logistiek",sg057,Weg- en railtransport,23418,Goederenvervoer,02,"Mobiliteit, transport, logistiek en maritiem"
25550,Chauffeur openbaar vervoer,2,basisberoepsopleiding,"BBL,BOL,OVO",hg013,"Transport, scheepvaart en logistiek",sg057,Weg- en railtransport,23276,Personenvervoer,02,"Mobiliteit, transport, logistiek en maritiem"
25551,Touringcarchauffeur/reisleider,3,vakopleiding,"BBL,BOL,OVO",hg013,"Transport, scheepvaart en logistiek",sg057,Weg- en railtransport,23276,Personenvervoer,02,"Mobiliteit, transport, logistiek en maritiem"
25552,Taxichauffeur,2,basisberoepsopleiding,"BBL,BOL,OVO",hg013,"Transport, scheepvaart en logistiek",sg057,Weg- en railtransport,23276,Personenvervoer,02,"Mobiliteit, transport, logistiek en maritiem"
25553,Touringcarchauffeur,2,basisberoepsopleiding,"BBL,BOL,OVO",hg013,"Transport, scheepvaart en logistiek",sg057,Weg- en railtransport,23276,Personenvervoer,02,"Mobiliteit, transport, logistiek en maritiem"
25554,Machinist railvervoer,3,vakopleiding,"BBL,BOL,OVO",hg013,"Transport, scheepvaart en logistiek",sg057,Weg- en railtransport,23419,Railvervoer,02,"Mobiliteit, transport, logistiek en maritiem"
25555,Medewerker agrarisch loonwerk,2,basisberoepsopleiding,"BBL,BOL,OVO",hg016,"Voedsel, natuur en leefomgeving",sg055,"Voeding, teelt en verwerking",23395,"Groen, grond en groene infra",06,"Voedsel, groen en gastvrijheid"
25556,Vakexpert agrarisch loonwerk,4,middenkaderopleiding,"BBL,BOL,OVO",hg016,"Voedsel, natuur en leefomgeving",sg055,"Voeding, teelt en verwerking",23395,"Groen, grond en groene infra",06,"Voedsel, groen en gastvrijheid"
25557,Vakbekwaam medewerker agrarisch loonwerk,3,vakopleiding,"BBL,BOL,OVO",hg016,"Voedsel, natuur en leefomgeving",sg055,"Voeding, teelt en verwerking",23395,"Groen, grond en groene infra",06,"Voedsel, groen en gastvrijheid"
25558,Machinist hijswerk,3,vakopleiding,"BBL,BOL,OVO",hg004,Bouw en infra,sg024,Infrastructuur,23379,Machinisten,01,Techniek en gebouwde omgeving
25559,Airco/warmtepompmonteur,2,basisberoepsopleiding,"BBL,BOL,OVO",hg011,Techniek en procesindustrie,sg025,Installatietechniek,23427,Koude- en klimaatsystemen,01,Techniek en gebouwde omgeving
25560,Technicus maintenance koude- en klimaatsystemen,4,middenkaderopleiding,"BBL,BOL,OVO",hg011,Techniek en procesindustrie,sg025,Installatietechniek,23427,Koude- en klimaatsystemen,01,Techniek en gebouwde omgeving
25561,Eerste monteur koude- en klimaatsystemen,3,vakopleiding,"BBL,BOL,OVO",hg011,Techniek en procesindustrie,sg025,Installatietechniek,23427,Koude- en klimaatsystemen,01,Techniek en gebouwde omgeving
25562,Servicemonteur koude- en klimaatsystemen,3,vakopleiding,"BBL,BOL,OVO",hg011,Techniek en procesindustrie,sg025,Installatietechniek,23427,Koude- en klimaatsystemen,01,Techniek en gebouwde omgeving
25563,Monteur koude- en klimaatsystemen,2,basisberoepsopleiding,"BBL,BOL,OVO",hg011,Techniek en procesindustrie,sg025,Installatietechniek,23427,Koude- en klimaatsystemen,01,Techniek en gebouwde omgeving
25564,Bootman,3,vakopleiding,"BBL,BOL,OVO",hg013,"Transport, scheepvaart en logistiek",sg044,Scheepvaart,23390,Bootmannen,02,"Mobiliteit, transport, logistiek en maritiem"
25565,Systeemontwerper koude- en klimaatsystemen,4,middenkaderopleiding,"BBL,BOL,OVO",hg011,Techniek en procesindustrie,sg013,Elektrotechniek,23409,Engineering koude- en klimaatsystemen,01,Techniek en gebouwde omgeving
25566,Productieleider versindustrie,4,middenkaderopleiding,"BBL,BOL,OVO",hg016,"Voedsel, natuur en leefomgeving",sg053,Verse voeding,23226,Vers: leidinggeven & industrie,06,"Voedsel, groen en gastvrijheid"
25567,Allround medewerker versindustrie,3,vakopleiding,"BBL,BOL,OVO",hg016,"Voedsel, natuur en leefomgeving",sg053,Verse voeding,23227,Vers: vakmanschap & industrie,06,"Voedsel, groen en gastvrijheid"
25568,Medewerker versindustrie,2,basisberoepsopleiding,"BBL,BOL,OVO",hg016,"Voedsel, natuur en leefomgeving",sg053,Verse voeding,23227,Vers: vakmanschap & industrie,06,"Voedsel, groen en gastvrijheid"
25569,Vakexpert voeding en kwaliteit,4,middenkaderopleiding,"BBL,BOL,OVO",hg016,"Voedsel, natuur en leefomgeving",sg055,"Voeding, teelt en verwerking",23392,Voeding,06,"Voedsel, groen en gastvrijheid"
25570,Decoratiestukadoor,4,specialistenopleiding,"BBL,BOL,OVO",hg001,"Afbouw, hout en onderhoud",sg049,Stukadoren en afbouw,23229,Decoratiestukadoor,01,Techniek en gebouwde omgeving
25571,Baggermeester,4,middenkaderopleiding,"BBL,BOL,OVO",hg013,"Transport, scheepvaart en logistiek",sg044,Scheepvaart,23278,Maritiem officier,02,"Mobiliteit, transport, logistiek en maritiem"
25572,Constructie- en plaattechnoloog,4,middenkaderopleiding,"BBL,BOL,OVO",hg011,Techniek en procesindustrie,sg058,Werktuigbouwkunde,23361,Productietechniek,01,Techniek en gebouwde omgeving
25573,Office assistant,3,vakopleiding,"BBL,BOL,OVO",hg005,Economie en administratie,sg059,Zakelijke dienstverlening,23296,Business Services,07,Zakelijke dienstverlening en veiligheid
25574,Management assistant,4,middenkaderopleiding,"BBL,BOL,OVO",hg005,Economie en administratie,sg059,Zakelijke dienstverlening,23296,Business Services,07,Zakelijke dienstverlening en veiligheid
25575,Instructeur mbo,4,specialistenopleiding,"BBL,BOL,OVO",hg017,Zorg en welzijn,sg039,Pedagogisch werk,23232,Instructeur mbo,03,"Zorg, welzijn en sport"
25576,Bedrijfsleider dierverzorging,4,middenkaderopleiding,"BBL,BOL,OVO",hg016,"Voedsel, natuur en leefomgeving",sg011,Dier,23298,Dierverzorging,06,"Voedsel, groen en gastvrijheid"
25577,Dierenartsassistent paraveterinair,4,middenkaderopleiding,"BBL,BOL,OVO",hg016,"Voedsel, natuur en leefomgeving",sg011,Dier,23298,Dierverzorging,06,"Voedsel, groen en gastvrijheid"
25578,Proefdierverzorger,3,vakopleiding,"BBL,BOL,OVO",hg016,"Voedsel, natuur en leefomgeving",sg011,Dier,23298,Dierverzorging,06,"Voedsel, groen en gastvrijheid"
25579,Vakbekwaam medewerker dierverzorging,3,vakopleiding,"BBL,BOL,OVO",hg016,"Voedsel, natuur en leefomgeving",sg011,Dier,23298,Dierverzorging,06,"Voedsel, groen en gastvrijheid"
25580,Medewerker dierverzorging,2,basisberoepsopleiding,"BBL,BOL,OVO",hg016,"Voedsel, natuur en leefomgeving",sg011,Dier,23298,Dierverzorging,06,"Voedsel, groen en gastvrijheid"
25581,Onderzoeker leefomgeving,4,middenkaderopleiding,"BBL,BOL,OVO",hg016,"Voedsel, natuur en leefomgeving",sg036,Natuur en groene ruimte,23234,Advies en onderzoek leefomgeving,06,"Voedsel, groen en gastvrijheid"
25582,Adviseur leefomgeving,4,middenkaderopleiding,"BBL,BOL,OVO",hg016,"Voedsel, natuur en leefomgeving",sg036,Natuur en groene ruimte,23234,Advies en onderzoek leefomgeving,06,"Voedsel, groen en gastvrijheid"
25583,Montagemedewerker houttechniek,2,basisberoepsopleiding,"BBL,BOL,OVO",hg001,"Afbouw, hout en onderhoud",sg022,Hout en meubel,23235,Industrieel produceren met hout,01,Techniek en gebouwde omgeving
25584,Machineoperator houttechniek,2,basisberoepsopleiding,"BBL,BOL,OVO",hg001,"Afbouw, hout en onderhoud",sg022,Hout en meubel,23235,Industrieel produceren met hout,01,Techniek en gebouwde omgeving
25585,Allround montagemedewerker houttechniek,3,vakopleiding,"BBL,BOL,OVO",hg001,"Afbouw, hout en onderhoud",sg022,Hout en meubel,23235,Industrieel produceren met hout,01,Techniek en gebouwde omgeving
25586,Allround machineoperator houttechniek,3,vakopleiding,"BBL,BOL,OVO",hg001,"Afbouw, hout en onderhoud",sg022,Hout en meubel,23235,Industrieel produceren met hout,01,Techniek en gebouwde omgeving
25587,Werkvoorbereider houttechniek,4,specialistenopleiding,"BBL,BOL,OVO",hg001,"Afbouw, hout en onderhoud",sg022,Hout en meubel,23235,Industrieel produceren met hout,01,Techniek en gebouwde omgeving
25588,Gezel schilder,3,vakopleiding,"BBL,BOL,OVO",hg001,"Afbouw, hout en onderhoud",sg045,Schilderen en onderhoud,23236,Schilderen,01,Techniek en gebouwde omgeving
25589,Schilder,2,basisberoepsopleiding,"BBL,BOL,OVO",hg001,"Afbouw, hout en onderhoud",sg045,Schilderen en onderhoud,23236,Schilderen,01,Techniek en gebouwde omgeving
25590,Technicus water,4,middenkaderopleiding,"BBL,BOL,OVO",hg011,Techniek en procesindustrie,sg025,Installatietechniek,23410,Infratechniek (kader),01,Techniek en gebouwde omgeving
25591,Mediamaker,2,basisberoepsopleiding,"BBL,BOL,OVO",hg009,Media en vormgeving,sg032,Mediatechniek,23237,Mediamaken,05,Ict en creatieve industrie
25592,Allround mediamaker,3,vakopleiding,"BBL,BOL,OVO",hg009,Media en vormgeving,sg032,Mediatechniek,23237,Mediamaken,05,Ict en creatieve industrie
25593,Assemblagetechnicus,2,basisberoepsopleiding,"BBL,BOL,OVO",hg011,Techniek en procesindustrie,sg058,Werktuigbouwkunde,23361,Productietechniek,02,"Mobiliteit, transport, logistiek en maritiem"
25594,Eerste Carrosseriebouwer,3,vakopleiding,"BBL,BOL,OVO",hg011,Techniek en procesindustrie,sg058,Werktuigbouwkunde,23361,Productietechniek,02,"Mobiliteit, transport, logistiek en maritiem"
25595,Carrosseriebouwer,2,basisberoepsopleiding,"BBL,BOL,OVO",hg011,Techniek en procesindustrie,sg058,Werktuigbouwkunde,23361,Productietechniek,02,"Mobiliteit, transport, logistiek en maritiem"
25596,Medewerker maritieme techniek,2,basisberoepsopleiding,"BBL,BOL,OVO",hg013,"Transport, scheepvaart en logistiek",sg044,Scheepvaart,23239,Maritieme techniek,02,"Mobiliteit, transport, logistiek en maritiem"
25597,Allround medewerker maritieme techniek,3,vakopleiding,"BBL,BOL,OVO",hg013,"Transport, scheepvaart en logistiek",sg044,Scheepvaart,23239,Maritieme techniek,02,"Mobiliteit, transport, logistiek en maritiem"
25598,Engineer maritieme techniek,4,middenkaderopleiding,"BBL,BOL,OVO",hg013,"Transport, scheepvaart en logistiek",sg044,Scheepvaart,23239,Maritieme techniek,02,"Mobiliteit, transport, logistiek en maritiem"
25599,Aankomend medewerker grondoptreden,2,basisberoepsopleiding,"BBL,BOL,OVO",hg015,Veiligheid en sport,sg009,Defensie,23240,Veiligheid en vakmanschap,07,Zakelijke dienstverlening en veiligheid
25600,Aankomend onderofficier grondoptreden,3,vakopleiding,"BBL,BOL,OVO",hg015,Veiligheid en sport,sg009,Defensie,23240,Veiligheid en vakmanschap,07,Zakelijke dienstverlening en veiligheid
25601,Aankomend medewerker maritiem,2,basisberoepsopleiding,"BBL,BOL,OVO",hg015,Veiligheid en sport,sg009,Defensie,23240,Veiligheid en vakmanschap,07,Zakelijke dienstverlening en veiligheid
25602,Aankomend onderofficier maritiem,3,vakopleiding,"BBL,BOL,OVO",hg015,Veiligheid en sport,sg009,Defensie,23240,Veiligheid en vakmanschap,07,Zakelijke dienstverlening en veiligheid
25603,Pedagogisch medewerker kinderopvang,3,vakopleiding,"BBL,BOL,OVO",hg017,Zorg en welzijn,sg039,Pedagogisch werk,23285,Pedagogisch werk,03,"Zorg, welzijn en sport"
25604,Software developer,4,middenkaderopleiding,"BBL,BOL,OVO",hg008,Informatie en communicatietechnologie,sg023,ICT en media,23399,Software development,05,Ict en creatieve industrie
25605,Allround medewerker IT systems and devices,3,vakopleiding,"BBL,BOL,OVO",hg008,Informatie en communicatietechnologie,sg023,ICT en media,23405,ICT support and systems,05,Ict en creatieve industrie
25606,Expert IT systems and devices,4,middenkaderopleiding,"BBL,BOL,OVO",hg008,Informatie en communicatietechnologie,sg023,ICT en media,23405,ICT support and systems,05,Ict en creatieve industrie
25607,Medewerker ICT support,2,basisberoepsopleiding,"BBL,BOL,OVO",hg008,Informatie en communicatietechnologie,sg026,Kantoorautomatisering,23400,ICT support,05,Ict en creatieve industrie
25608,Facilitair leidinggevende,4,middenkaderopleiding,"BBL,BOL,OVO",hg007,Horeca en bakkerij,sg015,Facilitaire dienstverlening,23247,Facilitaire dienstverlening,06,"Voedsel, groen en gastvrijheid"
25609,Allround medewerker facilitaire dienstverlening,3,vakopleiding,"BBL,BOL,OVO",hg007,Horeca en bakkerij,sg015,Facilitaire dienstverlening,23247,Facilitaire dienstverlening,06,"Voedsel, groen en gastvrijheid"
25610,Matroos binnenvaart,2,basisberoepsopleiding,"BBL,BOL,OVO",hg013,"Transport, scheepvaart en logistiek",sg044,Scheepvaart,23389,Binnenvaart,02,"Mobiliteit, transport, logistiek en maritiem"
25611,Schipper binnenvaart,3,vakopleiding,"BBL,BOL,OVO",hg013,"Transport, scheepvaart en logistiek",sg044,Scheepvaart,23389,Binnenvaart,02,"Mobiliteit, transport, logistiek en maritiem"
25612,Kapitein binnenvaart,4,middenkaderopleiding,"BBL,BOL,OVO",hg013,"Transport, scheepvaart en logistiek",sg044,Scheepvaart,23389,Binnenvaart,02,"Mobiliteit, transport, logistiek en maritiem"
25613,Machinist railvervoer,3,vakopleiding,"BBL,BOL,OVO",hg013,"Transport, scheepvaart en logistiek",sg057,Weg- en railtransport,23419,Railvervoer,02,"Mobiliteit, transport, logistiek en maritiem"
25614,Boulanger,4,specialistenopleiding,"BBL,BOL,OVO",hg007,Horeca en bakkerij,sg005,Brood en banket,23250,Boulangerie,06,"Voedsel, groen en gastvrijheid"
25615,Sociaal werker,4,middenkaderopleiding,"BBL,BOL,OVO",hg017,Zorg en welzijn,sg030,Maatschappelijke zorg,23384,Sociaal werk,03,"Zorg, welzijn en sport"
25616,Medewerker groen en cultuurtechniek,2,basisberoepsopleiding,"BBL,BOL,OVO",hg016,"Voedsel, natuur en leefomgeving",sg055,"Voeding, teelt en verwerking",23395,"Groen, grond en groene infra",06,"Voedsel, groen en gastvrijheid"
25617,Opzichter/uitvoerder groene ruimte,4,middenkaderopleiding,"BBL,BOL,OVO",hg016,"Voedsel, natuur en leefomgeving",sg055,"Voeding, teelt en verwerking",23394,Groene ruimte,06,"Voedsel, groen en gastvrijheid"
25618,Vakbekwaam hovenier,3,vakopleiding,"BBL,BOL,OVO",hg016,"Voedsel, natuur en leefomgeving",sg055,"Voeding, teelt en verwerking",23394,Groene ruimte,06,"Voedsel, groen en gastvrijheid"
25619,Vakbekwaam medewerker groen en cultuurtechniek,3,vakopleiding,"BBL,BOL,OVO",hg016,"Voedsel, natuur en leefomgeving",sg055,"Voeding, teelt en verwerking",23395,"Groen, grond en groene infra",06,"Voedsel, groen en gastvrijheid"
25620,"Vakbekwaam medewerker natuur, water en recreatie",3,vakopleiding,"BBL,BOL,OVO",hg016,"Voedsel, natuur en leefomgeving",sg055,"Voeding, teelt en verwerking",23394,Groene ruimte,06,"Voedsel, groen en gastvrijheid"
25621,Medewerker hovenier,2,basisberoepsopleiding,"BBL,BOL,OVO",hg016,"Voedsel, natuur en leefomgeving",sg055,"Voeding, teelt en verwerking",23394,Groene ruimte,06,"Voedsel, groen en gastvrijheid"
25622,"Medewerker natuur, water en recreatie",2,basisberoepsopleiding,"BBL,BOL,OVO",hg016,"Voedsel, natuur en leefomgeving",sg055,"Voeding, teelt en verwerking",23394,Groene ruimte,06,"Voedsel, groen en gastvrijheid"
25623,Verspaner,2,basisberoepsopleiding,"BBL,BOL,OVO",hg011,Techniek en procesindustrie,sg058,Werktuigbouwkunde,23361,Productietechniek,01,Techniek en gebouwde omgeving
25624,Allround precisieverspaner,3,vakopleiding,"BBL,BOL,OVO",hg011,Techniek en procesindustrie,sg058,Werktuigbouwkunde,23361,Productietechniek,01,Techniek en gebouwde omgeving
25625,Instrumentmaker,3,vakopleiding,"BBL,BOL,OVO",hg011,Techniek en procesindustrie,sg058,Werktuigbouwkunde,23361,Productietechniek,01,Techniek en gebouwde omgeving
25626,Researchinstrumentmaker,4,middenkaderopleiding,"BBL,BOL,OVO",hg011,Techniek en procesindustrie,sg058,Werktuigbouwkunde,23361,Productietechniek,01,Techniek en gebouwde omgeving
25627,Verspaningstechnoloog,4,middenkaderopleiding,"BBL,BOL,OVO",hg011,Techniek en procesindustrie,sg058,Werktuigbouwkunde,23361,Productietechniek,01,Techniek en gebouwde omgeving
25629,Medewerker steriele medische hulpmiddelen,3,vakopleiding,"BBL,BOL,OVO",hg003,"Ambacht, laboratorium en gezondheidstechniek",sg017,Gezondheidstechniek,23412,Medewerkers steriele medische hulpmiddelen,08,Specialistisch vakmanschap
25630,Allround Medewerker Optiek,3,vakopleiding,"BBL,BOL,OVO",hg003,"Ambacht, laboratorium en gezondheidstechniek",sg017,Gezondheidstechniek,23413,Optiek,08,Specialistisch vakmanschap
25631,Opticien,4,middenkaderopleiding,"BBL,BOL,OVO",hg003,"Ambacht, laboratorium en gezondheidstechniek",sg017,Gezondheidstechniek,23413,Optiek,08,Specialistisch vakmanschap
25632,Verkoopmedewerker Optiek,2,basisberoepsopleiding,"BBL,BOL,OVO",hg003,"Ambacht, laboratorium en gezondheidstechniek",sg017,Gezondheidstechniek,23413,Optiek,08,Specialistisch vakmanschap
25633,Mediavormgever,4,middenkaderopleiding,"BBL,BOL,OVO",hg009,Media en vormgeving,sg033,Mediavormgeving,23257,Mediavormgeving,05,Ict en creatieve industrie
25634,Signspecialist,4,middenkaderopleiding,"BBL,BOL,OVO",hg009,Media en vormgeving,sg043,Ruimtelijke vormgeving,23402,Signmaking,05,Ict en creatieve industrie
25635,Bootman,3,vakopleiding,"BBL,BOL,OVO",hg013,"Transport, scheepvaart en logistiek",sg044,Scheepvaart,23390,Bootmannen,02,"Mobiliteit, transport, logistiek en maritiem"
25636,Luchtvaartdienstverlener,4,middenkaderopleiding,"BBL,BOL,OVO",hg013,"Transport, scheepvaart en logistiek",sg029,Luchtvaart,23416,Dienstverlening in de luchtvaart,02,"Mobiliteit, transport, logistiek en maritiem"
25637,Stuurman-scheepswerktuigkundige vissersschepen SW5,3,vakopleiding,"BBL,BOL,OVO",hg013,"Transport, scheepvaart en logistiek",sg044,Scheepvaart,23278,Maritiem officier,02,"Mobiliteit, transport, logistiek en maritiem"
25638,Stuurman alle vissersschepen S4,4,middenkaderopleiding,"BBL,BOL,OVO",hg013,"Transport, scheepvaart en logistiek",sg044,Scheepvaart,23278,Maritiem officier,02,"Mobiliteit, transport, logistiek en maritiem"
25639,Werktuigkundige alle vissersschepen W4,4,middenkaderopleiding,"BBL,BOL,OVO",hg013,"Transport, scheepvaart en logistiek",sg044,Scheepvaart,23278,Maritiem officier,02,"Mobiliteit, transport, logistiek en maritiem"
25640,Stuurman-werktuigkundige zeevisvaart SW6,2,basisberoepsopleiding,"BBL,BOL,OVO",hg013,"Transport, scheepvaart en logistiek",sg044,Scheepvaart,23420,Zee- en zeevisvaart beperkt vaargebied,02,"Mobiliteit, transport, logistiek en maritiem"
25641,Kapper,2,basisberoepsopleiding,"BBL,BOL,OVO",hg014,Uiterlijke verzorging,sg019,Haarverzorging,23263,Haarverzorging,06,"Voedsel, groen en gastvrijheid"
25642,Haarstylist dame,3,vakopleiding,"BBL,BOL,OVO",hg014,Uiterlijke verzorging,sg019,Haarverzorging,23263,Haarverzorging,06,"Voedsel, groen en gastvrijheid"
25643,Haarstylist heer,3,vakopleiding,"BBL,BOL,OVO",hg014,Uiterlijke verzorging,sg019,Haarverzorging,23263,Haarverzorging,06,"Voedsel, groen en gastvrijheid"
25644,Salonmanager dame,4,middenkaderopleiding,"BBL,BOL,OVO",hg014,Uiterlijke verzorging,sg019,Haarverzorging,23263,Haarverzorging,06,"Voedsel, groen en gastvrijheid"
25645,Salonmanager heer,4,middenkaderopleiding,"BBL,BOL,OVO",hg014,Uiterlijke verzorging,sg019,Haarverzorging,23263,Haarverzorging,06,"Voedsel, groen en gastvrijheid"
25646,Leidinggevende leisure & hospitality,4,middenkaderopleiding,"BBL,BOL,OVO",hg012,Toerisme en recreatie,sg051,Toerisme,23264,"Travel, leisure & hospitality",06,"Voedsel, groen en gastvrijheid"
25647,Leidinggevende travel & hospitality,4,middenkaderopleiding,"BBL,BOL,OVO",hg012,Toerisme en recreatie,sg051,Toerisme,23264,"Travel, leisure & hospitality",06,"Voedsel, groen en gastvrijheid"
25648,Zelfstandig medewerker leisure & hospitality,3,vakopleiding,"BBL,BOL,OVO",hg012,Toerisme en recreatie,sg051,Toerisme,23264,"Travel, leisure & hospitality",06,"Voedsel, groen en gastvrijheid"
25649,Zelfstandig medewerker travel & hospitality,3,vakopleiding,"BBL,BOL,OVO",hg012,Toerisme en recreatie,sg051,Toerisme,23264,"Travel, leisure & hospitality",06,"Voedsel, groen en gastvrijheid"
25650,Apothekersassistent,4,middenkaderopleiding,"BBL,BOL,OVO",hg017,Zorg en welzijn,sg016,Gezondheidsondersteuning,23265,Apothekersassistent,03,"Zorg, welzijn en sport"
25651,Acteur,4,middenkaderopleiding,"BBL,BOL,OVO",hg017,Zorg en welzijn,sg008,Cultureel werk,23266,Artiesten,05,Ict en creatieve industrie
25652,Danser,4,middenkaderopleiding,"BBL,BOL,OVO",hg017,Zorg en welzijn,sg008,Cultureel werk,23266,Artiesten,05,Ict en creatieve industrie
25653,Musicalperformer,4,middenkaderopleiding,"BBL,BOL,OVO",hg017,Zorg en welzijn,sg008,Cultureel werk,23266,Artiesten,05,Ict en creatieve industrie
25654,Muzikant,4,middenkaderopleiding,"BBL,BOL,OVO",hg017,Zorg en welzijn,sg008,Cultureel werk,23266,Artiesten,05,Ict en creatieve industrie
25655,Mbo-Verpleegkundige,4,middenkaderopleiding,"BBL,BOL,OVO",hg017,Zorg en welzijn,sg052,Verpleging en verzorging,23267,Mbo-Verpleegkundige,03,"Zorg, welzijn en sport"
25656,verzorgende-IG,3,vakopleiding,"BBL,BOL,OVO",hg017,Zorg en welzijn,sg052,Verpleging en verzorging,23268,verzorgende-IG,03,"Zorg, welzijn en sport"
25657,"Assistent plant, dier of (groene) leefomgeving",1,entreeopleiding,"BBL,BOL,OVO",hg002,Entree,sg061,Entree,23301,Entree,09,Entree
25659,Interieurvakman woningstofferen,2,basisberoepsopleiding,"BBL,BOL,OVO",hg001,"Afbouw, hout en onderhoud",sg022,Hout en meubel,23269,Interieurvakmanschap,04,Handel
25660,Interieurvakman parketvloeren,2,basisberoepsopleiding,"BBL,BOL,OVO",hg001,"Afbouw, hout en onderhoud",sg022,Hout en meubel,23269,Interieurvakmanschap,04,Handel
25661,Allround interieurvakman woningstofferen,3,vakopleiding,"BBL,BOL,OVO",hg001,"Afbouw, hout en onderhoud",sg022,Hout en meubel,23269,Interieurvakmanschap,04,Handel
25662,Allround interieurvakman parketvloeren,3,vakopleiding,"BBL,BOL,OVO",hg001,"Afbouw, hout en onderhoud",sg022,Hout en meubel,23269,Interieurvakmanschap,04,Handel
25663,Pianotechnicus,4,middenkaderopleiding,"BBL,BOL,OVO",hg003,"Ambacht, laboratorium en gezondheidstechniek",sg003,Ambachtelijke techniek,23270,Pianotechniek,08,Specialistisch vakmanschap
25664,Tandtechnicus kroon- en brugwerk,4,middenkaderopleiding,"BBL,BOL,OVO",hg003,"Ambacht, laboratorium en gezondheidstechniek",sg017,Gezondheidstechniek,23271,Tandtechniek,08,Specialistisch vakmanschap
25665,Tandtechnicus prothese,4,middenkaderopleiding,"BBL,BOL,OVO",hg003,"Ambacht, laboratorium en gezondheidstechniek",sg017,Gezondheidstechniek,23271,Tandtechniek,08,Specialistisch vakmanschap
25666,Tandtechnisch medewerker basistechnieken,3,vakopleiding,"BBL,BOL,OVO",hg003,"Ambacht, laboratorium en gezondheidstechniek",sg017,Gezondheidstechniek,23271,Tandtechniek,08,Specialistisch vakmanschap
25667,Technisch oogheelkundig assistent,4,middenkaderopleiding,"BBL,BOL,OVO",hg003,"Ambacht, laboratorium en gezondheidstechniek",sg017,Gezondheidstechniek,23272,Technisch oogheelkundig assistenten,08,Specialistisch vakmanschap
25668,Basis technicus voertuigen en mobiele werktuigen,2,basisberoepsopleiding,"BBL,BOL,OVO",hg010,Mobiliteit en voertuigen,sg034,Mobiliteitstechniek,23273,Voertuigen en mobiele werktuigen,02,"Mobiliteit, transport, logistiek en maritiem"
25669,Allround technicus voertuigen en mobiele werktuigen,3,vakopleiding,"BBL,BOL,OVO",hg010,Mobiliteit en voertuigen,sg034,Mobiliteitstechniek,23273,Voertuigen en mobiele werktuigen,02,"Mobiliteit, transport, logistiek en maritiem"
25670,Technisch specialist voertuigen en mobiele werktuigen,4,middenkaderopleiding,"BBL,BOL,OVO",hg010,Mobiliteit en voertuigen,sg034,Mobiliteitstechniek,23274,Specialist voertuigen en mobiele werktuigen,02,"Mobiliteit, transport, logistiek en maritiem"
25671,Chauffeur wegvervoer,2,basisberoepsopleiding,"BBL,BOL,OVO",hg013,"Transport, scheepvaart en logistiek",sg057,Weg- en railtransport,23418,Goederenvervoer,02,"Mobiliteit, transport, logistiek en maritiem"
25672,Chauffeur openbaar vervoer,2,basisberoepsopleiding,"BBL,BOL,OVO",hg013,"Transport, scheepvaart en logistiek",sg057,Weg- en railtransport,23276,Personenvervoer,02,"Mobiliteit, transport, logistiek en maritiem"
25673,Touringcarchauffeur/reisleider,3,vakopleiding,"BBL,BOL,OVO",hg013,"Transport, scheepvaart en logistiek",sg057,Weg- en railtransport,23276,Personenvervoer,02,"Mobiliteit, transport, logistiek en maritiem"
25674,Taxichauffeur,2,basisberoepsopleiding,"BBL,BOL,OVO",hg013,"Transport, scheepvaart en logistiek",sg057,Weg- en railtransport,23276,Personenvervoer,02,"Mobiliteit, transport, logistiek en maritiem"
25675,Touringcarchauffeur,2,basisberoepsopleiding,"BBL,BOL,OVO",hg013,"Transport, scheepvaart en logistiek",sg057,Weg- en railtransport,23276,Personenvervoer,02,"Mobiliteit, transport, logistiek en maritiem"
25676,Schipper rondvaartboot beperkt vaargebied,2,basisberoepsopleiding,"BBL,BOL,OVO",hg013,"Transport, scheepvaart en logistiek",sg044,Scheepvaart,23277,Rondvaartboot,02,"Mobiliteit, transport, logistiek en maritiem"
25677,"Maritiem officier kleine schepen nautisch, koopvaardij",3,vakopleiding,"BBL,BOL,OVO",hg013,"Transport, scheepvaart en logistiek",sg044,Scheepvaart,23278,Maritiem officier,02,"Mobiliteit, transport, logistiek en maritiem"
25678,"Maritiem officier kleine schepen nautisch,visserij",3,vakopleiding,"BBL,BOL,OVO",hg013,"Transport, scheepvaart en logistiek",sg044,Scheepvaart,23278,Maritiem officier,02,"Mobiliteit, transport, logistiek en maritiem"
25679,Maritiem officier kleine schepen technisch,3,vakopleiding,"BBL,BOL,OVO",hg013,"Transport, scheepvaart en logistiek",sg044,Scheepvaart,23278,Maritiem officier,02,"Mobiliteit, transport, logistiek en maritiem"
25680,"Maritiem officier alle schepen nautisch, koopvaardij",4,middenkaderopleiding,"BBL,BOL,OVO",hg013,"Transport, scheepvaart en logistiek",sg044,Scheepvaart,23278,Maritiem officier,02,"Mobiliteit, transport, logistiek en maritiem"
25681,"Maritiem officier alle schepen nautisch, waterbouw",4,middenkaderopleiding,"BBL,BOL,OVO",hg013,"Transport, scheepvaart en logistiek",sg044,Scheepvaart,23278,Maritiem officier,02,"Mobiliteit, transport, logistiek en maritiem"
25682,"Maritiem officier alle schepen nautisch, visserij",4,middenkaderopleiding,"BBL,BOL,OVO",hg013,"Transport, scheepvaart en logistiek",sg044,Scheepvaart,23278,Maritiem officier,02,"Mobiliteit, transport, logistiek en maritiem"
25683,Maritiem officier alle schepen technisch,4,middenkaderopleiding,"BBL,BOL,OVO",hg013,"Transport, scheepvaart en logistiek",sg044,Scheepvaart,23278,Maritiem officier,02,"Mobiliteit, transport, logistiek en maritiem"
25684,Assistant Fashion Tailor,3,vakopleiding,"BBL,BOL,OVO",hg006,Handel en ondernemerschap,sg035,Mode en interieurindustrie,23279,Fashion,04,Handel
25685,Fashion Retailer,3,vakopleiding,"BBL,BOL,OVO",hg006,Handel en ondernemerschap,sg035,Mode en interieurindustrie,23279,Fashion,04,Handel
25686,Fashion Tailor,4,middenkaderopleiding,"BBL,BOL,OVO",hg006,Handel en ondernemerschap,sg035,Mode en interieurindustrie,23279,Fashion,04,Handel
25687,Fashion Designer,4,middenkaderopleiding,"BBL,BOL,OVO",hg006,Handel en ondernemerschap,sg035,Mode en interieurindustrie,23279,Fashion,04,Handel
25688,Fashion Product Coordinator,4,middenkaderopleiding,"BBL,BOL,OVO",hg006,Handel en ondernemerschap,sg035,Mode en interieurindustrie,23279,Fashion,04,Handel
25689,Basismedewerker fashion,2,basisberoepsopleiding,"BBL,BOL,OVO",hg006,Handel en ondernemerschap,sg035,Mode en interieurindustrie,23280,Fashionatelier,04,Handel
25690,Beveiliger 2,2,basisberoepsopleiding,"BBL,BOL,OVO",hg015,Veiligheid en sport,sg038,Particuliere veiligheid,23281,Particuliere beveiliging,07,Zakelijke dienstverlening en veiligheid
25691,Beveiliger 3,3,vakopleiding,"BBL,BOL,OVO",hg015,Veiligheid en sport,sg038,Particuliere veiligheid,23281,Particuliere beveiliging,07,Zakelijke dienstverlening en veiligheid
25692,Allround make-up and hair artist,4,middenkaderopleiding,"BBL,BOL,OVO",hg014,Uiterlijke verzorging,sg062,Make-up Art,23282,Make-up Art,05,Ict en creatieve industrie
25693,Medisch Pedicure,4,middenkaderopleiding,"BBL,BOL,OVO",hg014,Uiterlijke verzorging,sg056,Voetverzorging,23283,Voetzorg,03,"Zorg, welzijn en sport"
25694,Pedicure,3,vakopleiding,"BBL,BOL,OVO",hg014,Uiterlijke verzorging,sg056,Voetverzorging,23283,Voetzorg,03,"Zorg, welzijn en sport"
25695,Doktersassistent,4,middenkaderopleiding,"BBL,BOL,OVO",hg017,Zorg en welzijn,sg016,Gezondheidsondersteuning,23284,Doktersassistent,03,"Zorg, welzijn en sport"
25696,Pedagogisch medewerker kinderopvang,3,vakopleiding,"BBL,BOL,OVO",hg017,Zorg en welzijn,sg039,Pedagogisch werk,23285,Pedagogisch werk,03,"Zorg, welzijn en sport"
25697,Gespecialiseerd pedagogisch medewerker,4,middenkaderopleiding,"BBL,BOL,OVO",hg017,Zorg en welzijn,sg039,Pedagogisch werk,23285,Pedagogisch werk,03,"Zorg, welzijn en sport"
25698,Onderwijsassistent,4,middenkaderopleiding,"BBL,BOL,OVO",hg017,Zorg en welzijn,sg039,Pedagogisch werk,23285,Pedagogisch werk,03,"Zorg, welzijn en sport"
25699,Tandartsassistent,4,middenkaderopleiding,"BBL,BOL,OVO",hg017,Zorg en welzijn,sg016,Gezondheidsondersteuning,23286,Tandartsassistent,03,"Zorg, welzijn en sport"
25700,Ondernemer vers,4,middenkaderopleiding,"BBL,BOL,OVO",hg016,"Voedsel, natuur en leefomgeving",sg053,Verse voeding,23287,Vers: leidinggeven & ambacht,06,"Voedsel, groen en gastvrijheid"
25701,Medewerker vers,2,basisberoepsopleiding,"BBL,BOL,OVO",hg016,"Voedsel, natuur en leefomgeving",sg053,Verse voeding,23288,Vers: vakmanschap & ambacht,06,"Voedsel, groen en gastvrijheid"
25702,Traiteur vers,3,vakopleiding,"BBL,BOL,OVO",hg016,"Voedsel, natuur en leefomgeving",sg053,Verse voeding,23288,Vers: vakmanschap & ambacht,06,"Voedsel, groen en gastvrijheid"
25703,Vakbekwaam medewerker vers,3,vakopleiding,"BBL,BOL,OVO",hg016,"Voedsel, natuur en leefomgeving",sg053,Verse voeding,23288,Vers: vakmanschap & ambacht,06,"Voedsel, groen en gastvrijheid"
25704,"Bedrijfsleider/ondernemer bloem, groen en styling",4,middenkaderopleiding,"BBL,BOL,OVO",hg016,"Voedsel, natuur en leefomgeving",sg055,"Voeding, teelt en verwerking",23289,"Bloem, groen en styling",06,"Voedsel, groen en gastvrijheid"
25705,"Vakexpert bloem, groen en styling",4,middenkaderopleiding,"BBL,BOL,OVO",hg016,"Voedsel, natuur en leefomgeving",sg055,"Voeding, teelt en verwerking",23289,"Bloem, groen en styling",06,"Voedsel, groen en gastvrijheid"
25706,"Vakbekwaam medewerker bloem, groen en styling",3,vakopleiding,"BBL,BOL,OVO",hg016,"Voedsel, natuur en leefomgeving",sg055,"Voeding, teelt en verwerking",23289,"Bloem, groen en styling",06,"Voedsel, groen en gastvrijheid"
25707,"Medewerker bloem, groen en styling",2,basisberoepsopleiding,"BBL,BOL,OVO",hg016,"Voedsel, natuur en leefomgeving",sg055,"Voeding, teelt en verwerking",23289,"Bloem, groen en styling",06,"Voedsel, groen en gastvrijheid"
25708,Boomverzorger,3,vakopleiding,"BBL,BOL,OVO",hg016,"Voedsel, natuur en leefomgeving",sg036,Natuur en groene ruimte,23290,Boomverzorging,06,"Voedsel, groen en gastvrijheid"
25709,Bedrijfsleider paardensport en -houderij,4,middenkaderopleiding,"BBL,BOL,OVO",hg016,"Voedsel, natuur en leefomgeving",sg011,Dier,23369,Paardensport en -houderij,06,"Voedsel, groen en gastvrijheid"
25710,Instructeur paardensport en -houderij,4,middenkaderopleiding,"BBL,BOL,OVO",hg016,"Voedsel, natuur en leefomgeving",sg011,Dier,23369,Paardensport en -houderij,06,"Voedsel, groen en gastvrijheid"
25711,Vakbekwaam medewerker paardensport en -houderij,3,vakopleiding,"BBL,BOL,OVO",hg016,"Voedsel, natuur en leefomgeving",sg011,Dier,23369,Paardensport en -houderij,06,"Voedsel, groen en gastvrijheid"
25712,Adviseur mobiliteitsbranche,3,vakopleiding,"BBL,BOL,OVO",hg010,Mobiliteit en voertuigen,sg034,Mobiliteitstechniek,23292,(After)sales in de mobiliteitsbranche,02,"Mobiliteit, transport, logistiek en maritiem"
25713,Manager mobiliteitsbranche,4,middenkaderopleiding,"BBL,BOL,OVO",hg010,Mobiliteit en voertuigen,sg034,Mobiliteitstechniek,23292,(After)sales in de mobiliteitsbranche,02,"Mobiliteit, transport, logistiek en maritiem"
25714,Autospuiter,2,basisberoepsopleiding,"BBL,BOL,OVO",hg010,Mobiliteit en voertuigen,sg006,Carrosserietechniek,23293,Autospuiten,02,"Mobiliteit, transport, logistiek en maritiem"
25715,Eerste Autospuiter,3,vakopleiding,"BBL,BOL,OVO",hg010,Mobiliteit en voertuigen,sg006,Carrosserietechniek,23293,Autospuiten,02,"Mobiliteit, transport, logistiek en maritiem"
25716,Allround medewerker AV-productie,3,vakopleiding,"BBL,BOL,OVO",hg009,Media en vormgeving,sg032,Mediatechniek,23294,AV-productie,05,Ict en creatieve industrie
25717,AV-specialist,4,middenkaderopleiding,"BBL,BOL,OVO",hg009,Media en vormgeving,sg032,Mediatechniek,23294,AV-productie,05,Ict en creatieve industrie
25718,Fotograaf,4,middenkaderopleiding,"BBL,BOL,OVO",hg009,Media en vormgeving,sg032,Mediatechniek,23294,AV-productie,05,Ict en creatieve industrie
25719,Medewerker fotografie,2,basisberoepsopleiding,"BBL,BOL,OVO",hg009,Media en vormgeving,sg032,Mediatechniek,23294,AV-productie,05,Ict en creatieve industrie
25720,Leidinggevende bakkerij,4,middenkaderopleiding,"BBL,BOL,OVO",hg007,Horeca en bakkerij,sg005,Brood en banket,23295,Brood en banket,06,"Voedsel, groen en gastvrijheid"
25721,Uitvoerend bakker,2,basisberoepsopleiding,"BBL,BOL,OVO",hg007,Horeca en bakkerij,sg005,Brood en banket,23295,Brood en banket,06,"Voedsel, groen en gastvrijheid"
25722,Zelfstandig werkend bakker,3,vakopleiding,"BBL,BOL,OVO",hg007,Horeca en bakkerij,sg005,Brood en banket,23295,Brood en banket,06,"Voedsel, groen en gastvrijheid"
25723,Allround Assistant Business Services,3,vakopleiding,"BBL,BOL,OVO",hg005,Economie en administratie,sg059,Zakelijke dienstverlening,23296,Business Services,07,Zakelijke dienstverlening en veiligheid
25724,Assistant Business Services,2,basisberoepsopleiding,"BBL,BOL,OVO",hg005,Economie en administratie,sg059,Zakelijke dienstverlening,23296,Business Services,07,Zakelijke dienstverlening en veiligheid
25725,Business Administration & Control Specialist,4,middenkaderopleiding,"BBL,BOL,OVO",hg005,Economie en administratie,sg059,Zakelijke dienstverlening,23296,Business Services,07,Zakelijke dienstverlening en veiligheid
25726,"Legal, Insurance & HR Services Specialist",4,middenkaderopleiding,"BBL,BOL,OVO",hg005,Economie en administratie,sg059,Zakelijke dienstverlening,23296,Business Services,07,Zakelijke dienstverlening en veiligheid
25727,Marketing & Communication Specialist,4,middenkaderopleiding,"BBL,BOL,OVO",hg005,Economie en administratie,sg059,Zakelijke dienstverlening,23296,Business Services,07,Zakelijke dienstverlening en veiligheid
25728,Office & Management Support Specialist,4,middenkaderopleiding,"BBL,BOL,OVO",hg005,Economie en administratie,sg059,Zakelijke dienstverlening,23296,Business Services,07,Zakelijke dienstverlening en veiligheid
25730,Bedrijfsleider dierverzorging,4,middenkaderopleiding,"BBL,BOL,OVO",hg016,"Voedsel, natuur en leefomgeving",sg011,Dier,23298,Dierverzorging,06,"Voedsel, groen en gastvrijheid"
25731,Dierenartsassistent paraveterinair,4,middenkaderopleiding,"BBL,BOL,OVO",hg016,"Voedsel, natuur en leefomgeving",sg011,Dier,23298,Dierverzorging,06,"Voedsel, groen en gastvrijheid"
25732,Medewerker dierverzorging,2,basisberoepsopleiding,"BBL,BOL,OVO",hg016,"Voedsel, natuur en leefomgeving",sg011,Dier,23298,Dierverzorging,06,"Voedsel, groen en gastvrijheid"
25733,Proefdierverzorger,3,vakopleiding,"BBL,BOL,OVO",hg016,"Voedsel, natuur en leefomgeving",sg011,Dier,23298,Dierverzorging,06,"Voedsel, groen en gastvrijheid"
25734,Zelfstandig medewerker dierverzorging,3,vakopleiding,"BBL,BOL,OVO",hg016,"Voedsel, natuur en leefomgeving",sg011,Dier,23298,Dierverzorging,06,"Voedsel, groen en gastvrijheid"
25735,Eerste monteur elektrotechnische industriële installaties en systemen,3,vakopleiding,"BBL,BOL,OVO",hg011,Techniek en procesindustrie,sg013,Elektrotechniek,23299,Elektrotechnische installaties,01,Techniek en gebouwde omgeving
25736,Eerste monteur elektrotechnische installaties in de gebouwde omgeving,3,vakopleiding,"BBL,BOL,OVO",hg011,Techniek en procesindustrie,sg013,Elektrotechniek,23299,Elektrotechnische installaties,01,Techniek en gebouwde omgeving
25737,Monteur elektrotechnische installaties,2,basisberoepsopleiding,"BBL,BOL,OVO",hg011,Techniek en procesindustrie,sg013,Elektrotechniek,23299,Elektrotechnische installaties,01,Techniek en gebouwde omgeving
25738,Technicus elektrotechnische industriële systemen en installaties,4,middenkaderopleiding,"BBL,BOL,OVO",hg011,Techniek en procesindustrie,sg013,Elektrotechniek,23300,Elektrotechnische systemen en installaties,01,Techniek en gebouwde omgeving
25739,Technicus elektrotechnische installaties in de gebouwde omgeving,4,middenkaderopleiding,"BBL,BOL,OVO",hg011,Techniek en procesindustrie,sg013,Elektrotechniek,23300,Elektrotechnische systemen en installaties,01,Techniek en gebouwde omgeving
25740,"Assistent bouwen, wonen en onderhoud",1,entreeopleiding,"BBL,BOL,OVO",hg002,Entree,sg061,Entree,23301,Entree,09,Entree
25741,Assistent dienstverlening,1,entreeopleiding,"BBL,BOL,OVO",hg002,Entree,sg061,Entree,23301,Entree,09,Entree
25742,"Assistent horeca, voeding of voedingsindustrie",1,entreeopleiding,"BBL,BOL,OVO",hg002,Entree,sg061,Entree,23301,Entree,09,Entree
25743,Assistent logistiek,1,entreeopleiding,"BBL,BOL,OVO",hg002,Entree,sg061,Entree,23301,Entree,09,Entree
25744,"Assistent metaal-, elektro- en installatietechniek",1,entreeopleiding,"BBL,BOL,OVO",hg002,Entree,sg061,Entree,23301,Entree,09,Entree
25745,Assistent mobiliteitsbranche,1,entreeopleiding,"BBL,BOL,OVO",hg002,Entree,sg061,Entree,23301,Entree,09,Entree
25746,"Assistent plant, dier of groene omgeving",1,entreeopleiding,"BBL,BOL,OVO",hg002,Entree,sg061,Entree,23301,Entree,09,Entree
25747,Assistent procestechniek,1,entreeopleiding,"BBL,BOL,OVO",hg002,Entree,sg061,Entree,23301,Entree,09,Entree
25748,Assistent verkoop/retail,1,entreeopleiding,"BBL,BOL,OVO",hg002,Entree,sg061,Entree,23301,Entree,09,Entree
25749,Medewerker evenementenorganisatie,4,middenkaderopleiding,"BBL,BOL,OVO",hg005,Economie en administratie,sg059,Zakelijke dienstverlening,23302,Evenementenorganisatie,07,Zakelijke dienstverlening en veiligheid
25750,Allround vakman gww,3,vakopleiding,"BBL,BOL,OVO",hg004,Bouw en infra,sg004,Bouwkunde,23303,"Grond-, water- en wegenbouw",01,Techniek en gebouwde omgeving
25751,Allround waterbouwer,3,vakopleiding,"BBL,BOL,OVO",hg004,Bouw en infra,sg004,Bouwkunde,23303,"Grond-, water- en wegenbouw",01,Techniek en gebouwde omgeving
25752,Asfaltafwerker,2,basisberoepsopleiding,"BBL,BOL,OVO",hg004,Bouw en infra,sg004,Bouwkunde,23303,"Grond-, water- en wegenbouw",01,Techniek en gebouwde omgeving
25753,Balkman,3,vakopleiding,"BBL,BOL,OVO",hg004,Bouw en infra,sg004,Bouwkunde,23303,"Grond-, water- en wegenbouw",01,Techniek en gebouwde omgeving
25754,Opperman bestratingen,2,basisberoepsopleiding,"BBL,BOL,OVO",hg004,Bouw en infra,sg004,Bouwkunde,23303,"Grond-, water- en wegenbouw",01,Techniek en gebouwde omgeving
25755,Straatmaker,3,vakopleiding,"BBL,BOL,OVO",hg004,Bouw en infra,sg004,Bouwkunde,23303,"Grond-, water- en wegenbouw",01,Techniek en gebouwde omgeving
25756,Vakman gww,2,basisberoepsopleiding,"BBL,BOL,OVO",hg004,Bouw en infra,sg004,Bouwkunde,23303,"Grond-, water- en wegenbouw",01,Techniek en gebouwde omgeving
25757,Waterbouwer,2,basisberoepsopleiding,"BBL,BOL,OVO",hg004,Bouw en infra,sg004,Bouwkunde,23303,"Grond-, water- en wegenbouw",01,Techniek en gebouwde omgeving
25759,Mechanisch operator A,2,basisberoepsopleiding,"BBL,BOL,OVO",hg011,Techniek en procesindustrie,sg040,Procestechniek,23305,Industriële processen,01,Techniek en gebouwde omgeving
25760,Mechanisch operator B,3,vakopleiding,"BBL,BOL,OVO",hg011,Techniek en procesindustrie,sg040,Procestechniek,23305,Industriële processen,01,Techniek en gebouwde omgeving
25761,Procesoperator A,2,basisberoepsopleiding,"BBL,BOL,OVO",hg011,Techniek en procesindustrie,sg040,Procestechniek,23305,Industriële processen,01,Techniek en gebouwde omgeving
25762,Procesoperator B,3,vakopleiding,"BBL,BOL,OVO",hg011,Techniek en procesindustrie,sg040,Procestechniek,23305,Industriële processen,01,Techniek en gebouwde omgeving
25763,Eerste monteur datadistributie,3,vakopleiding,"BBL,BOL,OVO",hg011,Techniek en procesindustrie,sg025,Installatietechniek,23404,Infratechniek,01,Techniek en gebouwde omgeving
25764,"Eerste monteur gas-, water- of warmtedistributie",3,vakopleiding,"BBL,BOL,OVO",hg011,Techniek en procesindustrie,sg025,Installatietechniek,23404,Infratechniek,01,Techniek en gebouwde omgeving
25765,Eerste monteur laagspanningsdistributie,3,vakopleiding,"BBL,BOL,OVO",hg011,Techniek en procesindustrie,sg025,Installatietechniek,23404,Infratechniek,01,Techniek en gebouwde omgeving
25766,Eerste monteur middenspanningsdistributie,3,vakopleiding,"BBL,BOL,OVO",hg011,Techniek en procesindustrie,sg025,Installatietechniek,23404,Infratechniek,01,Techniek en gebouwde omgeving
25767,Monteur datadistributie,2,basisberoepsopleiding,"BBL,BOL,OVO",hg011,Techniek en procesindustrie,sg025,Installatietechniek,23404,Infratechniek,01,Techniek en gebouwde omgeving
25768,"Monteur gas-, water- of warmtedistributie",2,basisberoepsopleiding,"BBL,BOL,OVO",hg011,Techniek en procesindustrie,sg025,Installatietechniek,23404,Infratechniek,01,Techniek en gebouwde omgeving
25769,Monteur laagspanningsdistributie,2,basisberoepsopleiding,"BBL,BOL,OVO",hg011,Techniek en procesindustrie,sg025,Installatietechniek,23404,Infratechniek,01,Techniek en gebouwde omgeving
25770,Monteur middenspanningsdistributie,2,basisberoepsopleiding,"BBL,BOL,OVO",hg011,Techniek en procesindustrie,sg025,Installatietechniek,23404,Infratechniek,01,Techniek en gebouwde omgeving
25771,Interieuradviseur,4,middenkaderopleiding,"BBL,BOL,OVO",hg006,Handel en ondernemerschap,sg010,Detailhandel en groothandel,23307,Interieuradvies,04,Handel
25772,Vastgoedadviseur,4,middenkaderopleiding,"BBL,BOL,OVO",hg001,"Afbouw, hout en onderhoud",sg045,Schilderen en onderhoud,23378,Kaderfunctie afbouw en onderhoud,01,Techniek en gebouwde omgeving
25773,Uitvoerder,4,middenkaderopleiding,"BBL,BOL,OVO",hg001,"Afbouw, hout en onderhoud",sg045,Schilderen en onderhoud,23378,Kaderfunctie afbouw en onderhoud,01,Techniek en gebouwde omgeving
25774,Logistiek medewerker,2,basisberoepsopleiding,"BBL,BOL,OVO",hg013,"Transport, scheepvaart en logistiek",sg028,Logistiek,23309,Logistiek,02,"Mobiliteit, transport, logistiek en maritiem"
25775,Logistiek teamleider,3,vakopleiding,"BBL,BOL,OVO",hg013,"Transport, scheepvaart en logistiek",sg028,Logistiek,23309,Logistiek,02,"Mobiliteit, transport, logistiek en maritiem"
25776,Logistiek supervisor,4,middenkaderopleiding,"BBL,BOL,OVO",hg013,"Transport, scheepvaart en logistiek",sg028,Logistiek,23310,Management transport en logistiek,02,"Mobiliteit, transport, logistiek en maritiem"
25777,Specialist transport en logistiek,4,middenkaderopleiding,"BBL,BOL,OVO",hg013,"Transport, scheepvaart en logistiek",sg028,Logistiek,23310,Management transport en logistiek,02,"Mobiliteit, transport, logistiek en maritiem"
25778,Air cargo specialist,4,middenkaderopleiding,"BBL,BOL,OVO",hg013,"Transport, scheepvaart en logistiek",sg029,Luchtvaart,23311,Luchtvracht,02,"Mobiliteit, transport, logistiek en maritiem"
25779,Persoonlijk begeleider maatschappelijke zorg,4,middenkaderopleiding,"BBL,BOL,OVO",hg017,Zorg en welzijn,sg030,Maatschappelijke zorg,23312,Maatschappelijke Zorg,03,"Zorg, welzijn en sport"
25780,Begeleider maatschappelijke zorg,3,vakopleiding,"BBL,BOL,OVO",hg017,Zorg en welzijn,sg030,Maatschappelijke zorg,23312,Maatschappelijke Zorg,03,"Zorg, welzijn en sport"
25785,Allround Metselaar,3,vakopleiding,"BBL,BOL,OVO",hg004,Bouw en infra,sg004,Bouwkunde,23313,Metselen,01,Techniek en gebouwde omgeving
25786,Metselaar,2,basisberoepsopleiding,"BBL,BOL,OVO",hg004,Bouw en infra,sg004,Bouwkunde,23313,Metselen,01,Techniek en gebouwde omgeving
25791,Allround vakkracht onderhoud- en klussenbedrijf,3,vakopleiding,"BBL,BOL,OVO",hg001,"Afbouw, hout en onderhoud",sg049,Stukadoren en afbouw,23315,Onderhoud- en verbouwbedrijf,01,Techniek en gebouwde omgeving
25792,Servicemedewerker gebouwen,2,basisberoepsopleiding,"BBL,BOL,OVO",hg001,"Afbouw, hout en onderhoud",sg049,Stukadoren en afbouw,23315,Onderhoud- en verbouwbedrijf,01,Techniek en gebouwde omgeving
25793,Aviation operations specialist,4,middenkaderopleiding,"BBL,BOL,OVO",hg013,"Transport, scheepvaart en logistiek",sg029,Luchtvaart,23316,Operationele processen op de luchthaven,02,"Mobiliteit, transport, logistiek en maritiem"
25797,Patissier,4,specialistenopleiding,"BBL,BOL,OVO",hg007,Horeca en bakkerij,sg005,Brood en banket,23318,Patisserie,06,"Voedsel, groen en gastvrijheid"
25798,Allround podium- en evenemententechnicus,4,middenkaderopleiding,"BBL,BOL,OVO",hg009,Media en vormgeving,sg014,Evenemententechniek,23319,Podium- en evenemententechniek,05,Ict en creatieve industrie
25799,Medewerker podium- en evenemententechniek,2,basisberoepsopleiding,"BBL,BOL,OVO",hg009,Media en vormgeving,sg014,Evenemententechniek,23319,Podium- en evenemententechniek,05,Ict en creatieve industrie
25800,Podium- en evenemententechnicus,3,vakopleiding,"BBL,BOL,OVO",hg009,Media en vormgeving,sg014,Evenemententechniek,23319,Podium- en evenemententechniek,05,Ict en creatieve industrie
25801,Praktijkopleider,4,specialistenopleiding,"BBL,BOL,OVO",hg017,Zorg en welzijn,sg039,Pedagogisch werk,23320,Praktijkopleider,03,"Zorg, welzijn en sport"
25802,Operator C,4,middenkaderopleiding,"BBL,BOL,OVO",hg011,Techniek en procesindustrie,sg040,Procestechniek,23321,Procestechniek,01,Techniek en gebouwde omgeving
25803,Handhaver toezicht en veiligheid Generieke opsporing (domein VI),3,vakopleiding,"BBL,BOL,OVO",hg015,Veiligheid en sport,sg041,Publieke veiligheid,23322,Publieke veiligheid,07,Zakelijke dienstverlening en veiligheid
25804,"Handhaver toezicht en veiligheid Milieu, welzijn en infrastructuur (domein II)",3,vakopleiding,"BBL,BOL,OVO",hg015,Veiligheid en sport,sg041,Publieke veiligheid,23322,Publieke veiligheid,07,Zakelijke dienstverlening en veiligheid
25805,Handhaver toezicht en veiligheid Openbaar vervoer (domein IV),3,vakopleiding,"BBL,BOL,OVO",hg015,Veiligheid en sport,sg041,Publieke veiligheid,23322,Publieke veiligheid,07,Zakelijke dienstverlening en veiligheid
25806,Handhaver toezicht en veiligheid Openbare ruimte (domein I),3,vakopleiding,"BBL,BOL,OVO",hg015,Veiligheid en sport,sg041,Publieke veiligheid,23322,Publieke veiligheid,07,Zakelijke dienstverlening en veiligheid
25807,Retailmanager,4,middenkaderopleiding,"BBL,BOL,OVO",hg006,Handel en ondernemerschap,sg031,Management en ondernemerschap,23323,Retail Management,04,Handel
25808,Retailmedewerker,2,basisberoepsopleiding,"BBL,BOL,OVO",hg006,Handel en ondernemerschap,sg010,Detailhandel en groothandel,23324,Retail operationeel,04,Handel
25809,Retailspecialist,3,vakopleiding,"BBL,BOL,OVO",hg006,Handel en ondernemerschap,sg010,Detailhandel en groothandel,23325,Retail advies,04,Handel
25810,Medewerker productpresentatie,2,basisberoepsopleiding,"BBL,BOL,OVO",hg009,Media en vormgeving,sg043,Ruimtelijke vormgeving,23326,Ruimtelijke vormgeving,05,Ict en creatieve industrie
25811,Ruimtelijk vormgever,4,middenkaderopleiding,"BBL,BOL,OVO",hg009,Media en vormgeving,sg043,Ruimtelijke vormgeving,23326,Ruimtelijke vormgeving,05,Ict en creatieve industrie
25821,Eerste monteur service en onderhoud werktuigkundige installaties,3,vakopleiding,"BBL,BOL,OVO",hg011,Techniek en procesindustrie,sg025,Installatietechniek,23329,Service- en onderhoudstechniek,01,Techniek en gebouwde omgeving
25825,Technicus service en onderhoud werktuigkundige installaties,4,middenkaderopleiding,"BBL,BOL,OVO",hg011,Techniek en procesindustrie,sg025,Installatietechniek,23329,Service- en onderhoudstechniek,01,Techniek en gebouwde omgeving
25826,Allround tegelzetter,3,vakopleiding,"BBL,BOL,OVO",hg004,Bouw en infra,sg004,Bouwkunde,23330,Tegelzetten,01,Techniek en gebouwde omgeving
25827,Tegelzetter,2,basisberoepsopleiding,"BBL,BOL,OVO",hg004,Bouw en infra,sg004,Bouwkunde,23330,Tegelzetten,01,Techniek en gebouwde omgeving
25828,Allround timmerman,3,vakopleiding,"BBL,BOL,OVO",hg004,Bouw en infra,sg004,Bouwkunde,23331,Timmeren,01,Techniek en gebouwde omgeving
25829,Timmerman,2,basisberoepsopleiding,"BBL,BOL,OVO",hg004,Bouw en infra,sg004,Bouwkunde,23331,Timmeren,01,Techniek en gebouwde omgeving
25830,Eerste verbrandingsmotortechnicus,3,vakopleiding,"BBL,BOL,OVO",hg010,Mobiliteit en voertuigen,sg034,Mobiliteitstechniek,23332,Verbrandingsmotortechniek,02,"Mobiliteit, transport, logistiek en maritiem"
25831,Technisch specialist verbrandingsmotoren,4,middenkaderopleiding,"BBL,BOL,OVO",hg010,Mobiliteit en voertuigen,sg034,Mobiliteitstechniek,23332,Verbrandingsmotortechniek,02,"Mobiliteit, transport, logistiek en maritiem"
25832,Verbrandingsmotortechnicus,2,basisberoepsopleiding,"BBL,BOL,OVO",hg010,Mobiliteit en voertuigen,sg034,Mobiliteitstechniek,23332,Verbrandingsmotortechniek,02,"Mobiliteit, transport, logistiek en maritiem"
25834,Eerste monteur utiliteit,3,vakopleiding,"BBL,BOL,OVO",hg011,Techniek en procesindustrie,sg058,Werktuigbouwkunde,23333,Werktuigkundige installaties (montage),01,Techniek en gebouwde omgeving
25835,Eerste monteur woning,3,vakopleiding,"BBL,BOL,OVO",hg011,Techniek en procesindustrie,sg058,Werktuigbouwkunde,23333,Werktuigkundige installaties (montage),01,Techniek en gebouwde omgeving
25836,Middenkaderfunctionaris smart building,4,middenkaderopleiding,"BBL,BOL,OVO",hg004,Bouw en infra,sg004,Bouwkunde,23370,Smart building,01,Techniek en gebouwde omgeving
25837,Middenkaderfunctionaris smart industry,4,middenkaderopleiding,"BBL,BOL,OVO",hg011,Techniek en procesindustrie,sg013,Elektrotechniek,23371,Middenkader engineering,01,Techniek en gebouwde omgeving
25838,Persoonlijk begeleider zorgboerderij,4,middenkaderopleiding,"BBL,BOL,OVO",hg016,"Voedsel, natuur en leefomgeving",sg055,"Voeding, teelt en verwerking",23406,Zorgboerderij,06,"Voedsel, groen en gastvrijheid"
25839,Technicus hout en restauratie,3,vakopleiding,"BBL,BOL,OVO",hg004,Bouw en infra,sg004,Bouwkunde,23381,Hout en restauratie,01,Techniek en gebouwde omgeving
25840,Allround keukenmonteur,3,vakopleiding,"BBL,BOL,OVO",hg001,"Afbouw, hout en onderhoud",sg022,Hout en meubel,23382,Keukenmontage,01,Techniek en gebouwde omgeving
25841,"Vakexpert geo, data en design",4,middenkaderopleiding,"BBL,BOL,OVO",hg016,"Voedsel, natuur en leefomgeving",sg036,Natuur en groene ruimte,23383,"Geo, data & design",06,"Voedsel, groen en gastvrijheid"
25842,Leidinggevende international hospitality,4,middenkaderopleiding,"BBL,BOL,OVO",hg012,Toerisme en recreatie,sg051,Toerisme,23264,"Travel, leisure & hospitality",06,"Voedsel, groen en gastvrijheid"
25843,Allround hospitality medewerker,3,vakopleiding,"BBL,BOL,OVO",hg012,Toerisme en recreatie,sg051,Toerisme,23264,"Travel, leisure & hospitality",06,"Voedsel, groen en gastvrijheid"
25844,Allround coördinator instructeur buitensport,4,middenkaderopleiding,"BBL,BOL,OVO",hg016,"Voedsel, natuur en leefomgeving",sg055,"Voeding, teelt en verwerking",23394,Groene ruimte,06,"Voedsel, groen en gastvrijheid"
25845,Adviseur duurzame leefomgeving,4,middenkaderopleiding,"BBL,BOL,OVO",hg016,"Voedsel, natuur en leefomgeving",sg036,Natuur en groene ruimte,23397,Duurzaamheid,06,"Voedsel, groen en gastvrijheid"
25846,Werkbegeleider zorgbedrijf-dierhouderij,3,vakopleiding,"BBL,BOL,OVO",hg016,"Voedsel, natuur en leefomgeving",sg055,"Voeding, teelt en verwerking",23406,Zorgboerderij,06,"Voedsel, groen en gastvrijheid"
25847,Allround instructeur buitensport,3,vakopleiding,"BBL,BOL,OVO",hg016,"Voedsel, natuur en leefomgeving",sg055,"Voeding, teelt en verwerking",23394,Groene ruimte,06,"Voedsel, groen en gastvrijheid"
25848,Voeding- en leefstijladviseur,4,middenkaderopleiding,"BBL,BOL,OVO",hg016,"Voedsel, natuur en leefomgeving",sg055,"Voeding, teelt en verwerking",23396,Voeding- en leefstijladvies,06,"Voedsel, groen en gastvrijheid"
25854,Meubelstoffeerder,2,basisberoepsopleiding,"BBL,BOL,OVO",hg001,"Afbouw, hout en onderhoud",sg022,Hout en meubel,23348,Meubels stofferen,01,Techniek en gebouwde omgeving
25855,Allround meubelstoffeerder,3,vakopleiding,"BBL,BOL,OVO",hg001,"Afbouw, hout en onderhoud",sg022,Hout en meubel,23348,Meubels stofferen,01,Techniek en gebouwde omgeving
25856,Basisgoudsmid,3,vakopleiding,"BBL,BOL,OVO",hg003,"Ambacht, laboratorium en gezondheidstechniek",sg003,Ambachtelijke techniek,23349,Goud- en Zilversmeden,08,Specialistisch vakmanschap
25857,Goudsmid,4,middenkaderopleiding,"BBL,BOL,OVO",hg003,"Ambacht, laboratorium en gezondheidstechniek",sg003,Ambachtelijke techniek,23349,Goud- en Zilversmeden,08,Specialistisch vakmanschap
25858,Zilversmid,4,middenkaderopleiding,"BBL,BOL,OVO",hg003,"Ambacht, laboratorium en gezondheidstechniek",sg003,Ambachtelijke techniek,23349,Goud- en Zilversmeden,08,Specialistisch vakmanschap
25859,Orthopedisch schoentechnisch medewerker,3,vakopleiding,"BBL,BOL,OVO",hg003,"Ambacht, laboratorium en gezondheidstechniek",sg017,Gezondheidstechniek,23350,Orthopedische schoentechniek,08,Specialistisch vakmanschap
25860,Orthopedisch schoentechnisch specialist,4,middenkaderopleiding,"BBL,BOL,OVO",hg003,"Ambacht, laboratorium en gezondheidstechniek",sg017,Gezondheidstechniek,23350,Orthopedische schoentechniek,08,Specialistisch vakmanschap
25861,Orthopedisch technisch medewerker,3,vakopleiding,"BBL,BOL,OVO",hg003,"Ambacht, laboratorium en gezondheidstechniek",sg017,Gezondheidstechniek,23351,Orthopedische techniek,08,Specialistisch vakmanschap
25862,Orthopedisch technisch specialist,4,middenkaderopleiding,"BBL,BOL,OVO",hg003,"Ambacht, laboratorium en gezondheidstechniek",sg017,Gezondheidstechniek,23351,Orthopedische techniek,08,Specialistisch vakmanschap
25863,Dakdekker pannen/leien,2,basisberoepsopleiding,"BBL,BOL,OVO",hg004,Bouw en infra,sg004,Bouwkunde,23352,Dakdekken,01,Techniek en gebouwde omgeving
25864,Dakdekker bitumen en kunststof,2,basisberoepsopleiding,"BBL,BOL,OVO",hg004,Bouw en infra,sg004,Bouwkunde,23352,Dakdekken,01,Techniek en gebouwde omgeving
25865,Dakdekker riet,2,basisberoepsopleiding,"BBL,BOL,OVO",hg004,Bouw en infra,sg004,Bouwkunde,23352,Dakdekken,01,Techniek en gebouwde omgeving
25866,Monteur metalen daken en gevels,2,basisberoepsopleiding,"BBL,BOL,OVO",hg004,Bouw en infra,sg004,Bouwkunde,23352,Dakdekken,01,Techniek en gebouwde omgeving
25867,Allround dakdekker pannen/leien,3,vakopleiding,"BBL,BOL,OVO",hg004,Bouw en infra,sg004,Bouwkunde,23352,Dakdekken,01,Techniek en gebouwde omgeving
25868,Allround dakdekker bitumen en kunststof,3,vakopleiding,"BBL,BOL,OVO",hg004,Bouw en infra,sg004,Bouwkunde,23352,Dakdekken,01,Techniek en gebouwde omgeving
25869,Allround dakdekker metaal,3,vakopleiding,"BBL,BOL,OVO",hg004,Bouw en infra,sg004,Bouwkunde,23352,Dakdekken,01,Techniek en gebouwde omgeving
25870,Middenkaderfunctionaris bouw,4,middenkaderopleiding,"BBL,BOL,OVO",hg004,Bouw en infra,sg004,Bouwkunde,23353,Middenkader bouw en infra,01,Techniek en gebouwde omgeving
25871,"Middenkaderfunctionaris grond-, weg- en waterbouw",4,middenkaderopleiding,"BBL,BOL,OVO",hg004,Bouw en infra,sg004,Bouwkunde,23353,Middenkader bouw en infra,01,Techniek en gebouwde omgeving
25872,Middenkaderfunctionaris landmeetkunde,4,middenkaderopleiding,"BBL,BOL,OVO",hg004,Bouw en infra,sg004,Bouwkunde,23353,Middenkader bouw en infra,01,Techniek en gebouwde omgeving
25873,Middenkaderfunctionaris verkeer en stedenbouw,4,middenkaderopleiding,"BBL,BOL,OVO",hg004,Bouw en infra,sg004,Bouwkunde,23353,Middenkader bouw en infra,01,Techniek en gebouwde omgeving
25874,Commercieel medewerker,3,vakopleiding,"BBL,BOL,OVO",hg005,Economie en administratie,sg059,Zakelijke dienstverlening,23354,Commercie,04,Handel
25875,Consulent commerciële arbeidsbemiddeling,4,middenkaderopleiding,"BBL,BOL,OVO",hg005,Economie en administratie,sg059,Zakelijke dienstverlening,23354,Commercie,04,Handel
25876,E-commerce specialist,4,middenkaderopleiding,"BBL,BOL,OVO",hg005,Economie en administratie,sg059,Zakelijke dienstverlening,23354,Commercie,04,Handel
25877,Junior accountmanager,4,middenkaderopleiding,"BBL,BOL,OVO",hg005,Economie en administratie,sg059,Zakelijke dienstverlening,23354,Commercie,04,Handel
25878,Junior manager groothandel,4,middenkaderopleiding,"BBL,BOL,OVO",hg005,Economie en administratie,sg059,Zakelijke dienstverlening,23354,Commercie,04,Handel
25879,Junior manager internationale handel,4,middenkaderopleiding,"BBL,BOL,OVO",hg005,Economie en administratie,sg059,Zakelijke dienstverlening,23354,Commercie,04,Handel
25880,Ondernemer handel,4,middenkaderopleiding,"BBL,BOL,OVO",hg006,Handel en ondernemerschap,sg031,Management en ondernemerschap,23355,Ondernemerschap handel,04,Handel
25881,Mediamanager,4,middenkaderopleiding,"BBL,BOL,OVO",hg009,Media en vormgeving,sg033,Mediavormgeving,23356,Mediamanagement,05,Ict en creatieve industrie
25882,Mediaredactiemedewerker,4,middenkaderopleiding,"BBL,BOL,OVO",hg009,Media en vormgeving,sg032,Mediatechniek,23357,Mediaredactie,05,Ict en creatieve industrie
25883,Autoschadehersteller,2,basisberoepsopleiding,"BBL,BOL,OVO",hg010,Mobiliteit en voertuigen,sg006,Carrosserietechniek,23358,Autoschadehersteltechniek,02,"Mobiliteit, transport, logistiek en maritiem"
25884,Eerste autoschadehersteller,3,vakopleiding,"BBL,BOL,OVO",hg010,Mobiliteit en voertuigen,sg006,Carrosserietechniek,23358,Autoschadehersteltechniek,02,"Mobiliteit, transport, logistiek en maritiem"
25885,Technisch specialist autoschadeherstel,4,middenkaderopleiding,"BBL,BOL,OVO",hg010,Mobiliteit en voertuigen,sg006,Carrosserietechniek,23358,Autoschadehersteltechniek,02,"Mobiliteit, transport, logistiek en maritiem"
25886,Airco/warmtepompmonteur,2,basisberoepsopleiding,"BBL,BOL,OVO",hg011,Techniek en procesindustrie,sg025,Installatietechniek,23427,Koude- en klimaatsystemen,01,Techniek en gebouwde omgeving
25887,Monteur koude- en klimaatsystemen,2,basisberoepsopleiding,"BBL,BOL,OVO",hg011,Techniek en procesindustrie,sg025,Installatietechniek,23427,Koude- en klimaatsystemen,01,Techniek en gebouwde omgeving
25888,Servicemonteur koude- en klimaatsystemen,3,vakopleiding,"BBL,BOL,OVO",hg011,Techniek en procesindustrie,sg025,Installatietechniek,23427,Koude- en klimaatsystemen,01,Techniek en gebouwde omgeving
25889,Eerste monteur koude- en klimaatsystemen,3,vakopleiding,"BBL,BOL,OVO",hg011,Techniek en procesindustrie,sg025,Installatietechniek,23427,Koude- en klimaatsystemen,01,Techniek en gebouwde omgeving
25890,Technicus industriële koude- en klimaatsystemen,4,middenkaderopleiding,"BBL,BOL,OVO",hg011,Techniek en procesindustrie,sg025,Installatietechniek,23427,Koude- en klimaatsystemen,01,Techniek en gebouwde omgeving
25891,Monteur mechatronica,2,basisberoepsopleiding,"BBL,BOL,OVO",hg011,Techniek en procesindustrie,sg058,Werktuigbouwkunde,23360,Mechatronica,01,Techniek en gebouwde omgeving
25892,Eerste monteur mechatronica,3,vakopleiding,"BBL,BOL,OVO",hg011,Techniek en procesindustrie,sg058,Werktuigbouwkunde,23360,Mechatronica,01,Techniek en gebouwde omgeving
25893,Technicus mechatronica,4,middenkaderopleiding,"BBL,BOL,OVO",hg011,Techniek en procesindustrie,sg058,Werktuigbouwkunde,23360,Mechatronica,01,Techniek en gebouwde omgeving
25894,Medewerker productietechniek,2,basisberoepsopleiding,"BBL,BOL,OVO",hg011,Techniek en procesindustrie,sg058,Werktuigbouwkunde,23361,Productietechniek,01,Techniek en gebouwde omgeving
25895,Allround medewerker productietechniek,3,vakopleiding,"BBL,BOL,OVO",hg011,Techniek en procesindustrie,sg058,Werktuigbouwkunde,23361,Productietechniek,01,Techniek en gebouwde omgeving
25896,Productietechnicus,4,middenkaderopleiding,"BBL,BOL,OVO",hg011,Techniek en procesindustrie,sg058,Werktuigbouwkunde,23361,Productietechniek,01,Techniek en gebouwde omgeving
25897,Researchinstrumentmaker,4,middenkaderopleiding,"BBL,BOL,OVO",hg011,Techniek en procesindustrie,sg058,Werktuigbouwkunde,23361,Productietechniek,01,Techniek en gebouwde omgeving
25898,Technicus engineering,4,middenkaderopleiding,"BBL,BOL,OVO",hg011,Techniek en procesindustrie,sg013,Elektrotechniek,23371,Middenkader engineering,01,Techniek en gebouwde omgeving
25899,Commercieel technicus engineering,4,middenkaderopleiding,"BBL,BOL,OVO",hg011,Techniek en procesindustrie,sg013,Elektrotechniek,23371,Middenkader engineering,01,Techniek en gebouwde omgeving
25900,Medewerker Havenoperaties,2,basisberoepsopleiding,"BBL,BOL,OVO",hg013,"Transport, scheepvaart en logistiek",sg044,Scheepvaart,23363,Havenoperaties,02,"Mobiliteit, transport, logistiek en maritiem"
25901,Gevorderd medewerker Havenoperaties,3,vakopleiding,"BBL,BOL,OVO",hg013,"Transport, scheepvaart en logistiek",sg044,Scheepvaart,23363,Havenoperaties,02,"Mobiliteit, transport, logistiek en maritiem"
25902,Coördinator Havenoperaties,4,middenkaderopleiding,"BBL,BOL,OVO",hg013,"Transport, scheepvaart en logistiek",sg044,Scheepvaart,23363,Havenoperaties,02,"Mobiliteit, transport, logistiek en maritiem"
25903,Medewerker internationale havenlogistiek,2,basisberoepsopleiding,"BBL,BOL,OVO",hg013,"Transport, scheepvaart en logistiek",sg044,Scheepvaart,23364,Havenlogistiek,02,"Mobiliteit, transport, logistiek en maritiem"
25904,Coördinator internationale havenlogistiek,3,vakopleiding,"BBL,BOL,OVO",hg013,"Transport, scheepvaart en logistiek",sg044,Scheepvaart,23364,Havenlogistiek,02,"Mobiliteit, transport, logistiek en maritiem"
25905,Specialist internationale havenlogistiek,4,middenkaderopleiding,"BBL,BOL,OVO",hg013,"Transport, scheepvaart en logistiek",sg044,Scheepvaart,23364,Havenlogistiek,02,"Mobiliteit, transport, logistiek en maritiem"
25906,Schoonheidspecialist,3,vakopleiding,"BBL,BOL,OVO",hg014,Uiterlijke verzorging,sg046,Schoonheidsverzorging,23365,Schoonheidsverzorging,03,"Zorg, welzijn en sport"
25907,Allround Schoonheidspecialist,4,middenkaderopleiding,"BBL,BOL,OVO",hg014,Uiterlijke verzorging,sg046,Schoonheidsverzorging,23365,Schoonheidsverzorging,03,"Zorg, welzijn en sport"
25908,Sport- en bewegingsleider,3,vakopleiding,"BBL,BOL,OVO",hg015,Veiligheid en sport,sg048,Sport en bewegen,23366,Sport en Bewegen,03,"Zorg, welzijn en sport"
25909,Buurtsportcoach,4,middenkaderopleiding,"BBL,BOL,OVO",hg015,Veiligheid en sport,sg048,Sport en bewegen,23366,Sport en Bewegen,03,"Zorg, welzijn en sport"
25910,Leefstijlcoach,4,middenkaderopleiding,"BBL,BOL,OVO",hg015,Veiligheid en sport,sg048,Sport en bewegen,23366,Sport en Bewegen,03,"Zorg, welzijn en sport"
25911,Bewegingsagoog,4,middenkaderopleiding,"BBL,BOL,OVO",hg015,Veiligheid en sport,sg048,Sport en bewegen,23366,Sport en Bewegen,03,"Zorg, welzijn en sport"
25912,Trainer-coach/Instructeur,4,middenkaderopleiding,"BBL,BOL,OVO",hg015,Veiligheid en sport,sg048,Sport en bewegen,23366,Sport en Bewegen,03,"Zorg, welzijn en sport"
25913,Hoefsmid,3,vakopleiding,"BBL,BOL,OVO",hg016,"Voedsel, natuur en leefomgeving",sg011,Dier,23367,Hoefsmederij,06,"Voedsel, groen en gastvrijheid"
25914,Biotechnicus,4,specialistenopleiding,"BBL,BOL,OVO",hg016,"Voedsel, natuur en leefomgeving",sg011,Dier,23368,Gespecialiseerde proefdierverzorging,06,"Voedsel, groen en gastvrijheid"
25915,Vakbekwaam medewerker paardensport en -houderij,3,vakopleiding,"BBL,BOL,OVO",hg016,"Voedsel, natuur en leefomgeving",sg011,Dier,23369,Paardensport en -houderij,06,"Voedsel, groen en gastvrijheid"
25916,Bedrijfsleider paardensport en -houderij,4,middenkaderopleiding,"BBL,BOL,OVO",hg016,"Voedsel, natuur en leefomgeving",sg011,Dier,23369,Paardensport en -houderij,06,"Voedsel, groen en gastvrijheid"
25917,Instructeur paardensport en -houderij,4,middenkaderopleiding,"BBL,BOL,OVO",hg016,"Voedsel, natuur en leefomgeving",sg011,Dier,23369,Paardensport en -houderij,06,"Voedsel, groen en gastvrijheid"
25918,Middenkaderfunctionaris smart building,4,middenkaderopleiding,"BBL,BOL,OVO",hg004,Bouw en infra,sg004,Bouwkunde,23370,Smart building,01,Techniek en gebouwde omgeving
25919,Technicus engineering,4,middenkaderopleiding,"BBL,BOL,OVO",hg011,Techniek en procesindustrie,sg013,Elektrotechniek,23371,Middenkader engineering,01,Techniek en gebouwde omgeving
25920,Commercieel technicus,4,middenkaderopleiding,"BBL,BOL,OVO",hg011,Techniek en procesindustrie,sg013,Elektrotechniek,23371,Middenkader engineering,01,Techniek en gebouwde omgeving
25921,Werkbegeleider zorgboerderij,3,vakopleiding,"BBL,BOL,OVO",hg016,"Voedsel, natuur en leefomgeving",sg055,"Voeding, teelt en verwerking",23406,Zorgboerderij,06,"Voedsel, groen en gastvrijheid"
25922,Persoonlijk werkbegeleider zorgboerderij,4,middenkaderopleiding,"BBL,BOL,OVO",hg016,"Voedsel, natuur en leefomgeving",sg055,"Voeding, teelt en verwerking",23406,Zorgboerderij,06,"Voedsel, groen en gastvrijheid"
25923,Machineoperator houtverwerkende industrie,2,basisberoepsopleiding,"BBL,BOL,OVO",hg001,"Afbouw, hout en onderhoud",sg022,Hout en meubel,23373,Meubels en (scheeps)interieurs maken,01,Techniek en gebouwde omgeving
25924,Meubelmaker/(scheeps)interieurbouwer,2,basisberoepsopleiding,"BBL,BOL,OVO",hg001,"Afbouw, hout en onderhoud",sg022,Hout en meubel,23373,Meubels en (scheeps)interieurs maken,01,Techniek en gebouwde omgeving
25925,Allround machineoperator meubelindustrie/(scheeps)interieurbouw,3,vakopleiding,"BBL,BOL,OVO",hg001,"Afbouw, hout en onderhoud",sg022,Hout en meubel,23373,Meubels en (scheeps)interieurs maken,01,Techniek en gebouwde omgeving
25926,Allround meubelmaker/(scheeps)interieurbouwer,3,vakopleiding,"BBL,BOL,OVO",hg001,"Afbouw, hout en onderhoud",sg022,Hout en meubel,23373,Meubels en (scheeps)interieurs maken,01,Techniek en gebouwde omgeving
25927,Werkvoorbereider meubelindustrie/(scheeps)interieurbouw,4,middenkaderopleiding,"BBL,BOL,OVO",hg001,"Afbouw, hout en onderhoud",sg022,Hout en meubel,23373,Meubels en (scheeps)interieurs maken,01,Techniek en gebouwde omgeving
25928,Ondernemend meubelmaker/(scheeps)interieurbouwer,4,middenkaderopleiding,"BBL,BOL,OVO",hg001,"Afbouw, hout en onderhoud",sg022,Hout en meubel,23373,Meubels en (scheeps)interieurs maken,01,Techniek en gebouwde omgeving
25929,Dakdekker pannen/leien,2,basisberoepsopleiding,"BBL,BOL,OVO",hg004,Bouw en infra,sg004,Bouwkunde,23352,Dakdekken,01,Techniek en gebouwde omgeving
25930,Dakdekker bitumen en kunststof,2,basisberoepsopleiding,"BBL,BOL,OVO",hg004,Bouw en infra,sg004,Bouwkunde,23352,Dakdekken,01,Techniek en gebouwde omgeving
25931,Dakdekker riet,2,basisberoepsopleiding,"BBL,BOL,OVO",hg004,Bouw en infra,sg004,Bouwkunde,23352,Dakdekken,01,Techniek en gebouwde omgeving
25932,Zinkwerker,2,basisberoepsopleiding,"BBL,BOL,OVO",hg004,Bouw en infra,sg004,Bouwkunde,23352,Dakdekken,01,Techniek en gebouwde omgeving
25933,Monteur metalen daken en gevels,2,basisberoepsopleiding,"BBL,BOL,OVO",hg004,Bouw en infra,sg004,Bouwkunde,23352,Dakdekken,01,Techniek en gebouwde omgeving
25934,Allround dakdekker pannen/leien,3,vakopleiding,"BBL,BOL,OVO",hg004,Bouw en infra,sg004,Bouwkunde,23352,Dakdekken,01,Techniek en gebouwde omgeving
25935,Allround dakdekker bitumen en kunststof,3,vakopleiding,"BBL,BOL,OVO",hg004,Bouw en infra,sg004,Bouwkunde,23352,Dakdekken,01,Techniek en gebouwde omgeving
25936,Allround zinkwerker,3,vakopleiding,"BBL,BOL,OVO",hg004,Bouw en infra,sg004,Bouwkunde,23352,Dakdekken,01,Techniek en gebouwde omgeving
25937,Monteur luchtvaartuigen,2,basisberoepsopleiding,"BBL,BOL,OVO",hg011,Techniek en procesindustrie,sg054,Vliegtuigtechniek,23375,Luchtvaarttechniek,01,Techniek en gebouwde omgeving
25938,Eerste monteur luchtvaartuigen,3,vakopleiding,"BBL,BOL,OVO",hg011,Techniek en procesindustrie,sg054,Vliegtuigtechniek,23375,Luchtvaarttechniek,01,Techniek en gebouwde omgeving
25939,Allround samenbouwer luchtvaartuigen,3,vakopleiding,"BBL,BOL,OVO",hg011,Techniek en procesindustrie,sg054,Vliegtuigtechniek,23375,Luchtvaarttechniek,01,Techniek en gebouwde omgeving
25940,Constructie repair specialist,3,vakopleiding,"BBL,BOL,OVO",hg011,Techniek en procesindustrie,sg054,Vliegtuigtechniek,23375,Luchtvaarttechniek,01,Techniek en gebouwde omgeving
25941,Technicus mechanica luchtvaartuigen,4,middenkaderopleiding,"BBL,BOL,OVO",hg011,Techniek en procesindustrie,sg054,Vliegtuigtechniek,23375,Luchtvaarttechniek,01,Techniek en gebouwde omgeving
25942,Technicus avionica luchtvaartuigen,4,middenkaderopleiding,"BBL,BOL,OVO",hg011,Techniek en procesindustrie,sg054,Vliegtuigtechniek,23375,Luchtvaarttechniek,01,Techniek en gebouwde omgeving
25943,Dekvloerenlegger,2,basisberoepsopleiding,"BBL,BOL,OVO",hg001,"Afbouw, hout en onderhoud",sg049,Stukadoren en afbouw,23376,Dekvloeren leggen,01,Techniek en gebouwde omgeving
25944,Glaszetter,2,basisberoepsopleiding,"BBL,BOL,OVO",hg001,"Afbouw, hout en onderhoud",sg045,Schilderen en onderhoud,23377,Glaszetten,01,Techniek en gebouwde omgeving
25945,Gezel glaszetter,3,vakopleiding,"BBL,BOL,OVO",hg001,"Afbouw, hout en onderhoud",sg045,Schilderen en onderhoud,23377,Glaszetten,01,Techniek en gebouwde omgeving
25946,Vastgoedadviseur,4,middenkaderopleiding,"BBL,BOL,OVO",hg001,"Afbouw, hout en onderhoud",sg045,Schilderen en onderhoud,23378,Kaderfunctie afbouw en onderhoud,01,Techniek en gebouwde omgeving
25947,Uitvoerder,4,middenkaderopleiding,"BBL,BOL,OVO",hg001,"Afbouw, hout en onderhoud",sg045,Schilderen en onderhoud,23378,Kaderfunctie afbouw en onderhoud,01,Techniek en gebouwde omgeving
25948,Machinist grondverzet,3,vakopleiding,"BBL,BOL,OVO",hg004,Bouw en infra,sg024,Infrastructuur,23379,Machinisten,01,Techniek en gebouwde omgeving
25949,Machinist wegenbouw,3,vakopleiding,"BBL,BOL,OVO",hg004,Bouw en infra,sg024,Infrastructuur,23379,Machinisten,01,Techniek en gebouwde omgeving
25950,Machinist hijswerk,3,vakopleiding,"BBL,BOL,OVO",hg004,Bouw en infra,sg024,Infrastructuur,23379,Machinisten,01,Techniek en gebouwde omgeving
25951,Allround laborant,3,vakopleiding,"BBL,BOL,OVO",hg003,"Ambacht, laboratorium en gezondheidstechniek",sg027,Laboratoriumtechniek,23380,Analisten,01,Techniek en gebouwde omgeving
25952,Chemisch fysisch analist,4,middenkaderopleiding,"BBL,BOL,OVO",hg003,"Ambacht, laboratorium en gezondheidstechniek",sg027,Laboratoriumtechniek,23380,Analisten,01,Techniek en gebouwde omgeving
25953,Biologisch medisch analist,4,middenkaderopleiding,"BBL,BOL,OVO",hg003,"Ambacht, laboratorium en gezondheidstechniek",sg027,Laboratoriumtechniek,23380,Analisten,01,Techniek en gebouwde omgeving
25954,Technicus hout en restauratie,3,vakopleiding,"BBL,BOL,OVO",hg004,Bouw en infra,sg004,Bouwkunde,23381,Hout en restauratie,01,Techniek en gebouwde omgeving
25955,Keukenmonteur,2,basisberoepsopleiding,"BBL,BOL,OVO",hg001,"Afbouw, hout en onderhoud",sg022,Hout en meubel,23382,Keukenmontage,01,Techniek en gebouwde omgeving
25956,Allround keukenmonteur,3,vakopleiding,"BBL,BOL,OVO",hg001,"Afbouw, hout en onderhoud",sg022,Hout en meubel,23382,Keukenmontage,01,Techniek en gebouwde omgeving
25957,"Vakexpert Geo, data & design",4,middenkaderopleiding,"BBL,BOL,OVO",hg016,"Voedsel, natuur en leefomgeving",sg036,Natuur en groene ruimte,23383,"Geo, data & design",06,"Voedsel, groen en gastvrijheid"
25958,Sociaal werker,4,middenkaderopleiding,"BBL,BOL,OVO",hg017,Zorg en welzijn,sg030,Maatschappelijke zorg,23384,Sociaal werk,03,"Zorg, welzijn en sport"
25959,Medewerker facilitaire dienstverlening,2,basisberoepsopleiding,"BBL,BOL,OVO",hg017,Zorg en welzijn,sg060,Basis dienstverlening,23385,Dienstverlening,06,"Voedsel, groen en gastvrijheid"
25960,Helpende Zorg en Welzijn,2,basisberoepsopleiding,"BBL,BOL,OVO",hg017,Zorg en welzijn,sg060,Basis dienstverlening,23385,Dienstverlening,03,"Zorg, welzijn en sport"
25961,Medewerker sport en recreatie,2,basisberoepsopleiding,"BBL,BOL,OVO",hg017,Zorg en welzijn,sg060,Basis dienstverlening,23385,Dienstverlening,03,"Zorg, welzijn en sport"
25962,Allround uurwerktechnicus,3,vakopleiding,"BBL,BOL,OVO",hg003,"Ambacht, laboratorium en gezondheidstechniek",sg003,Ambachtelijke techniek,23386,Uurwerktechniek,08,Specialistisch vakmanschap
25963,Uurwerktechnisch designer,4,middenkaderopleiding,"BBL,BOL,OVO",hg003,"Ambacht, laboratorium en gezondheidstechniek",sg003,Ambachtelijke techniek,23386,Uurwerktechniek,08,Specialistisch vakmanschap
25964,Uurwerktechnisch luxury specialist,4,middenkaderopleiding,"BBL,BOL,OVO",hg003,"Ambacht, laboratorium en gezondheidstechniek",sg003,Ambachtelijke techniek,23386,Uurwerktechniek,08,Specialistisch vakmanschap
25965,Uurwerktechnisch restauratiespecialist,4,middenkaderopleiding,"BBL,BOL,OVO",hg003,"Ambacht, laboratorium en gezondheidstechniek",sg003,Ambachtelijke techniek,23386,Uurwerktechniek,08,Specialistisch vakmanschap
25966,Schoenhersteller,2,basisberoepsopleiding,"BBL,BOL,OVO",hg003,"Ambacht, laboratorium en gezondheidstechniek",sg003,Ambachtelijke techniek,23387,Schoentechniek,08,Specialistisch vakmanschap
25967,Ondernemend schoenhersteller,3,vakopleiding,"BBL,BOL,OVO",hg003,"Ambacht, laboratorium en gezondheidstechniek",sg003,Ambachtelijke techniek,23387,Schoentechniek,08,Specialistisch vakmanschap
25968,Maatschoenmaker,4,middenkaderopleiding,"BBL,BOL,OVO",hg003,"Ambacht, laboratorium en gezondheidstechniek",sg003,Ambachtelijke techniek,23387,Schoentechniek,08,Specialistisch vakmanschap
25969,Audicien,4,middenkaderopleiding,"BBL,BOL,OVO",hg003,"Ambacht, laboratorium en gezondheidstechniek",sg017,Gezondheidstechniek,23388,Audiciens,08,Specialistisch vakmanschap
25970,Matroos binnenvaart,2,basisberoepsopleiding,"BBL,BOL,OVO",hg013,"Transport, scheepvaart en logistiek",sg044,Scheepvaart,23389,Binnenvaart,02,"Mobiliteit, transport, logistiek en maritiem"
25971,Schipper binnenvaart,3,vakopleiding,"BBL,BOL,OVO",hg013,"Transport, scheepvaart en logistiek",sg044,Scheepvaart,23389,Binnenvaart,02,"Mobiliteit, transport, logistiek en maritiem"
25972,Kapitein binnenvaart,4,middenkaderopleiding,"BBL,BOL,OVO",hg013,"Transport, scheepvaart en logistiek",sg044,Scheepvaart,23389,Binnenvaart,02,"Mobiliteit, transport, logistiek en maritiem"
25973,Bootman,3,vakopleiding,"BBL,BOL,OVO",hg013,"Transport, scheepvaart en logistiek",sg044,Scheepvaart,23390,Bootmannen,02,"Mobiliteit, transport, logistiek en maritiem"
25977,"Medewerker voeding, technologie en techniek",2,basisberoepsopleiding,"BBL,BOL,OVO",hg016,"Voedsel, natuur en leefomgeving",sg055,"Voeding, teelt en verwerking",23392,Voeding,06,"Voedsel, groen en gastvrijheid"
25978,"Vakbekwaam medewerker voeding, technologie en techniek",3,vakopleiding,"BBL,BOL,OVO",hg016,"Voedsel, natuur en leefomgeving",sg055,"Voeding, teelt en verwerking",23392,Voeding,06,"Voedsel, groen en gastvrijheid"
25979,"Vakexpert voeding, technologie en techniek",4,middenkaderopleiding,"BBL,BOL,OVO",hg016,"Voedsel, natuur en leefomgeving",sg055,"Voeding, teelt en verwerking",23392,Voeding,06,"Voedsel, groen en gastvrijheid"
25980,"Vakexpert voeding, kwaliteit en productontwikkeling",4,middenkaderopleiding,"BBL,BOL,OVO",hg016,"Voedsel, natuur en leefomgeving",sg055,"Voeding, teelt en verwerking",23392,Voeding,06,"Voedsel, groen en gastvrijheid"
25981,Medewerker teelt,2,basisberoepsopleiding,"BBL,BOL,OVO",hg016,"Voedsel, natuur en leefomgeving",sg055,"Voeding, teelt en verwerking",23393,"Agro productie, handel en technologie",06,"Voedsel, groen en gastvrijheid"
25982,Medewerker agrohandel en logistiek,2,basisberoepsopleiding,"BBL,BOL,OVO",hg016,"Voedsel, natuur en leefomgeving",sg055,"Voeding, teelt en verwerking",23393,"Agro productie, handel en technologie",06,"Voedsel, groen en gastvrijheid"
25983,Medewerker veehouderij,2,basisberoepsopleiding,"BBL,BOL,OVO",hg016,"Voedsel, natuur en leefomgeving",sg055,"Voeding, teelt en verwerking",23393,"Agro productie, handel en technologie",06,"Voedsel, groen en gastvrijheid"
25984,Vakbekwaam medewerker teelt,3,vakopleiding,"BBL,BOL,OVO",hg016,"Voedsel, natuur en leefomgeving",sg055,"Voeding, teelt en verwerking",23393,"Agro productie, handel en technologie",06,"Voedsel, groen en gastvrijheid"
25985,Vakbekwaam medewerker agrohandel en logistiek,3,vakopleiding,"BBL,BOL,OVO",hg016,"Voedsel, natuur en leefomgeving",sg055,"Voeding, teelt en verwerking",23393,"Agro productie, handel en technologie",06,"Voedsel, groen en gastvrijheid"
25986,Vakbekwaam medewerker veehouderij,3,vakopleiding,"BBL,BOL,OVO",hg016,"Voedsel, natuur en leefomgeving",sg055,"Voeding, teelt en verwerking",23393,"Agro productie, handel en technologie",06,"Voedsel, groen en gastvrijheid"
25987,Vakbekwaam medewerker biologisch-dynamische landbouw,3,vakopleiding,"BBL,BOL,OVO",hg016,"Voedsel, natuur en leefomgeving",sg055,"Voeding, teelt en verwerking",23393,"Agro productie, handel en technologie",06,"Voedsel, groen en gastvrijheid"
25988,Vakexpert teelt en groene technologie,4,middenkaderopleiding,"BBL,BOL,OVO",hg016,"Voedsel, natuur en leefomgeving",sg055,"Voeding, teelt en verwerking",23393,"Agro productie, handel en technologie",06,"Voedsel, groen en gastvrijheid"
25989,Vakexpert agrohandel en logistiek,4,middenkaderopleiding,"BBL,BOL,OVO",hg016,"Voedsel, natuur en leefomgeving",sg055,"Voeding, teelt en verwerking",23393,"Agro productie, handel en technologie",06,"Voedsel, groen en gastvrijheid"
25990,Vakexpert veehouderij,4,middenkaderopleiding,"BBL,BOL,OVO",hg016,"Voedsel, natuur en leefomgeving",sg055,"Voeding, teelt en verwerking",23393,"Agro productie, handel en technologie",06,"Voedsel, groen en gastvrijheid"
25991,Vakexpert biologisch-dynamische landbouw,4,middenkaderopleiding,"BBL,BOL,OVO",hg016,"Voedsel, natuur en leefomgeving",sg055,"Voeding, teelt en verwerking",23393,"Agro productie, handel en technologie",06,"Voedsel, groen en gastvrijheid"
25992,"Medewerker groen, grond en groene infra",2,basisberoepsopleiding,"BBL,BOL,OVO",hg016,"Voedsel, natuur en leefomgeving",sg055,"Voeding, teelt en verwerking",23395,"Groen, grond en groene infra",06,"Voedsel, groen en gastvrijheid"
25993,"Vakbekwaam medewerker groen, grond en groene infra",3,vakopleiding,"BBL,BOL,OVO",hg016,"Voedsel, natuur en leefomgeving",sg055,"Voeding, teelt en verwerking",23395,"Groen, grond en groene infra",06,"Voedsel, groen en gastvrijheid"
25994,"Vakexpert groen, grond en groene infra",4,middenkaderopleiding,"BBL,BOL,OVO",hg016,"Voedsel, natuur en leefomgeving",sg055,"Voeding, teelt en verwerking",23395,"Groen, grond en groene infra",06,"Voedsel, groen en gastvrijheid"
25995,Voeding- en leefstijladviseur,4,middenkaderopleiding,"BBL,BOL,OVO",hg016,"Voedsel, natuur en leefomgeving",sg055,"Voeding, teelt en verwerking",23396,Voeding- en leefstijladvies,06,"Voedsel, groen en gastvrijheid"
25996,Coördinator duurzaamheid,4,middenkaderopleiding,"BBL,BOL,OVO",hg016,"Voedsel, natuur en leefomgeving",sg036,Natuur en groene ruimte,23397,Duurzaamheid,06,"Voedsel, groen en gastvrijheid"
25997,Vakspecialist ondernemer,4,specialistenopleiding,"BBL,BOL,OVO",hg006,Handel en ondernemerschap,sg010,Detailhandel en groothandel,23398,Ondernemerschap op basis van een vakspecialisme,04,Handel
25998,Software developer,4,middenkaderopleiding,"BBL,BOL,OVO",hg008,Informatie en communicatietechnologie,sg023,ICT en media,23399,Software development,05,Ict en creatieve industrie
25999,Medewerker ICT,2,basisberoepsopleiding,"BBL,BOL,OVO",hg008,Informatie en communicatietechnologie,sg026,Kantoorautomatisering,23400,ICT support,05,Ict en creatieve industrie
26000,Allround coördinator-instructeur buitensport,4,middenkaderopleiding,BOL,hg016,"Voedsel, natuur en leefomgeving",sg055,"Voeding, teelt en verwerking",23394,Groene ruimte,06,"Voedsel, groen en gastvrijheid"
26001,Technicus hout en restauratie,3,vakopleiding,"BBL,BOL",hg004,Bouw en infra,sg004,Bouwkunde,23381,Hout en restauratie,01,Techniek en gebouwde omgeving
26002,Zorgtechnicus,4,middenkaderopleiding,BOL,hg011,Techniek en procesindustrie,sg025,Installatietechniek,23329,Service- en onderhoudstechniek,99,Bovensectoraal
26003,Food professional,3,vakopleiding,"BBL,BOL",hg012,Toerisme en recreatie,sg051,Toerisme,23264,"Travel, leisure & hospitality",99,Bovensectoraal
26004,Food specialist,4,middenkaderopleiding,"BBL,BOL",hg012,Toerisme en recreatie,sg051,Toerisme,23264,"Travel, leisure & hospitality",99,Bovensectoraal
26005,Middenkaderfunctionaris smart building,4,middenkaderopleiding,"BBL,BOL",hg004,Bouw en infra,sg004,Bouwkunde,23370,Smart building,01,Techniek en gebouwde omgeving
26006,Middenkaderfunctionaris smart industry,4,middenkaderopleiding,"BBL,BOL",hg011,Techniek en procesindustrie,sg013,Elektrotechniek,23371,Middenkader engineering,01,Techniek en gebouwde omgeving
26007,Servicemedewerker,2,basisberoepsopleiding,"BBL,BOL",hg017,Zorg en welzijn,sg060,Basis dienstverlening,23385,Dienstverlening,07,Zakelijke dienstverlening en veiligheid
26008,Leidinggevende international hospitality,4,middenkaderopleiding,"BBL,BOL",hg012,Toerisme en recreatie,sg051,Toerisme,23264,"Travel, leisure & hospitality",06,"Voedsel, groen en gastvrijheid"
26009,Adviseur duurzame leefomgeving,4,middenkaderopleiding,BOL,hg016,"Voedsel, natuur en leefomgeving",sg036,Natuur en groene ruimte,23397,Duurzaamheid,06,"Voedsel, groen en gastvrijheid"
26010,E-commercemanager,4,middenkaderopleiding,"BBL,BOL",hg005,Economie en administratie,sg059,Zakelijke dienstverlening,23354,Commercie,04,Handel
26011,Vitaliteitsbegeleider in zorg en welzijn,3,vakopleiding,"BBL,BOL",hg017,Zorg en welzijn,sg030,Maatschappelijke zorg,23312,Maatschappelijke Zorg,99,Bovensectoraal
26012,Allround hospitality medewerker,3,vakopleiding,"BBL,BOL",hg012,Toerisme en recreatie,sg051,Toerisme,23264,"Travel, leisure & hospitality",06,"Voedsel, groen en gastvrijheid"
26013,AV-mediatechnoloog,4,middenkaderopleiding,BOL,hg009,Media en vormgeving,sg032,Mediatechniek,23294,AV-productie,99,Bovensectoraal
26014,Eventproducer,4,middenkaderopleiding,BOL,hg005,Economie en administratie,sg059,Zakelijke dienstverlening,23302,Evenementenorganisatie,99,Bovensectoraal
26015,Voorman jachtbouw,4,middenkaderopleiding,"BBL,BOL",hg004,Bouw en infra,sg004,Bouwkunde,23058,Werkvoorbereiden/uitvoeren,99,Bovensectoraal
26016,Vakexpert industrieel produceren van levensmiddelen,4,middenkaderopleiding,"BBL,BOL",hg016,"Voedsel, natuur en leefomgeving",sg055,"Voeding, teelt en verwerking",23392,Voeding,99,Bovensectoraal
26017,Keukenmonteur,2,basisberoepsopleiding,"BBL,BOL",hg001,"Afbouw, hout en onderhoud",sg022,Hout en meubel,23382,Keukenmontage,01,Techniek en gebouwde omgeving
26018,Persoonlijk begeleider zorgboerderij,4,specialistenopleiding,"BBL,BOL",hg016,"Voedsel, natuur en leefomgeving",sg055,"Voeding, teelt en verwerking",23406,Zorgboerderij,06,"Voedsel, groen en gastvrijheid"
26019,Business support,3,vakopleiding,"BBL,BOL",hg005,Economie en administratie,sg059,Zakelijke dienstverlening,23296,Business Services,99,Bovensectoraal
26020,Creatief technoloog,4,middenkaderopleiding,"BBL,BOL",hg011,Techniek en procesindustrie,sg013,Elektrotechniek,23371,Middenkader engineering,99,Bovensectoraal
26021,Beauty professional in de zorg,3,vakopleiding,"BBL,BOL",hg014,Uiterlijke verzorging,sg046,Schoonheidsverzorging,23365,Schoonheidsverzorging,99,Bovensectoraal
26022,Allround keukenmonteur,3,vakopleiding,"BBL,BOL",hg001,"Afbouw, hout en onderhoud",sg022,Hout en meubel,23382,Keukenmontage,01,Techniek en gebouwde omgeving
26023,Junior business controller,4,middenkaderopleiding,"BBL,BOL",hg005,Economie en administratie,sg059,Zakelijke dienstverlening,23296,Business Services,99,Bovensectoraal
26024,Voeding- en leefstijladviseur,4,middenkaderopleiding,"BBL,BOL",hg016,"Voedsel, natuur en leefomgeving",sg055,"Voeding, teelt en verwerking",23396,Voeding- en leefstijladvies,06,"Voedsel, groen en gastvrijheid"
26025,Vakman fundering,2,basisberoepsopleiding,"BBL,BOL",hg004,Bouw en infra,sg004,Bouwkunde,23303,"Grond-, water- en wegenbouw",99,Bovensectoraal
26026,E-commercemanager,4,middenkaderopleiding,"BBL,BOL",hg005,Economie en administratie,sg059,Zakelijke dienstverlening,23354,Commercie,04,Handel
26027,Werkbegeleider zorgbedrijf-dierhouderij,3,vakopleiding,"BBL,BOL",hg016,"Voedsel, natuur en leefomgeving",sg055,"Voeding, teelt en verwerking",23406,Zorgboerderij,06,"Voedsel, groen en gastvrijheid"
26028,Medewerker Food & Hospitality,2,basisberoepsopleiding,"BBL,BOL",hg007,Horeca en bakkerij,sg021,Horeca,23084,Fastservice,99,Bovensectoraal
26029,International creative business developer,4,middenkaderopleiding,"BBL,BOL",hg009,Media en vormgeving,sg043,Ruimtelijke vormgeving,23326,Ruimtelijke vormgeving,99,Bovensectoraal
26030,"Medewerker kinderopvang, onderwijs en bewegen",4,middenkaderopleiding,"BBL,BOL",hg017,Zorg en welzijn,sg039,Pedagogisch werk,23285,Pedagogisch werk,99,Bovensectoraal
26031,Specialist made-to-measure,4,middenkaderopleiding,"BBL,BOL",hg005,Economie en administratie,sg059,Zakelijke dienstverlening,23354,Commercie,99,Bovensectoraal
26032,Genie CBRN operator II (gevaarlijke stoffen),2,basisberoepsopleiding,"BBL,BOL",hg015,Veiligheid en sport,sg009,Defensie,23240,Veiligheid en vakmanschap,99,Bovensectoraal
26033,Genie CBRN operator III (gevaarlijke stoffen),3,vakopleiding,"BBL,BOL",hg015,Veiligheid en sport,sg009,Defensie,23240,Veiligheid en vakmanschap,99,Bovensectoraal
26034,Genie gevechtsondersteuner II,2,basisberoepsopleiding,"BBL,BOL",hg015,Veiligheid en sport,sg009,Defensie,23240,Veiligheid en vakmanschap,99,Bovensectoraal
26035,Genie gevechtsondersteuner III,3,vakopleiding,"BBL,BOL",hg015,Veiligheid en sport,sg009,Defensie,23240,Veiligheid en vakmanschap,99,Bovensectoraal
26036,Vakbekwaam medewerker industrieel produceren van levensmiddelen,3,vakopleiding,"BBL,BOL",hg016,"Voedsel, natuur en leefomgeving",sg055,"Voeding, teelt en verwerking",23392,Voeding,99,Bovensectoraal
26037,"Vakbekwaam medewerker infra, sport en groen",3,vakopleiding,"BBL,BOL",hg016,"Voedsel, natuur en leefomgeving",sg055,"Voeding, teelt en verwerking",23394,Groene ruimte,99,Bovensectoraal
26038,"Medewerker marketing, sales en hospitality",4,middenkaderopleiding,"BBL,BOL",hg005,Economie en administratie,sg059,Zakelijke dienstverlening,23296,Business Services,99,Bovensectoraal
26039,Gezondheidsprofessional,4,middenkaderopleiding,"BBL,BOL",hg017,Zorg en welzijn,sg030,Maatschappelijke zorg,23312,Maatschappelijke Zorg,99,Bovensectoraal
26040,Theatervormgever,4,middenkaderopleiding,"BBL,BOL",hg009,Media en vormgeving,sg043,Ruimtelijke vormgeving,23326,Ruimtelijke vormgeving,99,Bovensectoraal
26041,"Vakexpert geo, data & design",4,middenkaderopleiding,"BBL,BOL",hg016,"Voedsel, natuur en leefomgeving",sg036,Natuur en groene ruimte,23383,"Geo, data & design",06,"Voedsel, groen en gastvrijheid"
26042,Technisch medewerker,2,basisberoepsopleiding,"BBL,BOL",hg011,Techniek en procesindustrie,sg058,Werktuigbouwkunde,23333,Werktuigkundige installaties (montage),99,Bovensectoraal
26043,Allround instructeur buitensport,3,vakopleiding,"BBL,BOL",hg016,"Voedsel, natuur en leefomgeving",sg055,"Voeding, teelt en verwerking",23394,Groene ruimte,06,"Voedsel, groen en gastvrijheid"
26044,Werkhondenprofessional,4,middenkaderopleiding,"BBL,BOL",hg016,"Voedsel, natuur en leefomgeving",sg011,Dier,23298,Dierverzorging,99,Bovensectoraal
26100,Eerste monteur duurzame installaties,3,vakopleiding,"BBL,BOL",hg011,Techniek en procesindustrie,sg058,Werktuigbouwkunde,23333,Werktuigkundige installaties (montage),01,Techniek en gebouwde omgeving
26101,Maatschappelijk zorgprofessional plus,4,middenkaderopleiding,"BBL,BOL",hg017,Zorg en welzijn,sg030,Maatschappelijke zorg,23312,Maatschappelijke Zorg,03,"Zorg, welzijn en sport"
26102,Maatschappelijk verzorgende-IG plus,3,vakopleiding,"BBL,BOL",hg017,Zorg en welzijn,sg052,Verpleging en verzorging,23268,verzorgende-IG,03,"Zorg, welzijn en sport"
26103,Content creator,4,middenkaderopleiding,"BBL,BOL",hg009,Media en vormgeving,sg032,Mediatechniek,23357,Mediaredactie,05,Ict en creatieve industrie
26104,Cloud and infrastructure technician,4,middenkaderopleiding,"BBL,BOL",hg008,Informatie en communicatietechnologie,sg023,ICT en media,23405,ICT support and systems,05,Ict en creatieve industrie
27002,Medewerker sign,2,basisberoepsopleiding,"BBL,BOL,OVO",hg009,Media en vormgeving,sg043,Ruimtelijke vormgeving,23402,Signmaking,05,Ict en creatieve industrie
27003,Allround signmaker,3,vakopleiding,"BBL,BOL,OVO",hg009,Media en vormgeving,sg043,Ruimtelijke vormgeving,23402,Signmaking,05,Ict en creatieve industrie
27004,Signspecialist,4,middenkaderopleiding,"BBL,BOL,OVO",hg009,Media en vormgeving,sg043,Ruimtelijke vormgeving,23402,Signmaking,05,Ict en creatieve industrie
27005,Decoratie- en restauratieschilder,4,middenkaderopleiding,"BBL,BOL,OVO",hg001,"Afbouw, hout en onderhoud",sg045,Schilderen en onderhoud,23403,Specialist schilderen,01,Techniek en gebouwde omgeving
27006,"Monteur gas-, water- of warmtedistributie",2,basisberoepsopleiding,"BBL,BOL,OVO",hg011,Techniek en procesindustrie,sg025,Installatietechniek,23404,Infratechniek,01,Techniek en gebouwde omgeving
27007,Monteur laagspanningsdistributie,2,basisberoepsopleiding,"BBL,BOL,OVO",hg011,Techniek en procesindustrie,sg025,Installatietechniek,23404,Infratechniek,01,Techniek en gebouwde omgeving
27008,Monteur middenspanningsdistributie,2,basisberoepsopleiding,"BBL,BOL,OVO",hg011,Techniek en procesindustrie,sg025,Installatietechniek,23404,Infratechniek,01,Techniek en gebouwde omgeving
27009,Monteur datadistributie,2,basisberoepsopleiding,"BBL,BOL,OVO",hg011,Techniek en procesindustrie,sg025,Installatietechniek,23404,Infratechniek,01,Techniek en gebouwde omgeving
27010,"Eerste monteur gas-, water- of warmtedistributie",3,vakopleiding,"BBL,BOL,OVO",hg011,Techniek en procesindustrie,sg025,Installatietechniek,23404,Infratechniek,01,Techniek en gebouwde omgeving
27011,Eerste monteur laagspanningsdistributie,3,vakopleiding,"BBL,BOL,OVO",hg011,Techniek en procesindustrie,sg025,Installatietechniek,23404,Infratechniek,01,Techniek en gebouwde omgeving
27012,Eerste monteur middenspanningsdistributie,3,vakopleiding,"BBL,BOL,OVO",hg011,Techniek en procesindustrie,sg025,Installatietechniek,23404,Infratechniek,01,Techniek en gebouwde omgeving
27013,Eerste monteur datadistributie,3,vakopleiding,"BBL,BOL,OVO",hg011,Techniek en procesindustrie,sg025,Installatietechniek,23404,Infratechniek,01,Techniek en gebouwde omgeving
27014,Eerste monteur hoogspanningstransport,3,vakopleiding,"BBL,BOL,OVO",hg011,Techniek en procesindustrie,sg025,Installatietechniek,23404,Infratechniek,01,Techniek en gebouwde omgeving
27015,ICT support technician,3,vakopleiding,"BBL,BOL,OVO",hg008,Informatie en communicatietechnologie,sg023,ICT en media,23405,ICT support and systems,05,Ict en creatieve industrie
27016,ICT system engineer,4,middenkaderopleiding,"BBL,BOL,OVO",hg008,Informatie en communicatietechnologie,sg023,ICT en media,23405,ICT support and systems,05,Ict en creatieve industrie
27017,Werkbegeleider zorgboerderij,3,vakopleiding,"BBL,BOL,OVO",hg016,"Voedsel, natuur en leefomgeving",sg055,"Voeding, teelt en verwerking",23406,Zorgboerderij,06,"Voedsel, groen en gastvrijheid"
27018,Persoonlijk werkbegeleider zorgboerderij,4,middenkaderopleiding,"BBL,BOL,OVO",hg016,"Voedsel, natuur en leefomgeving",sg055,"Voeding, teelt en verwerking",23406,Zorgboerderij,06,"Voedsel, groen en gastvrijheid"
27019,Betonreparateur,2,basisberoepsopleiding,"BBL,BOL,OVO",hg004,Bouw en infra,sg004,Bouwkunde,23407,Betonreparatie,01,Techniek en gebouwde omgeving
27020,Allround betonreparateur,3,vakopleiding,"BBL,BOL,OVO",hg004,Bouw en infra,sg004,Bouwkunde,23407,Betonreparatie,01,Techniek en gebouwde omgeving
27021,Sloper,2,basisberoepsopleiding,"BBL,BOL,OVO",hg004,Bouw en infra,sg004,Bouwkunde,23408,Slopen,01,Techniek en gebouwde omgeving
27022,Allround sloper,3,vakopleiding,"BBL,BOL,OVO",hg004,Bouw en infra,sg004,Bouwkunde,23408,Slopen,01,Techniek en gebouwde omgeving
27023,Systeemontwerper koude- en klimaatsystemen,4,middenkaderopleiding,"BBL,BOL,OVO",hg011,Techniek en procesindustrie,sg013,Elektrotechniek,23409,Engineering koude- en klimaatsystemen,01,Techniek en gebouwde omgeving
27024,Datatechnicus Infra,4,middenkaderopleiding,"BBL,BOL,OVO",hg011,Techniek en procesindustrie,sg025,Installatietechniek,23410,Infratechniek (kader),01,Techniek en gebouwde omgeving
27025,Elektrotechnicus Infra,4,middenkaderopleiding,"BBL,BOL,OVO",hg011,Techniek en procesindustrie,sg025,Installatietechniek,23410,Infratechniek (kader),01,Techniek en gebouwde omgeving
27026,Gastechnicus Infra,4,middenkaderopleiding,"BBL,BOL,OVO",hg011,Techniek en procesindustrie,sg025,Installatietechniek,23410,Infratechniek (kader),01,Techniek en gebouwde omgeving
27027,Watertechnicus Infra,4,middenkaderopleiding,"BBL,BOL,OVO",hg011,Techniek en procesindustrie,sg025,Installatietechniek,23410,Infratechniek (kader),01,Techniek en gebouwde omgeving
27028,Allround medewerker Juwelier,3,vakopleiding,"BBL,BOL,OVO",hg003,"Ambacht, laboratorium en gezondheidstechniek",sg003,Ambachtelijke techniek,23411,Juweliersbedrijf,08,Specialistisch vakmanschap
27029,Juwelier-ondernemer,4,middenkaderopleiding,"BBL,BOL,OVO",hg003,"Ambacht, laboratorium en gezondheidstechniek",sg003,Ambachtelijke techniek,23411,Juweliersbedrijf,08,Specialistisch vakmanschap
27030,Medewerker steriele medische hulpmiddelen,3,vakopleiding,"BBL,BOL,OVO",hg003,"Ambacht, laboratorium en gezondheidstechniek",sg017,Gezondheidstechniek,23412,Medewerkers steriele medische hulpmiddelen,08,Specialistisch vakmanschap
27031,Verkoopmedewerker optiek,2,basisberoepsopleiding,"BBL,BOL,OVO",hg003,"Ambacht, laboratorium en gezondheidstechniek",sg017,Gezondheidstechniek,23413,Optiek,08,Specialistisch vakmanschap
27032,Allround medewerker optiek,3,vakopleiding,"BBL,BOL,OVO",hg003,"Ambacht, laboratorium en gezondheidstechniek",sg017,Gezondheidstechniek,23413,Optiek,08,Specialistisch vakmanschap
27033,Opticien,4,middenkaderopleiding,"BBL,BOL,OVO",hg003,"Ambacht, laboratorium en gezondheidstechniek",sg017,Gezondheidstechniek,23413,Optiek,08,Specialistisch vakmanschap
27034,Decorbouwer,2,basisberoepsopleiding,"BBL,BOL,OVO",hg009,Media en vormgeving,sg043,Ruimtelijke vormgeving,23414,Decorbouw,05,Ict en creatieve industrie
27035,Allround decorbouwer,3,vakopleiding,"BBL,BOL,OVO",hg009,Media en vormgeving,sg043,Ruimtelijke vormgeving,23414,Decorbouw,05,Ict en creatieve industrie
27036,Specialist decorbouw,4,middenkaderopleiding,"BBL,BOL,OVO",hg009,Media en vormgeving,sg043,Ruimtelijke vormgeving,23414,Decorbouw,05,Ict en creatieve industrie
27037,Standbouwer,2,basisberoepsopleiding,"BBL,BOL,OVO",hg009,Media en vormgeving,sg043,Ruimtelijke vormgeving,23421,Standbouw,05,Ict en creatieve industrie
27038,Fietstechnicus,2,basisberoepsopleiding,"BBL,BOL,OVO",hg010,Mobiliteit en voertuigen,sg034,Mobiliteitstechniek,23415,Fietstechniek,02,"Mobiliteit, transport, logistiek en maritiem"
27039,Eerste Fietstechnicus,3,vakopleiding,"BBL,BOL,OVO",hg010,Mobiliteit en voertuigen,sg034,Mobiliteitstechniek,23415,Fietstechniek,02,"Mobiliteit, transport, logistiek en maritiem"
27040,Luchtvaartdienstverlener,4,middenkaderopleiding,"BBL,BOL,OVO",hg013,"Transport, scheepvaart en logistiek",sg029,Luchtvaart,23416,Dienstverlening in de luchtvaart,02,"Mobiliteit, transport, logistiek en maritiem"
27041,Drone-operations specialist,4,middenkaderopleiding,"BBL,BOL,OVO",hg013,"Transport, scheepvaart en logistiek",sg029,Luchtvaart,23417,Drone-operations,02,"Mobiliteit, transport, logistiek en maritiem"
27042,Chauffeur wegvervoer,2,basisberoepsopleiding,"BBL,BOL,OVO",hg013,"Transport, scheepvaart en logistiek",sg057,Weg- en railtransport,23418,Goederenvervoer,02,"Mobiliteit, transport, logistiek en maritiem"
27043,Allround chauffeur wegvervoer,3,vakopleiding,"BBL,BOL,OVO",hg013,"Transport, scheepvaart en logistiek",sg057,Weg- en railtransport,23418,Goederenvervoer,02,"Mobiliteit, transport, logistiek en maritiem"
27044,Machinist railvervoer,3,vakopleiding,"BBL,BOL,OVO",hg013,"Transport, scheepvaart en logistiek",sg057,Weg- en railtransport,23419,Railvervoer,02,"Mobiliteit, transport, logistiek en maritiem"
27045,Schipper-machinist beperkt vaargebied,2,basisberoepsopleiding,"BBL,BOL,OVO",hg013,"Transport, scheepvaart en logistiek",sg044,Scheepvaart,23420,Zee- en zeevisvaart beperkt vaargebied,02,"Mobiliteit, transport, logistiek en maritiem"
27046,Stuurman-werktuigkundige zeevisvaart SW6,2,basisberoepsopleiding,"BBL,BOL,OVO",hg013,"Transport, scheepvaart en logistiek",sg044,Scheepvaart,23420,Zee- en zeevisvaart beperkt vaargebied,02,"Mobiliteit, transport, logistiek en maritiem"
27047,Leidinggevende van een team/afdeling/project,4,specialistenopleiding,"BBL,BOL,OVO",hg006,Handel en ondernemerschap,sg031,Management en ondernemerschap,23422,Leidinggeven op basis van vakmanschap,04,Handel
27048,Leidinggevende van technici,4,specialistenopleiding,"BBL,BOL,OVO",hg006,Handel en ondernemerschap,sg031,Management en ondernemerschap,23422,Leidinggeven op basis van vakmanschap,04,Handel
27049,Informatiebeveiliger,4,specialistenopleiding,"BBL,BOL,OVO",hg015,Veiligheid en sport,sg065,Digitale veiligheid,23423,Informatiebeveiliging,07,Zakelijke dienstverlening en veiligheid
27074,Airco/warmtepompmonteur,2,basisberoepsopleiding,"BBL,BOL,OVO",hg011,Techniek en procesindustrie,sg025,Installatietechniek,23427,Koude- en klimaatsystemen,01,Techniek en gebouwde omgeving
27075,Monteur koude- en klimaatsystemen,2,basisberoepsopleiding,"BBL,BOL,OVO",hg011,Techniek en procesindustrie,sg025,Installatietechniek,23427,Koude- en klimaatsystemen,01,Techniek en gebouwde omgeving
27076,Servicemonteur koude- en klimaatsystemen,3,vakopleiding,"BBL,BOL,OVO",hg011,Techniek en procesindustrie,sg025,Installatietechniek,23427,Koude- en klimaatsystemen,01,Techniek en gebouwde omgeving
27077,Eerste monteur koude- en klimaatsystemen,3,vakopleiding,"BBL,BOL,OVO",hg011,Techniek en procesindustrie,sg025,Installatietechniek,23427,Koude- en klimaatsystemen,01,Techniek en gebouwde omgeving
27078,Technicus industriële koude- en klimaatsystemen,4,middenkaderopleiding,"BBL,BOL,OVO",hg011,Techniek en procesindustrie,sg025,Installatietechniek,23427,Koude- en klimaatsystemen,01,Techniek en gebouwde omgeving
27079,Immersief ontwerper,4,middenkaderopleiding,"BBL,BOL,OVO",hg009,Media en vormgeving,sg032,Mediatechniek,23428,Immersieve productie,05,Ict en creatieve industrie
27080,Immersief technicus,4,middenkaderopleiding,"BBL,BOL,OVO",hg009,Media en vormgeving,sg032,Mediatechniek,23428,Immersieve productie,05,Ict en creatieve industrie
27087,E-commercemanager,4,middenkaderopleiding,"BBL,BOL,OVO",hg005,Economie en administratie,sg059,Zakelijke dienstverlening,23354,Commercie,04,Handel
27088,Servicemedewerker,2,basisberoepsopleiding,"BBL,BOL,OVO",hg017,Zorg en welzijn,sg060,Basis dienstverlening,23385,Dienstverlening,07,Zakelijke dienstverlening en veiligheid
70000,Vakfunctionaris natuur en leefomgeving,2,basisberoepsopleiding,"BBL,BOL",hg016,"Voedsel, natuur en leefomgeving",sg055,"Voeding, teelt en verwerking",23395,"Groen, grond en groene infra",06,"Voedsel, groen en gastvrijheid"
70001,Vakfunctionaris natuur en leefomgeving,3,vakopleiding,"BBL,BOL",hg016,"Voedsel, natuur en leefomgeving",sg055,"Voeding, teelt en verwerking",23395,"Groen, grond en groene infra",06,"Voedsel, groen en gastvrijheid"
70002,Vormgever leefomgeving,4,middenkaderopleiding,"BBL,BOL",hg016,"Voedsel, natuur en leefomgeving",sg055,"Voeding, teelt en verwerking",23289,"Bloem, groen en styling",06,"Voedsel, groen en gastvrijheid"
70003,Verkoopspecialist (voedsel en leefomgeving),3,vakopleiding,"BBL,BOL",hg006,Handel en ondernemerschap,sg010,Detailhandel en groothandel,23325,Retail advies,04,Handel
70004,Assistent medewerker voedsel en leefomgeving,1,entreeopleiding,"BBL,BOL",hg002,Entree,sg061,Entree,23301,Entree,09,Entree
70005,Middenkaderfunctionaris natuur en leefomgeving,4,middenkaderopleiding,"BBL,BOL",hg016,"Voedsel, natuur en leefomgeving",sg055,"Voeding, teelt en verwerking",23394,Groene ruimte,06,"Voedsel, groen en gastvrijheid"
70006,Medewerker natuur en leefomgeving,2,basisberoepsopleiding,"BBL,BOL",hg016,"Voedsel, natuur en leefomgeving",sg055,"Voeding, teelt en verwerking",23395,"Groen, grond en groene infra",06,"Voedsel, groen en gastvrijheid"
70007,Vakbekwaam medewerker natuur en leefomgeving,3,vakopleiding,"BBL,BOL",hg016,"Voedsel, natuur en leefomgeving",sg055,"Voeding, teelt en verwerking",23395,"Groen, grond en groene infra",06,"Voedsel, groen en gastvrijheid"
70008,Vakfunctionaris open teelt,3,vakopleiding,"BBL,BOL",hg016,"Voedsel, natuur en leefomgeving",sg055,"Voeding, teelt en verwerking",23393,"Agro productie, handel en technologie",06,"Voedsel, groen en gastvrijheid"
70009,Vakfunctionaris bedekte teelt,3,vakopleiding,"BBL,BOL",hg016,"Voedsel, natuur en leefomgeving",sg055,"Voeding, teelt en verwerking",23393,"Agro productie, handel en technologie",06,"Voedsel, groen en gastvrijheid"
70010,Allround operator voedings- en genotmiddelenindustrie,3,vakopleiding,"BBL,BOL",hg016,"Voedsel, natuur en leefomgeving",sg055,"Voeding, teelt en verwerking",23392,Voeding,06,"Voedsel, groen en gastvrijheid"
70011,Technoloog voedingsindustrie,4,middenkaderopleiding,"BBL,BOL",hg016,"Voedsel, natuur en leefomgeving",sg055,"Voeding, teelt en verwerking",23392,Voeding,06,"Voedsel, groen en gastvrijheid"
70012,Assistent voedingsindustrie,1,entreeopleiding,"BBL,BOL",hg002,Entree,sg061,Entree,23301,Entree,09,Entree
70013,Operator in de voedings- en genotmiddelenindustrie,2,basisberoepsopleiding,"BBL,BOL",hg016,"Voedsel, natuur en leefomgeving",sg055,"Voeding, teelt en verwerking",23392,Voeding,06,"Voedsel, groen en gastvrijheid"
70014,Middenkaderfunctionaris plant,4,middenkaderopleiding,"BBL,BOL",hg016,"Voedsel, natuur en leefomgeving",sg055,"Voeding, teelt en verwerking",23393,"Agro productie, handel en technologie",06,"Voedsel, groen en gastvrijheid"
70015,Dierenhouder,4,middenkaderopleiding,"BBL,BOL",hg016,"Voedsel, natuur en leefomgeving",sg011,Dier,23298,Dierverzorging,06,"Voedsel, groen en gastvrijheid"
70017,Gespecialiseerd dierverzorger,3,vakopleiding,"BBL,BOL",hg016,"Voedsel, natuur en leefomgeving",sg011,Dier,23298,Dierverzorging,06,"Voedsel, groen en gastvrijheid"
70501,Verspaner,2,basisberoepsopleiding,"BBL,BOL",hg011,Techniek en procesindustrie,sg058,Werktuigbouwkunde,23361,Productietechniek,01,Techniek en gebouwde omgeving
70502,Installatiemonteur werktuigkundige installaties,2,basisberoepsopleiding,"BBL,BOL",hg011,Techniek en procesindustrie,sg058,Werktuigbouwkunde,23333,Werktuigkundige installaties (montage),01,Techniek en gebouwde omgeving
70503,Installatiemonteur werktuigkundige installaties,3,vakopleiding,"BBL,BOL",hg011,Techniek en procesindustrie,sg058,Werktuigbouwkunde,23333,Werktuigkundige installaties (montage),01,Techniek en gebouwde omgeving
70504,Machinebouwer Mechatronica,2,basisberoepsopleiding,"BBL,BOL",hg011,Techniek en procesindustrie,sg058,Werktuigbouwkunde,23360,Mechatronica,01,Techniek en gebouwde omgeving
70505,Machinebouwer Mechatronica,3,vakopleiding,"BBL,BOL",hg011,Techniek en procesindustrie,sg058,Werktuigbouwkunde,23360,Mechatronica,01,Techniek en gebouwde omgeving
70506,Machinebouwer Mechatronica,4,middenkaderopleiding,"BBL,BOL",hg011,Techniek en procesindustrie,sg058,Werktuigbouwkunde,23360,Mechatronica,01,Techniek en gebouwde omgeving
70507,Technicus middenkader WEI,4,middenkaderopleiding,"BBL,BOL",hg011,Techniek en procesindustrie,sg013,Elektrotechniek,23371,Middenkader engineering,01,Techniek en gebouwde omgeving
70508,Distributiemonteur,2,basisberoepsopleiding,"BBL,BOL",hg011,Techniek en procesindustrie,sg025,Installatietechniek,23404,Infratechniek,01,Techniek en gebouwde omgeving
70509,Distributiemonteur,3,vakopleiding,"BBL,BOL",hg011,Techniek en procesindustrie,sg025,Installatietechniek,23404,Infratechniek,01,Techniek en gebouwde omgeving
70510,Distributiemonteur,4,middenkaderopleiding,"BBL,BOL",hg011,Techniek en procesindustrie,sg025,Installatietechniek,23410,Infratechniek (kader),01,Techniek en gebouwde omgeving
71001,Verkoper,2,basisberoepsopleiding,"BBL,BOL",hg006,Handel en ondernemerschap,sg010,Detailhandel en groothandel,23324,Retail operationeel,04,Handel
71002,Ondernemer detailhandel,4,middenkaderopleiding,"BBL,BOL",hg006,Handel en ondernemerschap,sg031,Management en ondernemerschap,23355,Ondernemerschap handel,04,Handel
71501,Doktersassistent,4,middenkaderopleiding,"BBL,BOL",hg017,Zorg en welzijn,sg016,Gezondheidsondersteuning,23284,Doktersassistent,03,"Zorg, welzijn en sport"
71502,Verpleegkundige,4,middenkaderopleiding,"BBL,BOL",hg017,Zorg en welzijn,sg052,Verpleging en verzorging,23267,Mbo-Verpleegkundige,03,"Zorg, welzijn en sport"
71503,Sport- en bewegingscoordinator,4,andere_opleiding,"BBL,BOL",hg015,Veiligheid en sport,sg048,Sport en bewegen,23366,Sport en Bewegen,03,"Zorg, welzijn en sport"
71505,Helpende,2,basisberoepsopleiding,"BBL,BOL",hg017,Zorg en welzijn,sg060,Basis dienstverlening,23385,Dienstverlening,03,"Zorg, welzijn en sport"
71506,Zorghulp,1,entreeopleiding,"BBL,BOL",hg002,Entree,sg061,Entree,23301,Entree,09,Entree
71507,Verzorgende,3,vakopleiding,"BBL,BOL",hg017,Zorg en welzijn,sg052,Verpleging en verzorging,23268,verzorgende-IG,03,"Zorg, welzijn en sport"
72001,Timmerkracht,2,basisberoepsopleiding,"BBL,BOL",hg004,Bouw en infra,sg004,Bouwkunde,23331,Timmeren,01,Techniek en gebouwde omgeving
72002,Middenkaderfunctionaris Bouw-Infra,4,middenkaderopleiding,"BBL,BOL",hg004,Bouw en infra,sg004,Bouwkunde,23353,Middenkader bouw en infra,01,Techniek en gebouwde omgeving
72502,Medewerker ICT,2,basisberoepsopleiding,"BBL,BOL",hg008,Informatie en communicatietechnologie,sg026,Kantoorautomatisering,23400,ICT support,05,Ict en creatieve industrie
72503,Medewerker beheer ICT,3,vakopleiding,"BBL,BOL",hg008,Informatie en communicatietechnologie,sg023,ICT en media,23405,ICT support and systems,05,Ict en creatieve industrie
72504,ICT-beheerder,4,middenkaderopleiding,"BBL,BOL",hg008,Informatie en communicatietechnologie,sg023,ICT en media,23405,ICT support and systems,05,Ict en creatieve industrie
72505,Applicatieontwikkelaar,4,middenkaderopleiding,"BBL,BOL",hg008,Informatie en communicatietechnologie,sg023,ICT en media,23399,Software development,05,Ict en creatieve industrie
72506,Netwerkbeheerder,4,middenkaderopleiding,"BBL,BOL",hg008,Informatie en communicatietechnologie,sg023,ICT en media,23405,ICT support and systems,05,Ict en creatieve industrie
72507,Administratief medewerker,2,basisberoepsopleiding,"BBL,BOL",hg005,Economie en administratie,sg059,Zakelijke dienstverlening,23296,Business Services,07,Zakelijke dienstverlening en veiligheid
72508,Secretaresse,3,vakopleiding,"BBL,BOL",hg005,Economie en administratie,sg059,Zakelijke dienstverlening,23296,Business Services,07,Zakelijke dienstverlening en veiligheid
72509,Managementassistent,4,middenkaderopleiding,"BBL,BOL",hg005,Economie en administratie,sg059,Zakelijke dienstverlening,23296,Business Services,07,Zakelijke dienstverlening en veiligheid
72510,Medewerker klantcontact en sales,3,vakopleiding,"BBL,BOL",hg005,Economie en administratie,sg059,Zakelijke dienstverlening,23354,Commercie,04,Handel
72511,Medewerker Marketing en Communicatie,4,middenkaderopleiding,"BBL,BOL",hg005,Economie en administratie,sg059,Zakelijke dienstverlening,23296,Business Services,07,Zakelijke dienstverlening en veiligheid
72512,Boekhoudkundig medewerker,3,vakopleiding,"BBL,BOL",hg005,Economie en administratie,sg059,Zakelijke dienstverlening,23354,Commercie,04,Handel
72513,Administrateur,4,middenkaderopleiding,"BBL,BOL",hg005,Economie en administratie,sg059,Zakelijke dienstverlening,23296,Business Services,07,Zakelijke dienstverlening en veiligheid
73501,Medewerker slagerij,2,basisberoepsopleiding,"BBL,BOL",hg016,"Voedsel, natuur en leefomgeving",sg053,Verse voeding,23288,Vers: vakmanschap & ambacht,06,"Voedsel, groen en gastvrijheid"
74001,Artiest,4,middenkaderopleiding,"BBL,BOL",hg017,Zorg en welzijn,sg008,Cultureel werk,23266,Artiesten,05,Ict en creatieve industrie
74002,DTP,3,vakopleiding,"BBL,BOL",hg009,Media en vormgeving,sg032,Mediatechniek,23237,Mediamaken,05,Ict en creatieve industrie
74003,Podium- en evenemententechniek,2,basisberoepsopleiding,"BBL,BOL",hg009,Media en vormgeving,sg014,Evenemententechniek,23319,Podium- en evenemententechniek,05,Ict en creatieve industrie
74004,Podium- en evenemententechniek,3,vakopleiding,"BBL,BOL",hg009,Media en vormgeving,sg014,Evenemententechniek,23319,Podium- en evenemententechniek,05,Ict en creatieve industrie
74005,Podium- en evenemententechniek,4,middenkaderopleiding,"BBL,BOL",hg009,Media en vormgeving,sg014,Evenemententechniek,23319,Podium- en evenemententechniek,05,Ict en creatieve industrie
74006,Mediatechnologie,4,middenkaderopleiding,"BBL,BOL",hg009,Media en vormgeving,sg032,Mediatechniek,23242,Printmedia,05,Ict en creatieve industrie
74007,Mediamanagement,4,middenkaderopleiding,"BBL,BOL",hg009,Media en vormgeving,sg033,Mediavormgeving,23356,Mediamanagement,05,Ict en creatieve industrie
74501,AV-productie,2,basisberoepsopleiding,"BBL,BOL",hg009,Media en vormgeving,sg032,Mediatechniek,23294,AV-productie,05,Ict en creatieve industrie
74502,AV-productie,3,vakopleiding,"BBL,BOL",hg009,Media en vormgeving,sg032,Mediatechniek,23294,AV-productie,05,Ict en creatieve industrie
74503,AV-productie,4,middenkaderopleiding,"BBL,BOL",hg009,Media en vormgeving,sg032,Mediatechniek,23294,AV-productie,05,Ict en creatieve industrie
74504,Mediavormgever,4,middenkaderopleiding,"BBL,BOL",hg009,Media en vormgeving,sg033,Mediavormgeving,23257,Mediavormgeving,05,Ict en creatieve industrie
74505,Operator,2,basisberoepsopleiding,"BBL,BOL",hg011,Techniek en procesindustrie,sg040,Procestechniek,23305,Industriële processen,01,Techniek en gebouwde omgeving
74506,Allround operator,3,vakopleiding,"BBL,BOL",hg011,Techniek en procesindustrie,sg040,Procestechniek,23305,Industriële processen,01,Techniek en gebouwde omgeving
74507,Hoofdoperator,4,middenkaderopleiding,"BBL,BOL",hg011,Techniek en procesindustrie,sg040,Procestechniek,23321,Procestechniek,01,Techniek en gebouwde omgeving
74508,Chemisch-fysisch analist,4,middenkaderopleiding,"BBL,BOL",hg003,"Ambacht, laboratorium en gezondheidstechniek",sg027,Laboratoriumtechniek,23380,Analisten,01,Techniek en gebouwde omgeving
75001,Ondernemer Horeca Bakkerij,4,middenkaderopleiding,"BBL,BOL",hg007,Horeca en bakkerij,sg021,Horeca,23087,Ondernemer horeca/bakkerij,06,"Voedsel, groen en gastvrijheid"
75002,Commercieel medewerker reizen,2,basisberoepsopleiding,"BBL,BOL",hg012,Toerisme en recreatie,sg051,Toerisme,23264,"Travel, leisure & hospitality",06,"Voedsel, groen en gastvrijheid"
75003,Commercieel medewerker reizen,3,vakopleiding,"BBL,BOL",hg012,Toerisme en recreatie,sg051,Toerisme,23264,"Travel, leisure & hospitality",06,"Voedsel, groen en gastvrijheid"
75004,Vakman/vakvrouw Banketbakker,2,basisberoepsopleiding,"BBL,BOL",hg007,Horeca en bakkerij,sg005,Brood en banket,23295,Brood en banket,06,"Voedsel, groen en gastvrijheid"
75005,Vakman/vakvrouw Banketbakker,3,vakopleiding,"BBL,BOL",hg007,Horeca en bakkerij,sg005,Brood en banket,23295,Brood en banket,06,"Voedsel, groen en gastvrijheid"
75501,Vormgever/medewerker ruimtelijke presentatie en communicatie,2,basisberoepsopleiding,"BBL,BOL",hg009,Media en vormgeving,sg043,Ruimtelijke vormgeving,23326,Ruimtelijke vormgeving,05,Ict en creatieve industrie
75502,Vormgever/medewerker ruimtelijke presentatie en communicatie,4,middenkaderopleiding,"BBL,BOL",hg009,Media en vormgeving,sg043,Ruimtelijke vormgeving,23326,Ruimtelijke vormgeving,05,Ict en creatieve industrie
75503,Medewerker schilderen,2,basisberoepsopleiding,"BBL,BOL",hg001,"Afbouw, hout en onderhoud",sg045,Schilderen en onderhoud,23236,Schilderen,01,Techniek en gebouwde omgeving
75504,Medewerker stukadoren,2,basisberoepsopleiding,"BBL,BOL",hg001,"Afbouw, hout en onderhoud",sg049,Stukadoren en afbouw,23027,Stukadoren,01,Techniek en gebouwde omgeving
76001,Logistiek medewerker,2,basisberoepsopleiding,"BBL,BOL",hg013,"Transport, scheepvaart en logistiek",sg028,Logistiek,23309,Logistiek,02,"Mobiliteit, transport, logistiek en maritiem"
76003,Chauffeur personenvervoer,2,basisberoepsopleiding,"BBL,BOL",hg013,"Transport, scheepvaart en logistiek",sg057,Weg- en railtransport,23276,Personenvervoer,02,"Mobiliteit, transport, logistiek en maritiem"
76501,Machinist bouw/infra,3,vakopleiding,"BBL,BOL",hg004,Bouw en infra,sg024,Infrastructuur,23379,Machinisten,01,Techniek en gebouwde omgeving
76502,Middenkaderfunctionaris Bouw-Infra,4,middenkaderopleiding,"BBL,BOL",hg004,Bouw en infra,sg004,Bouwkunde,23353,Middenkader bouw en infra,01,Techniek en gebouwde omgeving
77001,Verkoopadviseur Motorvoertuigen,3,vakopleiding,"BBL,BOL",hg010,Mobiliteit en voertuigen,sg034,Mobiliteitstechniek,23292,(After)sales in de mobiliteitsbranche,02,"Mobiliteit, transport, logistiek en maritiem"
77501,Arbeidsmarktgekwalificeerd Assistent,1,entreeopleiding,"BBL,BOL",hg002,Entree,sg061,Entree,23301,Entree,09,Entree
78001,Technisch oogheelkundig assistent,4,middenkaderopleiding,"BBL,BOL",hg003,"Ambacht, laboratorium en gezondheidstechniek",sg017,Gezondheidstechniek,23272,Technisch oogheelkundig assistenten,08,Specialistisch vakmanschap
79000,Bouw en infra,,,BOL,hg004,Bouw en infra,sg000,niet gespecificeerd naar subgroep,0,,00,niet gespecificeerd naar sector
79010,"Afbouw, hout en onderhoud",,,BOL,hg001,"Afbouw, hout en onderhoud",sg000,niet gespecificeerd naar subgroep,0,,00,niet gespecificeerd naar sector
79020,Techniek en procesindustrie,,,BOL,hg011,Techniek en procesindustrie,sg000,niet gespecificeerd naar subgroep,0,,00,niet gespecificeerd naar sector
79030,"Ambacht, laboratorium en gezondheidstechniek",,,BOL,hg003,"Ambacht, laboratorium en gezondheidstechniek",sg000,niet gespecificeerd naar subgroep,0,,00,niet gespecificeerd naar sector
79040,Media en vormgeving,,,BOL,hg009,Media en vormgeving,sg000,niet gespecificeerd naar subgroep,0,,00,niet gespecificeerd naar sector
79050,Informatie en communicatietechnologie,,,BOL,hg008,Informatie en communicatietechnologie,sg000,niet gespecificeerd naar subgroep,0,,00,niet gespecificeerd naar sector
79060,Mobiliteit en voertuigen,,,BOL,hg010,Mobiliteit en voertuigen,sg000,niet gespecificeerd naar subgroep,0,,00,niet gespecificeerd naar sector
79070,"Transport, scheepvaart en logistiek",,,BOL,hg013,"Transport, scheepvaart en logistiek",sg000,niet gespecificeerd naar subgroep,0,,00,niet gespecificeerd naar sector
79080,Handel en ondernemerschap,,,BOL,hg006,Handel en ondernemerschap,sg000,niet gespecificeerd naar subgroep,0,,00,niet gespecificeerd naar sector
79090,Economie en administratie,,,BOL,hg005,Economie en administratie,sg000,niet gespecificeerd naar subgroep,0,,00,niet gespecificeerd naar sector
79100,Veiligheid en sport,,,BOL,hg015,Veiligheid en sport,sg000,niet gespecificeerd naar subgroep,0,,00,niet gespecificeerd naar sector
79110,Uiterlijke verzorging,,,BOL,hg014,Uiterlijke verzorging,sg000,niet gespecificeerd naar subgroep,0,,00,niet gespecificeerd naar sector
79120,Horeca en bakkerij,,,BOL,hg007,Horeca en bakkerij,sg000,niet gespecificeerd naar subgroep,0,,00,niet gespecificeerd naar sector
79130,Toerisme en recreatie,,,BOL,hg012,Toerisme en recreatie,sg000,niet gespecificeerd naar subgroep,0,,00,niet gespecificeerd naar sector
79140,Zorg en welzijn,,,BOL,hg017,Zorg en welzijn,sg000,niet gespecificeerd naar subgroep,0,,00,niet gespecificeerd naar sector
79150,"Voedsel, natuur en leefomgeving (EL&I)",,,BOL,hg016,"Voedsel, natuur en leefomgeving",sg000,niet gespecificeerd naar subgroep,0,,00,niet gespecificeerd naar sector
79160,"Voedsel, natuur en leefomgeving",,,BOL,hg016,"Voedsel, natuur en leefomgeving",sg000,niet gespecificeerd naar subgroep,0,,00,niet gespecificeerd naar sector
79999,AKA,,,,hg002,Entree,sg061,Entree,23301,Entree,09,Entree
90010,Allround operator,3,vakopleiding,"BBL,BOL",hg011,Techniek en procesindustrie,sg040,Procestechniek,23305,Industriële processen,01,Techniek en gebouwde omgeving
90011,Allround operator productietechniek,3,vakopleiding,"BBL,BOL,OVO",hg011,Techniek en procesindustrie,sg040,Procestechniek,23305,Industriële processen,01,Techniek en gebouwde omgeving
90012,Operator B,3,vakopleiding,"BBL,BOL,OVO",hg011,Techniek en procesindustrie,sg040,Procestechniek,23305,Industriële processen,01,Techniek en gebouwde omgeving
90013,Allround operator (Specialist textiel),3,vakopleiding,"BBL,BOL",hg011,Techniek en procesindustrie,sg040,Procestechniek,23305,Industriële processen,01,Techniek en gebouwde omgeving
90014,Allround voedingsoperator,3,vakopleiding,"BBL,BOL,OVO",hg016,"Voedsel, natuur en leefomgeving",sg053,Verse voeding,23227,Vers: vakmanschap & industrie,06,"Voedsel, groen en gastvrijheid"
90015,Specialist textiel,3,vakopleiding,"BBL,BOL,OVO",hg011,Techniek en procesindustrie,sg040,Procestechniek,23305,Industriële processen,01,Techniek en gebouwde omgeving
90020,Applicatieontwikkelaar,4,middenkaderopleiding,"BBL,BOL",hg008,Informatie en communicatietechnologie,sg023,ICT en media,23399,Software development,05,Ict en creatieve industrie
90030,Artiest,4,middenkaderopleiding,"BBL,BOL",hg017,Zorg en welzijn,sg008,Cultureel werk,23266,Artiesten,05,Ict en creatieve industrie
90031,Dans,4,middenkaderopleiding,"BBL,BOL,OVO",hg017,Zorg en welzijn,sg008,Cultureel werk,23266,Artiesten,05,Ict en creatieve industrie
90032,Drama,4,middenkaderopleiding,"BBL,BOL,OVO",hg017,Zorg en welzijn,sg008,Cultureel werk,23266,Artiesten,05,Ict en creatieve industrie
90033,Musical,4,middenkaderopleiding,"BBL,BOL,OVO",hg017,Zorg en welzijn,sg008,Cultureel werk,23266,Artiesten,05,Ict en creatieve industrie
90034,Artiest (Muziek),4,middenkaderopleiding,"BBL,BOL",hg017,Zorg en welzijn,sg008,Cultureel werk,23266,Artiesten,05,Ict en creatieve industrie
90035,Artiest (Sounddesign),4,middenkaderopleiding,"BBL,BOL",hg017,Zorg en welzijn,sg008,Cultureel werk,23266,Artiesten,05,Ict en creatieve industrie
90036,Artiest (Muziek sounddesign),4,middenkaderopleiding,"BBL,BOL",hg017,Zorg en welzijn,sg008,Cultureel werk,23266,Artiesten,05,Ict en creatieve industrie
90037,Artiest (Muziek uitvoerend),4,middenkaderopleiding,"BBL,BOL",hg017,Zorg en welzijn,sg008,Cultureel werk,23266,Artiesten,05,Ict en creatieve industrie
90038,Muziek,4,middenkaderopleiding,"BBL,BOL,OVO",hg017,Zorg en welzijn,sg008,Cultureel werk,23266,Artiesten,05,Ict en creatieve industrie
90040,Assistent voedingsindustrie,1,entreeopleiding,"BBL,BOL",hg002,Entree,sg061,Entree,23301,Entree,09,Entree
90050,AV-productie,2,basisberoepsopleiding,"BBL,BOL",hg009,Media en vormgeving,sg032,Mediatechniek,23294,AV-productie,05,Ict en creatieve industrie
90051,Medewerker fotografie,2,basisberoepsopleiding,"BBL,BOL,OVO",hg009,Media en vormgeving,sg032,Mediatechniek,23294,AV-productie,05,Ict en creatieve industrie
90052,Medewerker fotografie,2,basisberoepsopleiding,"BBL,BOL,OVO",hg009,Media en vormgeving,sg032,Mediatechniek,23294,AV-productie,05,Ict en creatieve industrie
90053,Medewerker fotografie,2,basisberoepsopleiding,"BBL,BOL,OVO",hg009,Media en vormgeving,sg032,Mediatechniek,23294,AV-productie,05,Ict en creatieve industrie
90060,AV-productie,3,vakopleiding,"BBL,BOL",hg009,Media en vormgeving,sg032,Mediatechniek,23294,AV-productie,05,Ict en creatieve industrie
90061,Allround medewerker AV-productie,3,vakopleiding,"BBL,BOL,OVO",hg009,Media en vormgeving,sg032,Mediatechniek,23294,AV-productie,05,Ict en creatieve industrie
90062,Allround medewerker AV-productie,3,vakopleiding,"BBL,BOL,OVO",hg009,Media en vormgeving,sg032,Mediatechniek,23294,AV-productie,05,Ict en creatieve industrie
90063,Allround medewerker AV-productie,3,vakopleiding,"BBL,BOL,OVO",hg009,Media en vormgeving,sg032,Mediatechniek,23294,AV-productie,05,Ict en creatieve industrie
90070,AV-productie,4,middenkaderopleiding,"BBL,BOL",hg009,Media en vormgeving,sg032,Mediatechniek,23294,AV-productie,05,Ict en creatieve industrie
90071,AV-productie (Beeldtechnicus KC GOC),4,middenkaderopleiding,"BBL,BOL",hg009,Media en vormgeving,sg032,Mediatechniek,23294,AV-productie,05,Ict en creatieve industrie
90072,AV-productie (Beeldtechnicus Savantis),4,middenkaderopleiding,"BBL,BOL",hg009,Media en vormgeving,sg032,Mediatechniek,23294,AV-productie,05,Ict en creatieve industrie
90073,AV-productie (Cameraman KC GOC),4,middenkaderopleiding,"BBL,BOL",hg009,Media en vormgeving,sg032,Mediatechniek,23294,AV-productie,05,Ict en creatieve industrie
90074,AV-productie (Cameraman Savantis),4,middenkaderopleiding,"BBL,BOL",hg009,Media en vormgeving,sg032,Mediatechniek,23294,AV-productie,05,Ict en creatieve industrie
90075,Fotograaf,4,middenkaderopleiding,"BBL,BOL,OVO",hg009,Media en vormgeving,sg032,Mediatechniek,23294,AV-productie,05,Ict en creatieve industrie
90076,Fotograaf,4,middenkaderopleiding,"BBL,BOL,OVO",hg009,Media en vormgeving,sg032,Mediatechniek,23294,AV-productie,05,Ict en creatieve industrie
90077,AV-productie (Geluidstechnicus Savantis),4,middenkaderopleiding,"BBL,BOL",hg009,Media en vormgeving,sg032,Mediatechniek,23294,AV-productie,05,Ict en creatieve industrie
90078,AV-productie (Lichttechnicus Savantis),4,middenkaderopleiding,"BBL,BOL",hg009,Media en vormgeving,sg032,Mediatechniek,23294,AV-productie,05,Ict en creatieve industrie
90079,AV-productie (Video-editor Savantis),4,middenkaderopleiding,"BBL,BOL",hg009,Media en vormgeving,sg032,Mediatechniek,23294,AV-productie,05,Ict en creatieve industrie
90081,AV-productie (Beeldtechnicus KC PMLF),4,middenkaderopleiding,"BBL,BOL",hg009,Media en vormgeving,sg032,Mediatechniek,23294,AV-productie,05,Ict en creatieve industrie
90082,AV-productie (Cameraman KC PMLF),4,middenkaderopleiding,"BBL,BOL",hg009,Media en vormgeving,sg032,Mediatechniek,23294,AV-productie,05,Ict en creatieve industrie
90083,Fotograaf,4,middenkaderopleiding,"BBL,BOL,OVO",hg009,Media en vormgeving,sg032,Mediatechniek,23294,AV-productie,05,Ict en creatieve industrie
90084,AV-productie (Geluidstechnicus KC GOC),4,middenkaderopleiding,"BBL,BOL",hg009,Media en vormgeving,sg032,Mediatechniek,23294,AV-productie,05,Ict en creatieve industrie
90085,AV-productie (Geluidstechnicus KC PMLF),4,middenkaderopleiding,"BBL,BOL",hg009,Media en vormgeving,sg032,Mediatechniek,23294,AV-productie,05,Ict en creatieve industrie
90086,AV-productie (Lichttechnicus KC GOC),4,middenkaderopleiding,"BBL,BOL",hg009,Media en vormgeving,sg032,Mediatechniek,23294,AV-productie,05,Ict en creatieve industrie
90087,AV-productie (Lichttechnicus KC PMLF),4,middenkaderopleiding,"BBL,BOL",hg009,Media en vormgeving,sg032,Mediatechniek,23294,AV-productie,05,Ict en creatieve industrie
90088,AV-productie (Video-editor KC GOC),4,middenkaderopleiding,"BBL,BOL",hg009,Media en vormgeving,sg032,Mediatechniek,23294,AV-productie,05,Ict en creatieve industrie
90089,AV-productie (Video-editor KC PMLF),4,middenkaderopleiding,"BBL,BOL",hg009,Media en vormgeving,sg032,Mediatechniek,23294,AV-productie,05,Ict en creatieve industrie
90090,Bedrijfsvoertuigtechnicus,2,basisberoepsopleiding,"BBL,BOL",hg010,Mobiliteit en voertuigen,sg034,Mobiliteitstechniek,23273,Voertuigen en mobiele werktuigen,02,"Mobiliteit, transport, logistiek en maritiem"
90100,Vestigingsmanager groothandel,4,middenkaderopleiding,"BBL,BOL",hg005,Economie en administratie,sg059,Zakelijke dienstverlening,23354,Commercie,04,Handel
90110,Commercieel medewerker,3,vakopleiding,"BBL,BOL",hg005,Economie en administratie,sg059,Zakelijke dienstverlening,23354,Commercie,04,Handel
90111,Commercieel medewerker binnendienst,3,vakopleiding,"BBL,BOL,OVO",hg005,Economie en administratie,sg059,Zakelijke dienstverlening,23354,Commercie,04,Handel
90112,Commercieel medewerker binnendienst,3,vakopleiding,"BBL,BOL,OVO",hg005,Economie en administratie,sg059,Zakelijke dienstverlening,23354,Commercie,04,Handel
90113,Commercieel medewerker buitendienst,3,vakopleiding,"BBL,BOL,OVO",hg005,Economie en administratie,sg059,Zakelijke dienstverlening,23354,Commercie,04,Handel
90114,Contactcenter medewerker,3,vakopleiding,"BBL,BOL,OVO",hg005,Economie en administratie,sg059,Zakelijke dienstverlening,23354,Commercie,04,Handel
90120,Dakdekker,2,basisberoepsopleiding,"BBL,BOL",hg004,Bouw en infra,sg004,Bouwkunde,23352,Dakdekken,01,Techniek en gebouwde omgeving
90121,Dakdekker (Dakdekker bitumen en kunststof),2,basisberoepsopleiding,"BBL,BOL",hg004,Bouw en infra,sg004,Bouwkunde,23352,Dakdekken,01,Techniek en gebouwde omgeving
90122,Dakdekker (Dakdekker leien),2,basisberoepsopleiding,"BBL,BOL",hg004,Bouw en infra,sg004,Bouwkunde,23352,Dakdekken,01,Techniek en gebouwde omgeving
90123,Dakdekker (Dakdekker metaal),2,basisberoepsopleiding,"BBL,BOL",hg004,Bouw en infra,sg004,Bouwkunde,23352,Dakdekken,01,Techniek en gebouwde omgeving
90124,Dakdekker (Dakdekker pannen),2,basisberoepsopleiding,"BBL,BOL",hg004,Bouw en infra,sg004,Bouwkunde,23352,Dakdekken,01,Techniek en gebouwde omgeving
90125,Dakdekker (Dakdekker riet),2,basisberoepsopleiding,"BBL,BOL",hg004,Bouw en infra,sg004,Bouwkunde,23352,Dakdekken,01,Techniek en gebouwde omgeving
90130,Dierverzorger (Proefdierverzorger),3,vakopleiding,"BBL,BOL",hg016,"Voedsel, natuur en leefomgeving",sg011,Dier,23298,Dierverzorging,06,"Voedsel, groen en gastvrijheid"
90140,Dierverzorger (Biotechnicus),4,middenkaderopleiding,"BBL,BOL",hg016,"Voedsel, natuur en leefomgeving",sg011,Dier,23368,Gespecialiseerde proefdierverzorging,06,"Voedsel, groen en gastvrijheid"
90150,Distributiemonteur,2,basisberoepsopleiding,"BBL,BOL",hg011,Techniek en procesindustrie,sg025,Installatietechniek,23404,Infratechniek,01,Techniek en gebouwde omgeving
90160,Distributiemonteur,3,vakopleiding,"BBL,BOL",hg011,Techniek en procesindustrie,sg025,Installatietechniek,23404,Infratechniek,01,Techniek en gebouwde omgeving
90161,Distributiemonteur (Monteur elektrodistributie),3,vakopleiding,"BBL,BOL",hg011,Techniek en procesindustrie,sg025,Installatietechniek,23404,Infratechniek,01,Techniek en gebouwde omgeving
90162,Distributiemonteur (Monteur gasdistributie),3,vakopleiding,"BBL,BOL",hg011,Techniek en procesindustrie,sg025,Installatietechniek,23404,Infratechniek,01,Techniek en gebouwde omgeving
90163,Distributiemonteur (Monteur warmtedistributie),3,vakopleiding,"BBL,BOL",hg011,Techniek en procesindustrie,sg025,Installatietechniek,23404,Infratechniek,01,Techniek en gebouwde omgeving
90164,Distributiemonteur (Monteur waterdistributie),3,vakopleiding,"BBL,BOL",hg011,Techniek en procesindustrie,sg025,Installatietechniek,23404,Infratechniek,01,Techniek en gebouwde omgeving
90165,Distributiemonteur (Servicemonteur aansluitingen),3,vakopleiding,"BBL,BOL",hg011,Techniek en procesindustrie,sg025,Installatietechniek,23404,Infratechniek,01,Techniek en gebouwde omgeving
90170,Distributiemonteur,4,middenkaderopleiding,"BBL,BOL",hg011,Techniek en procesindustrie,sg025,Installatietechniek,23410,Infratechniek (kader),01,Techniek en gebouwde omgeving
90171,Distributiemonteur (Technicus elektrodistributie),4,middenkaderopleiding,"BBL,BOL",hg011,Techniek en procesindustrie,sg025,Installatietechniek,23410,Infratechniek (kader),01,Techniek en gebouwde omgeving
90172,Distributiemonteur (Technicus gasdistributie),4,middenkaderopleiding,"BBL,BOL",hg011,Techniek en procesindustrie,sg025,Installatietechniek,23410,Infratechniek (kader),01,Techniek en gebouwde omgeving
90173,Distributiemonteur (Technicus warmtedistributie),4,middenkaderopleiding,"BBL,BOL",hg011,Techniek en procesindustrie,sg025,Installatietechniek,23410,Infratechniek (kader),01,Techniek en gebouwde omgeving
90180,DTP-er,2,basisberoepsopleiding,"BBL,BOL",hg009,Media en vormgeving,sg032,Mediatechniek,23237,Mediamaken,05,Ict en creatieve industrie
90181,DTP-er (Medewerker DTP KC GOC),2,basisberoepsopleiding,"BBL,BOL",hg009,Media en vormgeving,sg032,Mediatechniek,23237,Mediamaken,05,Ict en creatieve industrie
90182,DTP-er (Medewerker DTP Savantis),2,basisberoepsopleiding,"BBL,BOL",hg009,Media en vormgeving,sg032,Mediatechniek,23237,Mediamaken,05,Ict en creatieve industrie
90190,DTP-er,3,vakopleiding,"BBL,BOL",hg009,Media en vormgeving,sg032,Mediatechniek,23237,Mediamaken,05,Ict en creatieve industrie
90191,DTP-er (Allround DTP-er KC GOC),3,vakopleiding,"BBL,BOL",hg009,Media en vormgeving,sg032,Mediatechniek,23237,Mediamaken,05,Ict en creatieve industrie
90192,DTP-er (Allround DTP-er Savantis),3,vakopleiding,"BBL,BOL",hg009,Media en vormgeving,sg032,Mediatechniek,23237,Mediamaken,05,Ict en creatieve industrie
90200,Logistiek groepsleider,3,vakopleiding,"BBL,BOL",hg013,"Transport, scheepvaart en logistiek",sg028,Logistiek,23309,Logistiek,02,"Mobiliteit, transport, logistiek en maritiem"
90201,Logistiek teamleider,3,vakopleiding,"BBL,BOL,OVO",hg013,"Transport, scheepvaart en logistiek",sg028,Logistiek,23309,Logistiek,02,"Mobiliteit, transport, logistiek en maritiem"
90202,Logistiek teamleider,3,vakopleiding,"BBL,BOL,OVO",hg013,"Transport, scheepvaart en logistiek",sg028,Logistiek,23309,Logistiek,02,"Mobiliteit, transport, logistiek en maritiem"
90210,Logistiek supervisor,4,middenkaderopleiding,"BBL,BOL",hg013,"Transport, scheepvaart en logistiek",sg028,Logistiek,23310,Management transport en logistiek,02,"Mobiliteit, transport, logistiek en maritiem"
90211,Logistiek supervisor (Logistiek supervisor KC Handel),4,middenkaderopleiding,"BBL,BOL",hg013,"Transport, scheepvaart en logistiek",sg028,Logistiek,23310,Management transport en logistiek,02,"Mobiliteit, transport, logistiek en maritiem"
90212,Logistiek supervisor (Logistiek Supervisor Mobiliteitsbranche ),4,middenkaderopleiding,"BBL,BOL",hg013,"Transport, scheepvaart en logistiek",sg028,Logistiek,23310,Management transport en logistiek,02,"Mobiliteit, transport, logistiek en maritiem"
90213,Logistiek supervisor (Logistiek supervisor VTL),4,middenkaderopleiding,"BBL,BOL",hg013,"Transport, scheepvaart en logistiek",sg028,Logistiek,23310,Management transport en logistiek,02,"Mobiliteit, transport, logistiek en maritiem"
90214,Logistiek supervisor (Logistiek supervisor confectie- en textielbranche) LIFTgroup,4,middenkaderopleiding,"BBL,BOL",hg013,"Transport, scheepvaart en logistiek",sg028,Logistiek,23310,Management transport en logistiek,02,"Mobiliteit, transport, logistiek en maritiem"
90215,Logistiek supervisor,4,middenkaderopleiding,"BBL,BOL,OVO",hg013,"Transport, scheepvaart en logistiek",sg028,Logistiek,23310,Management transport en logistiek,02,"Mobiliteit, transport, logistiek en maritiem"
90216,Logistiek supervisor,4,middenkaderopleiding,"BBL,BOL,OVO",hg013,"Transport, scheepvaart en logistiek",sg028,Logistiek,23310,Management transport en logistiek,02,"Mobiliteit, transport, logistiek en maritiem"
90217,Logistiek supervisor,4,middenkaderopleiding,"BBL,BOL,OVO",hg013,"Transport, scheepvaart en logistiek",sg028,Logistiek,23310,Management transport en logistiek,02,"Mobiliteit, transport, logistiek en maritiem"
90220,ICT-beheerder,4,middenkaderopleiding,"BBL,BOL",hg008,Informatie en communicatietechnologie,sg023,ICT en media,23405,ICT support and systems,05,Ict en creatieve industrie
90221,ICT-beheerder (Real-time systemen),4,middenkaderopleiding,"BBL,BOL",hg008,Informatie en communicatietechnologie,sg023,ICT en media,23405,ICT support and systems,05,Ict en creatieve industrie
90222,ICT-beheerder (Servicedesk),4,middenkaderopleiding,"BBL,BOL",hg008,Informatie en communicatietechnologie,sg023,ICT en media,23405,ICT support and systems,05,Ict en creatieve industrie
90230,Medewerker beheer ICT,3,vakopleiding,"BBL,BOL",hg008,Informatie en communicatietechnologie,sg023,ICT en media,23405,ICT support and systems,05,Ict en creatieve industrie
90240,Operator C,4,middenkaderopleiding,"BBL,BOL,OVO",hg011,Techniek en procesindustrie,sg040,Procestechniek,23321,Procestechniek,01,Techniek en gebouwde omgeving
90250,Logistiek medewerker,2,basisberoepsopleiding,"BBL,BOL",hg013,"Transport, scheepvaart en logistiek",sg028,Logistiek,23309,Logistiek,02,"Mobiliteit, transport, logistiek en maritiem"
90251,Logistiek medewerker (Logistiek medewerker balieshopmedewerker ),2,basisberoepsopleiding,"BBL,BOL",hg013,"Transport, scheepvaart en logistiek",sg028,Logistiek,23309,Logistiek,02,"Mobiliteit, transport, logistiek en maritiem"
90252,Logistiek medewerker,2,basisberoepsopleiding,"BBL,BOL,OVO",hg013,"Transport, scheepvaart en logistiek",sg028,Logistiek,23309,Logistiek,02,"Mobiliteit, transport, logistiek en maritiem"
90253,Logistiek medewerker (Logistiek medewerker Mobiliteitsbranche ),2,basisberoepsopleiding,"BBL,BOL",hg013,"Transport, scheepvaart en logistiek",sg028,Logistiek,23309,Logistiek,02,"Mobiliteit, transport, logistiek en maritiem"
90254,Logistiek medewerker (Logistiek medewerker SVO),2,basisberoepsopleiding,"BBL,BOL",hg016,"Voedsel, natuur en leefomgeving",sg053,Verse voeding,23227,Vers: vakmanschap & industrie,06,"Voedsel, groen en gastvrijheid"
90255,Logistiek medewerker,2,basisberoepsopleiding,"BBL,BOL,OVO",hg013,"Transport, scheepvaart en logistiek",sg028,Logistiek,23309,Logistiek,02,"Mobiliteit, transport, logistiek en maritiem"
90256,Logistiek medewerker (Logistiek medewerker confectie- en textielbranche) LIFTgroup,2,basisberoepsopleiding,"BBL,BOL",hg013,"Transport, scheepvaart en logistiek",sg028,Logistiek,23309,Logistiek,02,"Mobiliteit, transport, logistiek en maritiem"
90257,Logistiek medewerker (Logistiek medewerker groothandel),2,basisberoepsopleiding,"BBL,BOL",hg013,"Transport, scheepvaart en logistiek",sg028,Logistiek,23309,Logistiek,02,"Mobiliteit, transport, logistiek en maritiem"
90260,Middenkaderfunctionaris Bouw-Infra,4,middenkaderopleiding,"BBL,BOL",hg004,Bouw en infra,sg004,Bouwkunde,23353,Middenkader bouw en infra,01,Techniek en gebouwde omgeving
90261,Middenkaderfunctionaris Bouw-Infra (Middenkaderfunctionaris Bouw-Infra: Bouw),4,middenkaderopleiding,"BBL,BOL",hg004,Bouw en infra,sg004,Bouwkunde,23353,Middenkader bouw en infra,01,Techniek en gebouwde omgeving
90262,Middenkaderfunctionaris Bouw-Infra (Middenkaderfunctionaris Bouw-Infra: Infra),4,middenkaderopleiding,"BBL,BOL",hg004,Bouw en infra,sg004,Bouwkunde,23353,Middenkader bouw en infra,01,Techniek en gebouwde omgeving
90263,Middenkaderfunctionaris Bouw-Infra (Middenkaderfunctionaris Bouw-Infra: Landmeetkundige),4,middenkaderopleiding,"BBL,BOL",hg004,Bouw en infra,sg004,Bouwkunde,23353,Middenkader bouw en infra,01,Techniek en gebouwde omgeving
90264,Middenkaderfunctionaris Bouw-Infra (Middenkaderfunctionaris Bouw-Infra: Verkeer en Stedenbouw),4,middenkaderopleiding,"BBL,BOL",hg004,Bouw en infra,sg004,Bouwkunde,23353,Middenkader bouw en infra,01,Techniek en gebouwde omgeving
90270,Milieufunctionaris,4,middenkaderopleiding,"BBL,BOL,OVO",hg016,"Voedsel, natuur en leefomgeving",sg036,Natuur en groene ruimte,23234,Advies en onderzoek leefomgeving,06,"Voedsel, groen en gastvrijheid"
90280,Netwerkbeheerder,4,middenkaderopleiding,"BBL,BOL",hg008,Informatie en communicatietechnologie,sg023,ICT en media,23405,ICT support and systems,05,Ict en creatieve industrie
90290,Ondernemer detailhandel,4,middenkaderopleiding,"BBL,BOL,OVO",hg006,Handel en ondernemerschap,sg031,Management en ondernemerschap,23355,Ondernemerschap handel,04,Handel
90300,Ondernemer horeca/bakkerij,4,middenkaderopleiding,"BBL,BOL",hg007,Horeca en bakkerij,sg021,Horeca,23087,Ondernemer horeca/bakkerij,06,"Voedsel, groen en gastvrijheid"
90301,Manager/ondernemer café-bar,4,middenkaderopleiding,"BBL,BOL,OVO",hg007,Horeca en bakkerij,sg021,Horeca,23087,Ondernemer horeca/bakkerij,06,"Voedsel, groen en gastvrijheid"
90302,Manager/ondernemer fastservice,4,middenkaderopleiding,"BBL,BOL,OVO",hg007,Horeca en bakkerij,sg021,Horeca,23087,Ondernemer horeca/bakkerij,06,"Voedsel, groen en gastvrijheid"
90303,Manager/ondernemer horeca,4,middenkaderopleiding,"BBL,BOL,OVO",hg007,Horeca en bakkerij,sg021,Horeca,23087,Ondernemer horeca/bakkerij,06,"Voedsel, groen en gastvrijheid"
90304,Ondernemer bakkerij,4,middenkaderopleiding,"BBL,BOL,OVO",hg007,Horeca en bakkerij,sg021,Horeca,23087,Ondernemer horeca/bakkerij,06,"Voedsel, groen en gastvrijheid"
90310,Operator,2,basisberoepsopleiding,"BBL,BOL",hg011,Techniek en procesindustrie,sg040,Procestechniek,23321,Procestechniek,01,Techniek en gebouwde omgeving
90311,Operator A,2,basisberoepsopleiding,"BBL,BOL,OVO",hg011,Techniek en procesindustrie,sg040,Procestechniek,23305,Industriële processen,01,Techniek en gebouwde omgeving
90312,Operator productietechniek,2,basisberoepsopleiding,"BBL,BOL,OVO",hg011,Techniek en procesindustrie,sg040,Procestechniek,23305,Industriële processen,01,Techniek en gebouwde omgeving
90313,Voedingsoperator,2,basisberoepsopleiding,"BBL,BOL,OVO",hg016,"Voedsel, natuur en leefomgeving",sg053,Verse voeding,23227,Vers: vakmanschap & industrie,06,"Voedsel, groen en gastvrijheid"
90314,Operator textiel,2,basisberoepsopleiding,"BBL,BOL,OVO",hg011,Techniek en procesindustrie,sg040,Procestechniek,23305,Industriële processen,01,Techniek en gebouwde omgeving
90320,Podium- en evenemententechniek (Medewerker Podium- en evenemententechniek),2,basisberoepsopleiding,"BBL,BOL",hg009,Media en vormgeving,sg014,Evenemententechniek,23319,Podium- en evenemententechniek,05,Ict en creatieve industrie
90330,Podium- en evenemententechniek (Podiumtechnicus),3,vakopleiding,"BBL,BOL",hg009,Media en vormgeving,sg014,Evenemententechniek,23319,Podium- en evenemententechniek,05,Ict en creatieve industrie
90340,Podium- en evenemententechniek (Podiumtechnicus toneel),4,middenkaderopleiding,"BBL,BOL",hg009,Media en vormgeving,sg014,Evenemententechniek,23319,Podium- en evenemententechniek,05,Ict en creatieve industrie
90350,Praktijkopleider,4,specialistenopleiding,"BBL,BOL,OVO",hg017,Zorg en welzijn,sg039,Pedagogisch werk,23320,Praktijkopleider,03,"Zorg, welzijn en sport"
90360,Medewerker ICT,2,basisberoepsopleiding,"BBL,BOL",hg008,Informatie en communicatietechnologie,sg026,Kantoorautomatisering,23400,ICT support,05,Ict en creatieve industrie
90370,Timmerkracht,2,basisberoepsopleiding,"BBL,BOL",hg004,Bouw en infra,sg004,Bouwkunde,23331,Timmeren,01,Techniek en gebouwde omgeving
90380,Verkoopspecialist,3,vakopleiding,"BBL,BOL",hg006,Handel en ondernemerschap,sg010,Detailhandel en groothandel,23325,Retail advies,04,Handel
90381,Verkoopadviseur wonen,3,vakopleiding,"BBL,BOL,OVO",hg006,Handel en ondernemerschap,sg010,Detailhandel en groothandel,23325,Retail advies,04,Handel
90382,Verkoopmedewerker showroom,3,vakopleiding,"BBL,BOL,OVO",hg006,Handel en ondernemerschap,sg010,Detailhandel en groothandel,23325,Retail advies,04,Handel
90383,Verkoopspecialist detailhandel,3,vakopleiding,"BBL,BOL,OVO",hg006,Handel en ondernemerschap,sg010,Detailhandel en groothandel,23325,Retail advies,04,Handel
90384,Eerste verkoper,3,vakopleiding,"BBL,BOL,OVO",hg006,Handel en ondernemerschap,sg010,Detailhandel en groothandel,23325,Retail advies,04,Handel
90385,Verkoopspecialist mode,3,vakopleiding,"BBL,BOL,OVO",hg006,Handel en ondernemerschap,sg010,Detailhandel en groothandel,23325,Retail advies,04,Handel
90386,Verkoopspecialist elektrotechnische detailhandel,3,vakopleiding,"BBL,BOL,OVO",hg006,Handel en ondernemerschap,sg010,Detailhandel en groothandel,23325,Retail advies,04,Handel
90390,Verkoper,2,basisberoepsopleiding,"BBL,BOL",hg006,Handel en ondernemerschap,sg010,Detailhandel en groothandel,23324,Retail operationeel,04,Handel
90400,Mediavormgever,4,middenkaderopleiding,"BBL,BOL",hg009,Media en vormgeving,sg033,Mediavormgeving,23257,Mediavormgeving,05,Ict en creatieve industrie
90401,Animatie/audiovisuele vormgeving,4,middenkaderopleiding,"BBL,BOL,OVO",hg009,Media en vormgeving,sg033,Mediavormgeving,23257,Mediavormgeving,05,Ict en creatieve industrie
90402,Art & Design,4,middenkaderopleiding,"BBL,BOL,OVO",hg009,Media en vormgeving,sg033,Mediavormgeving,23257,Mediavormgeving,05,Ict en creatieve industrie
90403,Grafische vormgeving,4,middenkaderopleiding,"BBL,BOL,OVO",hg009,Media en vormgeving,sg033,Mediavormgeving,23257,Mediavormgeving,05,Ict en creatieve industrie
90404,Interactieve vormgeving,4,middenkaderopleiding,"BBL,BOL,OVO",hg009,Media en vormgeving,sg033,Mediavormgeving,23257,Mediavormgeving,05,Ict en creatieve industrie
90411,Animatie/audiovisuele vormgeving,4,middenkaderopleiding,"BBL,BOL,OVO",hg009,Media en vormgeving,sg033,Mediavormgeving,23257,Mediavormgeving,05,Ict en creatieve industrie
90412,Art & Design,4,middenkaderopleiding,"BBL,BOL,OVO",hg009,Media en vormgeving,sg033,Mediavormgeving,23257,Mediavormgeving,05,Ict en creatieve industrie
90413,Grafische vormgeving,4,middenkaderopleiding,"BBL,BOL,OVO",hg009,Media en vormgeving,sg033,Mediavormgeving,23257,Mediavormgeving,05,Ict en creatieve industrie
90414,Interactieve vormgeving,4,middenkaderopleiding,"BBL,BOL,OVO",hg009,Media en vormgeving,sg033,Mediavormgeving,23257,Mediavormgeving,05,Ict en creatieve industrie
90421,Animatie/audiovisuele vormgeving,4,middenkaderopleiding,"BBL,BOL,OVO",hg009,Media en vormgeving,sg033,Mediavormgeving,23257,Mediavormgeving,05,Ict en creatieve industrie
90422,Art & Design,4,middenkaderopleiding,"BBL,BOL,OVO",hg009,Media en vormgeving,sg033,Mediavormgeving,23257,Mediavormgeving,05,Ict en creatieve industrie
90423,Interactieve vormgeving,4,middenkaderopleiding,"BBL,BOL,OVO",hg009,Media en vormgeving,sg033,Mediavormgeving,23257,Mediavormgeving,05,Ict en creatieve industrie
90424,Grafische vormgeving,4,middenkaderopleiding,"BBL,BOL,OVO",hg009,Media en vormgeving,sg033,Mediavormgeving,23257,Mediavormgeving,05,Ict en creatieve industrie
90430,Juridisch medewerker,4,middenkaderopleiding,"BBL,BOL",hg005,Economie en administratie,sg059,Zakelijke dienstverlening,23296,Business Services,07,Zakelijke dienstverlening en veiligheid
90431,Juridisch medewerker (Arbeidsvoorziening en personeelswerk),4,middenkaderopleiding,"BBL,BOL",hg005,Economie en administratie,sg059,Zakelijke dienstverlening,23296,Business Services,07,Zakelijke dienstverlening en veiligheid
90432,Juridisch medewerker (Openbaar bestuur),4,middenkaderopleiding,"BBL,BOL",hg005,Economie en administratie,sg059,Zakelijke dienstverlening,23296,Business Services,07,Zakelijke dienstverlening en veiligheid
90433,Juridisch medewerker (Sociale zekerheid),4,middenkaderopleiding,"BBL,BOL",hg005,Economie en administratie,sg059,Zakelijke dienstverlening,23296,Business Services,07,Zakelijke dienstverlening en veiligheid
90434,Juridisch medewerker (Zakelijke dienstverlening),4,middenkaderopleiding,"BBL,BOL",hg005,Economie en administratie,sg059,Zakelijke dienstverlening,23296,Business Services,07,Zakelijke dienstverlening en veiligheid
90435,Juridisch medewerker (Personeel en arbeid),4,middenkaderopleiding,"BBL,BOL",hg005,Economie en administratie,sg059,Zakelijke dienstverlening,23296,Business Services,07,Zakelijke dienstverlening en veiligheid
90440,Arbeidsmarktgekwalificeerd assistent,1,entreeopleiding,"BBL,BOL,OVO",hg002,Entree,sg061,Entree,23301,Entree,09,Entree
90450,Assistent operator,1,entreeopleiding,"BBL,BOL",hg002,Entree,sg061,Entree,23301,Entree,09,Entree
90451,Assistent operator (Assistent operator productietechniek),1,entreeopleiding,"BBL,BOL",hg002,Entree,sg061,Entree,23301,Entree,09,Entree
90452,Assistent operator (Basisoperator),1,entreeopleiding,"BBL,BOL",hg002,Entree,sg061,Entree,23301,Entree,09,Entree
90460,Administrateur,4,middenkaderopleiding,"BBL,BOL",hg005,Economie en administratie,sg059,Zakelijke dienstverlening,23296,Business Services,07,Zakelijke dienstverlening en veiligheid
90461,Administrateur (Assistent accountant),4,middenkaderopleiding,"BBL,BOL",hg005,Economie en administratie,sg059,Zakelijke dienstverlening,23296,Business Services,07,Zakelijke dienstverlening en veiligheid
90462,Administrateur (Bedrijfsadministrateur),4,middenkaderopleiding,"BBL,BOL",hg005,Economie en administratie,sg059,Zakelijke dienstverlening,23296,Business Services,07,Zakelijke dienstverlening en veiligheid
90463,Administrateur (Salarisadministrateur),4,middenkaderopleiding,"BBL,BOL",hg005,Economie en administratie,sg059,Zakelijke dienstverlening,23296,Business Services,07,Zakelijke dienstverlening en veiligheid
90470,Administratief medewerker,2,basisberoepsopleiding,"BBL,BOL",hg005,Economie en administratie,sg059,Zakelijke dienstverlening,23296,Business Services,07,Zakelijke dienstverlening en veiligheid
90471,Bedrijfsadministratief medewerker,2,basisberoepsopleiding,"BBL,BOL,OVO",hg005,Economie en administratie,sg059,Zakelijke dienstverlening,23296,Business Services,07,Zakelijke dienstverlening en veiligheid
90472,Secretarieel medewerker,2,basisberoepsopleiding,"BBL,BOL,OVO",hg005,Economie en administratie,sg059,Zakelijke dienstverlening,23296,Business Services,07,Zakelijke dienstverlening en veiligheid
90473,Telefonist/receptionist,2,basisberoepsopleiding,"BBL,BOL,OVO",hg005,Economie en administratie,sg059,Zakelijke dienstverlening,23296,Business Services,07,Zakelijke dienstverlening en veiligheid
90480,Assistent toezicht en veiligheid,1,entreeopleiding,"BBL,BOL",hg015,Veiligheid en sport,sg041,Publieke veiligheid,23322,Publieke veiligheid,07,Zakelijke dienstverlening en veiligheid
90490,Boekhoudkundig medewerker,3,vakopleiding,"BBL,BOL",hg005,Economie en administratie,sg059,Zakelijke dienstverlening,23296,Business Services,07,Zakelijke dienstverlening en veiligheid
90500,Commercieel medewerker bank- en verzekeringswezen,4,middenkaderopleiding,"BBL,BOL,OVO",hg005,Economie en administratie,sg059,Zakelijke dienstverlening,23296,Business Services,07,Zakelijke dienstverlening en veiligheid
90510,Managementassistent,4,middenkaderopleiding,"BBL,BOL",hg005,Economie en administratie,sg059,Zakelijke dienstverlening,23296,Business Services,07,Zakelijke dienstverlening en veiligheid
90511,Managementassistent (Directiesecretaresse),4,middenkaderopleiding,"BBL,BOL",hg005,Economie en administratie,sg059,Zakelijke dienstverlening,23296,Business Services,07,Zakelijke dienstverlening en veiligheid
90512,Managementassistent (Projectsecretaresse),4,middenkaderopleiding,"BBL,BOL",hg005,Economie en administratie,sg059,Zakelijke dienstverlening,23296,Business Services,07,Zakelijke dienstverlening en veiligheid
90520,Medewerker informatiedienstverlening,4,middenkaderopleiding,"BBL,BOL",hg005,Economie en administratie,sg059,Zakelijke dienstverlening,23296,Business Services,07,Zakelijke dienstverlening en veiligheid
90521,Medewerker informatiedienstverlening (Archiefmedewerker historisch documentatiecentrum),4,middenkaderopleiding,"BBL,BOL",hg005,Economie en administratie,sg059,Zakelijke dienstverlening,23296,Business Services,07,Zakelijke dienstverlening en veiligheid
90522,Bibliotheekmedewerker,4,middenkaderopleiding,"BBL,BOL,OVO",hg005,Economie en administratie,sg059,Zakelijke dienstverlening,23296,Business Services,07,Zakelijke dienstverlening en veiligheid
90523,Informatiebeheerder,4,middenkaderopleiding,"BBL,BOL,OVO",hg005,Economie en administratie,sg059,Zakelijke dienstverlening,23296,Business Services,07,Zakelijke dienstverlening en veiligheid
90530,Medewerker marketing en communicatie,4,middenkaderopleiding,"BBL,BOL",hg005,Economie en administratie,sg059,Zakelijke dienstverlening,23296,Business Services,07,Zakelijke dienstverlening en veiligheid
90531,Assistent communicatiemedewerker,4,middenkaderopleiding,"BBL,BOL,OVO",hg005,Economie en administratie,sg059,Zakelijke dienstverlening,23296,Business Services,07,Zakelijke dienstverlening en veiligheid
90532,Marketing medewerker,4,middenkaderopleiding,"BBL,BOL,OVO",hg005,Economie en administratie,sg059,Zakelijke dienstverlening,23296,Business Services,07,Zakelijke dienstverlening en veiligheid
90533,"Medewerker marketing en communicatie (Organisatorisch publicitair medewerker kunst, cultuur en media)",4,middenkaderopleiding,"BBL,BOL",hg005,Economie en administratie,sg059,Zakelijke dienstverlening,23296,Business Services,07,Zakelijke dienstverlening en veiligheid
90534,Medewerker evenementenorganisatie,4,middenkaderopleiding,"BBL,BOL,OVO",hg005,Economie en administratie,sg059,Zakelijke dienstverlening,23302,Evenementenorganisatie,07,Zakelijke dienstverlening en veiligheid
90540,Particuliere beveiliging,2,basisberoepsopleiding,"BBL,BOL",hg015,Veiligheid en sport,sg038,Particuliere veiligheid,23281,Particuliere beveiliging,07,Zakelijke dienstverlening en veiligheid
90541,Particuliere beveiliging (Beveiliger),2,basisberoepsopleiding,"BBL,BOL",hg015,Veiligheid en sport,sg038,Particuliere veiligheid,23281,Particuliere beveiliging,07,Zakelijke dienstverlening en veiligheid
90542,Particuliere beveiliging (Evenementenbeveilger),2,basisberoepsopleiding,"BBL,BOL",hg015,Veiligheid en sport,sg038,Particuliere veiligheid,23281,Particuliere beveiliging,07,Zakelijke dienstverlening en veiligheid
90543,Particuliere beveiliging (Mobiel surveillant),2,basisberoepsopleiding,"BBL,BOL",hg015,Veiligheid en sport,sg038,Particuliere veiligheid,23281,Particuliere beveiliging,07,Zakelijke dienstverlening en veiligheid
90544,Particuliere beveiliging (Persoonsbeveiliger),2,basisberoepsopleiding,"BBL,BOL",hg015,Veiligheid en sport,sg038,Particuliere veiligheid,23281,Particuliere beveiliging,07,Zakelijke dienstverlening en veiligheid
90545,Particuliere beveiliging (Winkelsurveillant),2,basisberoepsopleiding,"BBL,BOL",hg015,Veiligheid en sport,sg038,Particuliere veiligheid,23281,Particuliere beveiliging,07,Zakelijke dienstverlening en veiligheid
90550,Coördinator beveiliging,3,vakopleiding,"BBL,BOL,OVO",hg015,Veiligheid en sport,sg038,Particuliere veiligheid,23281,Particuliere beveiliging,07,Zakelijke dienstverlening en veiligheid
90560,Medewerker toezicht en veiligheid,2,basisberoepsopleiding,"BBL,BOL",hg015,Veiligheid en sport,sg041,Publieke veiligheid,23322,Publieke veiligheid,07,Zakelijke dienstverlening en veiligheid
90570,Vrede en veiligheid (Assistent vrede en veiligheid),1,entreeopleiding,"BBL,BOL",hg015,Veiligheid en sport,sg041,Publieke veiligheid,23322,Publieke veiligheid,07,Zakelijke dienstverlening en veiligheid
90580,Vrede en veiligheid (Medewerker vrede en veiligheid),2,basisberoepsopleiding,"BBL,BOL",hg015,Veiligheid en sport,sg009,Defensie,23240,Veiligheid en vakmanschap,07,Zakelijke dienstverlening en veiligheid
90590,Secretaresse,3,vakopleiding,"BBL,BOL",hg005,Economie en administratie,sg059,Zakelijke dienstverlening,23296,Business Services,07,Zakelijke dienstverlening en veiligheid
90591,Secretaresse (Algemeen secretaresse),3,vakopleiding,"BBL,BOL",hg005,Economie en administratie,sg059,Zakelijke dienstverlening,23296,Business Services,07,Zakelijke dienstverlening en veiligheid
90592,Secretaresse (Juridisch secretaresse),3,vakopleiding,"BBL,BOL",hg005,Economie en administratie,sg059,Zakelijke dienstverlening,23296,Business Services,07,Zakelijke dienstverlening en veiligheid
90593,Secretaresse (Medisch secretaresse),3,vakopleiding,"BBL,BOL",hg005,Economie en administratie,sg059,Zakelijke dienstverlening,23296,Business Services,07,Zakelijke dienstverlening en veiligheid
90600,Mediamanagement,4,middenkaderopleiding,"BBL,BOL",hg009,Media en vormgeving,sg033,Mediavormgeving,23356,Mediamanagement,05,Ict en creatieve industrie
90601,Mediamanagement (Media intermediair),4,middenkaderopleiding,"BBL,BOL",hg009,Media en vormgeving,sg033,Mediavormgeving,23356,Mediamanagement,05,Ict en creatieve industrie
90602,Mediamanagement (Mediacontent management),4,middenkaderopleiding,"BBL,BOL",hg009,Media en vormgeving,sg033,Mediavormgeving,23356,Mediamanagement,05,Ict en creatieve industrie
90603,Mediamanagement (Mediaproductie management),4,middenkaderopleiding,"BBL,BOL",hg009,Media en vormgeving,sg033,Mediavormgeving,23356,Mediamanagement,05,Ict en creatieve industrie
90610,Mediatechnologie,4,middenkaderopleiding,"BBL,BOL",hg008,Informatie en communicatietechnologie,sg023,ICT en media,23399,Software development,05,Ict en creatieve industrie
90611,Mediatechnologie (Crossmedia publishing),4,middenkaderopleiding,"BBL,BOL",hg008,Informatie en communicatietechnologie,sg023,ICT en media,23399,Software development,05,Ict en creatieve industrie
90612,Mediatechnologie (Webmaster),4,middenkaderopleiding,"BBL,BOL",hg008,Informatie en communicatietechnologie,sg023,ICT en media,23399,Software development,05,Ict en creatieve industrie
90613,Mediatechnologie (Workflow beheer),4,middenkaderopleiding,"BBL,BOL",hg008,Informatie en communicatietechnologie,sg023,ICT en media,23399,Software development,05,Ict en creatieve industrie
90614,Mediatechnologie (Gamedeveloper),4,middenkaderopleiding,"BBL,BOL",hg008,Informatie en communicatietechnologie,sg023,ICT en media,23399,Software development,05,Ict en creatieve industrie
90620,Front officemedewerker,3,vakopleiding,"BBL,BOL",hg012,Toerisme en recreatie,sg051,Toerisme,23264,"Travel, leisure & hospitality",06,"Voedsel, groen en gastvrijheid"
90621,Informatiemedewerker,3,vakopleiding,"BBL,BOL,OVO",hg012,Toerisme en recreatie,sg051,Toerisme,23264,"Travel, leisure & hospitality",06,"Voedsel, groen en gastvrijheid"
90622,Receptionist,3,vakopleiding,"BBL,BOL,OVO",hg012,Toerisme en recreatie,sg051,Toerisme,23264,"Travel, leisure & hospitality",06,"Voedsel, groen en gastvrijheid"
90630,Aqua & leisure host,3,vakopleiding,"BBL,BOL",hg012,Toerisme en recreatie,sg051,Toerisme,23264,"Travel, leisure & hospitality",06,"Voedsel, groen en gastvrijheid"
90640,Assistent bakker,1,entreeopleiding,"BBL,BOL,OVO",hg002,Entree,sg061,Entree,23301,Entree,09,Entree
90650,Commercieel medewerker reizen,3,vakopleiding,"BBL,BOL",hg012,Toerisme en recreatie,sg051,Toerisme,23264,"Travel, leisure & hospitality",06,"Voedsel, groen en gastvrijheid"
90651,Commercieel medewerker reizen (Verkoper touroperating),3,vakopleiding,"BBL,BOL",hg012,Toerisme en recreatie,sg051,Toerisme,23264,"Travel, leisure & hospitality",06,"Voedsel, groen en gastvrijheid"
90652,Commercieel medewerker reizen (Verkoper vakantiereizen),3,vakopleiding,"BBL,BOL",hg012,Toerisme en recreatie,sg051,Toerisme,23264,"Travel, leisure & hospitality",06,"Voedsel, groen en gastvrijheid"
90653,Commercieel medewerker reizen (Verkoper zakenreizen),3,vakopleiding,"BBL,BOL",hg012,Toerisme en recreatie,sg051,Toerisme,23264,"Travel, leisure & hospitality",06,"Voedsel, groen en gastvrijheid"
90660,Horeca-assistent,1,entreeopleiding,"BBL,BOL,OVO",hg002,Entree,sg061,Entree,23301,Entree,09,Entree
90670,Leisure & hospitality host,3,vakopleiding,"BBL,BOL",hg012,Toerisme en recreatie,sg051,Toerisme,23264,"Travel, leisure & hospitality",06,"Voedsel, groen en gastvrijheid"
90680,"Leidinggevende horeca, contractcatering, informatie, recreatie en bakkerij",4,middenkaderopleiding,"BBL,BOL",hg012,Toerisme en recreatie,sg051,Toerisme,23264,"Travel, leisure & hospitality",06,"Voedsel, groen en gastvrijheid"
90681,"Leidinggevende horeca, contractcatering, informatie, recreatie en bakkerij (Aqua & leisure executive)",4,middenkaderopleiding,"BBL,BOL",hg012,Toerisme en recreatie,sg051,Toerisme,23264,"Travel, leisure & hospitality",06,"Voedsel, groen en gastvrijheid"
90682,"Leidinggevende horeca, contractcatering, informatie, recreatie en bakkerij (Cateringbeheerder/-manager)",4,middenkaderopleiding,"BBL,BOL",hg007,Horeca en bakkerij,sg021,Horeca,23084,Fastservice,06,"Voedsel, groen en gastvrijheid"
90683,"Leidinggevende horeca, contractcatering, informatie, recreatie en bakkerij (Fastfoodmanager)",4,middenkaderopleiding,"BBL,BOL",hg007,Horeca en bakkerij,sg021,Horeca,23084,Fastservice,06,"Voedsel, groen en gastvrijheid"
90684,"Leidinggevende horeca, contractcatering, informatie, recreatie en bakkerij (Hoofd informatie)",4,middenkaderopleiding,"BBL,BOL",hg012,Toerisme en recreatie,sg051,Toerisme,23264,"Travel, leisure & hospitality",06,"Voedsel, groen en gastvrijheid"
90685,"Leidinggevende horeca, contractcatering, informatie, recreatie en bakkerij (Leidinggevende ambachtelijke bakkerij)",4,middenkaderopleiding,"BBL,BOL",hg007,Horeca en bakkerij,sg005,Brood en banket,23295,Brood en banket,06,"Voedsel, groen en gastvrijheid"
90686,"Leidinggevende horeca, contractcatering, informatie, recreatie en bakkerij (Leidinggevende bediening)",4,middenkaderopleiding,"BBL,BOL",hg007,Horeca en bakkerij,sg021,Horeca,23081,Bediening,06,"Voedsel, groen en gastvrijheid"
90687,"Leidinggevende horeca, contractcatering, informatie, recreatie en bakkerij (Leidinggevende keuken)",4,middenkaderopleiding,"BBL,BOL",hg007,Horeca en bakkerij,sg021,Horeca,23085,Keuken,06,"Voedsel, groen en gastvrijheid"
90688,"Leidinggevende horeca, contractcatering, informatie, recreatie en bakkerij (Leisure & hospitality executive)",4,middenkaderopleiding,"BBL,BOL",hg012,Toerisme en recreatie,sg051,Toerisme,23264,"Travel, leisure & hospitality",06,"Voedsel, groen en gastvrijheid"
90689,"Leidinggevende horeca, contractcatering, informatie, recreatie en bakkerij (Shiftleader)",4,middenkaderopleiding,"BBL,BOL",hg007,Horeca en bakkerij,sg021,Horeca,23087,Ondernemer horeca/bakkerij,06,"Voedsel, groen en gastvrijheid"
90690,Banketbakker,2,basisberoepsopleiding,"BBL,BOL",hg007,Horeca en bakkerij,sg005,Brood en banket,23295,Brood en banket,06,"Voedsel, groen en gastvrijheid"
90700,Banketbakker (Allround banketbakker),3,vakopleiding,"BBL,BOL",hg007,Horeca en bakkerij,sg005,Brood en banket,23295,Brood en banket,06,"Voedsel, groen en gastvrijheid"
90710,Banketbakker (Specialist banketbakker),4,specialistenopleiding,"BBL,BOL",hg007,Horeca en bakkerij,sg005,Brood en banket,23318,Patisserie,06,"Voedsel, groen en gastvrijheid"
90720,Brood- en banketbakker,2,basisberoepsopleiding,"BBL,BOL",hg007,Horeca en bakkerij,sg005,Brood en banket,23295,Brood en banket,06,"Voedsel, groen en gastvrijheid"
90730,Brood- en banketbakker,3,vakopleiding,"BBL,BOL",hg007,Horeca en bakkerij,sg005,Brood en banket,23295,Brood en banket,06,"Voedsel, groen en gastvrijheid"
90731,Brood- en banketbakker (Allround brood- en banketbakker),3,vakopleiding,"BBL,BOL",hg007,Horeca en bakkerij,sg005,Brood en banket,23295,Brood en banket,06,"Voedsel, groen en gastvrijheid"
90732,Brood- en banketbakker (Allround broodbakker),3,vakopleiding,"BBL,BOL",hg007,Horeca en bakkerij,sg005,Brood en banket,23295,Brood en banket,06,"Voedsel, groen en gastvrijheid"
90740,Medewerker bediening / fastfood / cafe-bar,2,basisberoepsopleiding,"BBL,BOL",hg007,Horeca en bakkerij,sg021,Horeca,23081,Bediening,06,"Voedsel, groen en gastvrijheid"
90741,Medewerker bediening / fastfood / cafe-bar (Fastfoodmedewerker),2,basisberoepsopleiding,"BBL,BOL",hg007,Horeca en bakkerij,sg021,Horeca,23081,Bediening,06,"Voedsel, groen en gastvrijheid"
90742,Medewerker bediening / fastfood / cafe-bar (Gastheer),2,basisberoepsopleiding,"BBL,BOL",hg007,Horeca en bakkerij,sg021,Horeca,23081,Bediening,06,"Voedsel, groen en gastvrijheid"
90750,Medewerker bediening / fastfood / cafe-bar,3,vakopleiding,"BBL,BOL",hg007,Horeca en bakkerij,sg021,Horeca,23081,Bediening,06,"Voedsel, groen en gastvrijheid"
90751,Medewerker bediening / fastfood / cafe-bar (Bartender),3,vakopleiding,"BBL,BOL",hg007,Horeca en bakkerij,sg021,Horeca,23081,Bediening,06,"Voedsel, groen en gastvrijheid"
90752,Medewerker bediening / fastfood / cafe-bar (Zelfstandig werkend gastheer),3,vakopleiding,"BBL,BOL",hg007,Horeca en bakkerij,sg021,Horeca,23081,Bediening,06,"Voedsel, groen en gastvrijheid"
90760,Kok,2,basisberoepsopleiding,"BBL,BOL,OVO",hg007,Horeca en bakkerij,sg021,Horeca,23085,Keuken,06,"Voedsel, groen en gastvrijheid"
90770,Kok,3,vakopleiding,"BBL,BOL",hg007,Horeca en bakkerij,sg021,Horeca,23085,Keuken,06,"Voedsel, groen en gastvrijheid"
90771,Kok (Instellingskok),3,vakopleiding,"BBL,BOL",hg007,Horeca en bakkerij,sg021,Horeca,23085,Keuken,06,"Voedsel, groen en gastvrijheid"
90772,Kok (Zelfstandig werkend kok),3,vakopleiding,"BBL,BOL",hg007,Horeca en bakkerij,sg021,Horeca,23085,Keuken,06,"Voedsel, groen en gastvrijheid"
90780,Assistent Mobiliteitsbranche,1,entreeopleiding,"BBL,BOL",hg002,Entree,sg061,Entree,23301,Entree,09,Entree
90781,Assistent Mobiliteitsbranche (Assistent tweewielertechnicus),1,entreeopleiding,"BBL,BOL",hg002,Entree,sg061,Entree,23301,Entree,09,Entree
90782,Assistent Mobiliteitsbranche (Assistent voertuigtechnicus),1,entreeopleiding,"BBL,BOL",hg002,Entree,sg061,Entree,23301,Entree,09,Entree
90790,Voertuigtechnicus,2,basisberoepsopleiding,"BBL,BOL",hg010,Mobiliteit en voertuigen,sg034,Mobiliteitstechniek,23273,Voertuigen en mobiele werktuigen,02,"Mobiliteit, transport, logistiek en maritiem"
90791,Voertuigtechnicus (Motorfietstechnicus),2,basisberoepsopleiding,"BBL,BOL",hg010,Mobiliteit en voertuigen,sg034,Mobiliteitstechniek,23273,Voertuigen en mobiele werktuigen,02,"Mobiliteit, transport, logistiek en maritiem"
90792,Voertuigtechnicus (Personenautotechnicus),2,basisberoepsopleiding,"BBL,BOL",hg010,Mobiliteit en voertuigen,sg034,Mobiliteitstechniek,23273,Voertuigen en mobiele werktuigen,02,"Mobiliteit, transport, logistiek en maritiem"
90800,Technisch specialist bedrijfsauto's,4,middenkaderopleiding,"BBL,BOL",hg010,Mobiliteit en voertuigen,sg034,Mobiliteitstechniek,23274,Specialist voertuigen en mobiele werktuigen,02,"Mobiliteit, transport, logistiek en maritiem"
90810,Technisch specialist personenauto's,4,middenkaderopleiding,"BBL,BOL",hg010,Mobiliteit en voertuigen,sg034,Mobiliteitstechniek,23274,Specialist voertuigen en mobiele werktuigen,02,"Mobiliteit, transport, logistiek en maritiem"
90820,Eerste voertuigtechnicus,3,vakopleiding,"BBL,BOL",hg010,Mobiliteit en voertuigen,sg034,Mobiliteitstechniek,23273,Voertuigen en mobiele werktuigen,02,"Mobiliteit, transport, logistiek en maritiem"
90821,Eerste voertuigtechnicus (Eerste motorfietstechnicus),3,vakopleiding,"BBL,BOL",hg010,Mobiliteit en voertuigen,sg034,Mobiliteitstechniek,23273,Voertuigen en mobiele werktuigen,02,"Mobiliteit, transport, logistiek en maritiem"
90822,Eerste voertuigtechnicus (Eerste personenautotechnicus),3,vakopleiding,"BBL,BOL",hg010,Mobiliteit en voertuigen,sg034,Mobiliteitstechniek,23273,Voertuigen en mobiele werktuigen,02,"Mobiliteit, transport, logistiek en maritiem"
90830,Eerste bedrijfsvoertuigtechnicus,3,vakopleiding,"BBL,BOL",hg010,Mobiliteit en voertuigen,sg034,Mobiliteitstechniek,23273,Voertuigen en mobiele werktuigen,02,"Mobiliteit, transport, logistiek en maritiem"
90840,Werkplaatsmanager Mobiliteitsbranche,4,middenkaderopleiding,"BBL,BOL",hg006,Handel en ondernemerschap,sg031,Management en ondernemerschap,23422,Leidinggeven op basis van vakmanschap,04,Handel
90841,Werkplaatsmanager Mobiliteitsbranche (Werkplaatsmanager carrosseriebouw),4,middenkaderopleiding,"BBL,BOL",hg006,Handel en ondernemerschap,sg031,Management en ondernemerschap,23422,Leidinggeven op basis van vakmanschap,04,Handel
90842,Werkplaatsmanager Mobiliteitsbranche (Werkplaatsmanager motorvoertuigentechniek),4,middenkaderopleiding,"BBL,BOL",hg006,Handel en ondernemerschap,sg031,Management en ondernemerschap,23422,Leidinggeven op basis van vakmanschap,04,Handel
90843,Werkplaatsmanager Mobiliteitsbranche (Werkplaatsmanager schadeherstel),4,middenkaderopleiding,"BBL,BOL",hg006,Handel en ondernemerschap,sg031,Management en ondernemerschap,23422,Leidinggeven op basis van vakmanschap,04,Handel
90850,Verkoopmanager Mobiliteitsbranche,4,middenkaderopleiding,"BBL,BOL,OVO",hg010,Mobiliteit en voertuigen,sg034,Mobiliteitstechniek,23292,(After)sales in de mobiliteitsbranche,02,"Mobiliteit, transport, logistiek en maritiem"
90860,Service-adviseur Mobiliteitsbranche,3,vakopleiding,"BBL,BOL",hg010,Mobiliteit en voertuigen,sg034,Mobiliteitstechniek,23292,(After)sales in de mobiliteitsbranche,02,"Mobiliteit, transport, logistiek en maritiem"
90861,Service-adviseur Mobiliteitsbranche (Serviceadviseur bedrijfsauto's),3,vakopleiding,"BBL,BOL",hg010,Mobiliteit en voertuigen,sg034,Mobiliteitstechniek,23292,(After)sales in de mobiliteitsbranche,02,"Mobiliteit, transport, logistiek en maritiem"
90862,Service-adviseur Mobiliteitsbranche (Serviceadviseur personenauto's),3,vakopleiding,"BBL,BOL",hg010,Mobiliteit en voertuigen,sg034,Mobiliteitstechniek,23292,(After)sales in de mobiliteitsbranche,02,"Mobiliteit, transport, logistiek en maritiem"
90870,Tweewielertechnicus,2,basisberoepsopleiding,"BBL,BOL",hg010,Mobiliteit en voertuigen,sg034,Mobiliteitstechniek,23273,Voertuigen en mobiele werktuigen,02,"Mobiliteit, transport, logistiek en maritiem"
90871,Scootertechnicus,2,basisberoepsopleiding,"BBL,BOL,OVO",hg010,Mobiliteit en voertuigen,sg034,Mobiliteitstechniek,23273,Voertuigen en mobiele werktuigen,02,"Mobiliteit, transport, logistiek en maritiem"
90872,Fietstechnicus,2,basisberoepsopleiding,"BBL,BOL,OVO",hg010,Mobiliteit en voertuigen,sg034,Mobiliteitstechniek,23415,Fietstechniek,02,"Mobiliteit, transport, logistiek en maritiem"
90880,Verkoopadviseur Mobiliteitsbranche,3,vakopleiding,"BBL,BOL",hg010,Mobiliteit en voertuigen,sg034,Mobiliteitstechniek,23292,(After)sales in de mobiliteitsbranche,02,"Mobiliteit, transport, logistiek en maritiem"
90881,Verkoopadviseur Mobiliteitsbranche (Verkoopadviseur lichte bedrijfsauto's),3,vakopleiding,"BBL,BOL",hg010,Mobiliteit en voertuigen,sg034,Mobiliteitstechniek,23292,(After)sales in de mobiliteitsbranche,02,"Mobiliteit, transport, logistiek en maritiem"
90882,Verkoopadviseur Mobiliteitsbranche (Verkoopadviseur motorfietsen),3,vakopleiding,"BBL,BOL",hg010,Mobiliteit en voertuigen,sg034,Mobiliteitstechniek,23292,(After)sales in de mobiliteitsbranche,02,"Mobiliteit, transport, logistiek en maritiem"
90883,Verkoopadviseur Mobiliteitsbranche (Verkoopadviseur personenauto's),3,vakopleiding,"BBL,BOL",hg010,Mobiliteit en voertuigen,sg034,Mobiliteitstechniek,23292,(After)sales in de mobiliteitsbranche,02,"Mobiliteit, transport, logistiek en maritiem"
90890,Vestigingsmanager Mobiliteitsbranche,4,middenkaderopleiding,"BBL,BOL",hg010,Mobiliteit en voertuigen,sg034,Mobiliteitstechniek,23292,(After)sales in de mobiliteitsbranche,02,"Mobiliteit, transport, logistiek en maritiem"
90891,Vestigingsmanager Mobiliteitsbranche (Vestigingsmanager Mobiliteitsbranche (Innovam)),4,middenkaderopleiding,"BBL,BOL",hg010,Mobiliteit en voertuigen,sg034,Mobiliteitstechniek,23292,(After)sales in de mobiliteitsbranche,02,"Mobiliteit, transport, logistiek en maritiem"
90892,Vestigingsmanager Mobiliteitsbranche (Vestigingsmanager Mobiliteitsbranche (VOC)),4,middenkaderopleiding,"BBL,BOL",hg010,Mobiliteit en voertuigen,sg034,Mobiliteitstechniek,23292,(After)sales in de mobiliteitsbranche,02,"Mobiliteit, transport, logistiek en maritiem"
90900,Eerste verbrandingsmotortechnicus,3,vakopleiding,"BBL,BOL,OVO",hg010,Mobiliteit en voertuigen,sg034,Mobiliteitstechniek,23332,Verbrandingsmotortechniek,02,"Mobiliteit, transport, logistiek en maritiem"
90910,Aankomend verkoopmedewerker,1,entreeopleiding,"BBL,BOL,OVO",hg002,Entree,sg061,Entree,23301,Entree,09,Entree
90920,Afdelingsmanager,4,middenkaderopleiding,"BBL,BOL",hg006,Handel en ondernemerschap,sg031,Management en ondernemerschap,23323,Retail Management,04,Handel
90930,Exportmedewerker,4,middenkaderopleiding,"BBL,BOL",hg005,Economie en administratie,sg059,Zakelijke dienstverlening,23354,Commercie,04,Handel
90931,Exportmedewerker (Exportmedewerker binnendienst),4,middenkaderopleiding,"BBL,BOL",hg005,Economie en administratie,sg059,Zakelijke dienstverlening,23354,Commercie,04,Handel
90932,Assistent-manager internationale handel buitendienst,4,middenkaderopleiding,"BBL,BOL,OVO",hg005,Economie en administratie,sg059,Zakelijke dienstverlening,23354,Commercie,04,Handel
90933,Assistent-manager internationale handel binnendienst,4,middenkaderopleiding,"BBL,BOL,OVO",hg005,Economie en administratie,sg059,Zakelijke dienstverlening,23354,Commercie,04,Handel
90940,Interieuradviseur,4,middenkaderopleiding,"BBL,BOL,OVO",hg006,Handel en ondernemerschap,sg010,Detailhandel en groothandel,23307,Interieuradvies,04,Handel
90950,Filiaalmanager,4,middenkaderopleiding,"BBL,BOL",hg006,Handel en ondernemerschap,sg031,Management en ondernemerschap,23323,Retail Management,04,Handel
90951,Filiaalmanager (Filiaalmanager detailhandel),4,middenkaderopleiding,"BBL,BOL",hg006,Handel en ondernemerschap,sg031,Management en ondernemerschap,23323,Retail Management,04,Handel
90952,Filiaalmanager (Manager wonen),4,middenkaderopleiding,"BBL,BOL",hg006,Handel en ondernemerschap,sg031,Management en ondernemerschap,23323,Retail Management,04,Handel
90960,Basis woningstoffeerder,2,basisberoepsopleiding,"BBL,BOL,OVO",hg001,"Afbouw, hout en onderhoud",sg022,Hout en meubel,23269,Interieurvakmanschap,04,Handel
90970,Allround woningstoffeerder,3,vakopleiding,"BBL,BOL,OVO",hg001,"Afbouw, hout en onderhoud",sg022,Hout en meubel,23269,Interieurvakmanschap,04,Handel
90980,Assistent logistiek medewerker,1,entreeopleiding,"BBL,BOL",hg002,Entree,sg061,Entree,23301,Entree,09,Entree
90990,Constructiewerker,2,basisberoepsopleiding,"BBL,BOL",hg011,Techniek en procesindustrie,sg058,Werktuigbouwkunde,23361,Productietechniek,01,Techniek en gebouwde omgeving
90991,Constructiewerker (Constructiewerker Gevelbouw),2,basisberoepsopleiding,"BBL,BOL",hg011,Techniek en procesindustrie,sg058,Werktuigbouwkunde,23361,Productietechniek,01,Techniek en gebouwde omgeving
90992,Constructiewerker (Constructiewerker Staalbouw),2,basisberoepsopleiding,"BBL,BOL",hg011,Techniek en procesindustrie,sg058,Werktuigbouwkunde,23361,Productietechniek,01,Techniek en gebouwde omgeving
91000,Fijnmechanisch technicus,2,basisberoepsopleiding,"BBL,BOL",hg011,Techniek en procesindustrie,sg058,Werktuigbouwkunde,23361,Productietechniek,01,Techniek en gebouwde omgeving
91001,Fijnmechanisch technicus (Slijper),2,basisberoepsopleiding,"BBL,BOL",hg011,Techniek en procesindustrie,sg058,Werktuigbouwkunde,23361,Productietechniek,01,Techniek en gebouwde omgeving
91002,Fijnmechanisch technicus (Vonkverspaner),2,basisberoepsopleiding,"BBL,BOL",hg011,Techniek en procesindustrie,sg058,Werktuigbouwkunde,23361,Productietechniek,01,Techniek en gebouwde omgeving
91010,Fijnmechanisch technicus,3,vakopleiding,"BBL,BOL",hg011,Techniek en procesindustrie,sg058,Werktuigbouwkunde,23361,Productietechniek,01,Techniek en gebouwde omgeving
91011,Fijnmechanisch technicus (Instrumentmaker),3,vakopleiding,"BBL,BOL",hg011,Techniek en procesindustrie,sg058,Werktuigbouwkunde,23361,Productietechniek,01,Techniek en gebouwde omgeving
91012,Fijnmechanisch technicus (Matrijzenmaker),3,vakopleiding,"BBL,BOL",hg011,Techniek en procesindustrie,sg058,Werktuigbouwkunde,23361,Productietechniek,01,Techniek en gebouwde omgeving
91013,Fijnmechanisch technicus (Stempelmaker),3,vakopleiding,"BBL,BOL",hg011,Techniek en procesindustrie,sg058,Werktuigbouwkunde,23361,Productietechniek,01,Techniek en gebouwde omgeving
91020,Fijnmechanisch technicus (Research-Instrumentmaker),4,middenkaderopleiding,"BBL,BOL",hg011,Techniek en procesindustrie,sg058,Werktuigbouwkunde,23361,Productietechniek,01,Techniek en gebouwde omgeving
91030,Elektromonteur,2,basisberoepsopleiding,"BBL,BOL",hg011,Techniek en procesindustrie,sg058,Werktuigbouwkunde,23360,Mechatronica,01,Techniek en gebouwde omgeving
91031,Elektromonteur (Industriele Elektrotechniek),2,basisberoepsopleiding,"BBL,BOL",hg011,Techniek en procesindustrie,sg058,Werktuigbouwkunde,23360,Mechatronica,01,Techniek en gebouwde omgeving
91032,Elektromonteur (Installaties Elektrotechniek),2,basisberoepsopleiding,"BBL,BOL",hg011,Techniek en procesindustrie,sg013,Elektrotechniek,23299,Elektrotechnische installaties,01,Techniek en gebouwde omgeving
91040,Installatiemonteur werktuigkundige installaties,2,basisberoepsopleiding,"BBL,BOL",hg011,Techniek en procesindustrie,sg058,Werktuigbouwkunde,23333,Werktuigkundige installaties (montage),01,Techniek en gebouwde omgeving
91050,Installatiemonteur werktuigkundige installaties,3,vakopleiding,"BBL,BOL",hg011,Techniek en procesindustrie,sg058,Werktuigbouwkunde,23333,Werktuigkundige installaties (montage),01,Techniek en gebouwde omgeving
91051,Installatiemonteur werktuigkundige installaties (Allround),3,vakopleiding,"BBL,BOL",hg011,Techniek en procesindustrie,sg058,Werktuigbouwkunde,23333,Werktuigkundige installaties (montage),01,Techniek en gebouwde omgeving
91052,Installatiemonteur werktuigkundige installaties (Utiliteit),3,vakopleiding,"BBL,BOL",hg011,Techniek en procesindustrie,sg058,Werktuigbouwkunde,23333,Werktuigkundige installaties (montage),01,Techniek en gebouwde omgeving
91053,Installatiemonteur werktuigkundige installaties (Woningbouw),3,vakopleiding,"BBL,BOL",hg011,Techniek en procesindustrie,sg058,Werktuigbouwkunde,23333,Werktuigkundige installaties (montage),01,Techniek en gebouwde omgeving
91060,Lasser (Basis Lasser),2,basisberoepsopleiding,"BBL,BOL",hg011,Techniek en procesindustrie,sg058,Werktuigbouwkunde,23361,Productietechniek,01,Techniek en gebouwde omgeving
91070,Lasser (Lasser Allround),3,vakopleiding,"BBL,BOL",hg011,Techniek en procesindustrie,sg058,Werktuigbouwkunde,23361,Productietechniek,01,Techniek en gebouwde omgeving
91080,Monteur mechatronica,2,basisberoepsopleiding,"BBL,BOL,OVO",hg011,Techniek en procesindustrie,sg058,Werktuigbouwkunde,23360,Mechatronica,01,Techniek en gebouwde omgeving
91090,Machinebouwer Mechatronica,3,vakopleiding,"BBL,BOL",hg011,Techniek en procesindustrie,sg058,Werktuigbouwkunde,23360,Mechatronica,01,Techniek en gebouwde omgeving
91091,Machinebouwer,3,vakopleiding,"BBL,BOL,OVO",hg011,Techniek en procesindustrie,sg058,Werktuigbouwkunde,23360,Mechatronica,01,Techniek en gebouwde omgeving
91092,Monteur tester mechatronica,3,vakopleiding,"BBL,BOL,OVO",hg011,Techniek en procesindustrie,sg058,Werktuigbouwkunde,23360,Mechatronica,01,Techniek en gebouwde omgeving
91100,Machinebouwer Mechatronica (Machinebouwer allround),4,middenkaderopleiding,"BBL,BOL",hg011,Techniek en procesindustrie,sg058,Werktuigbouwkunde,23360,Mechatronica,01,Techniek en gebouwde omgeving
91110,Monteur service en onderhoud,3,vakopleiding,"BBL,BOL",hg011,Techniek en procesindustrie,sg025,Installatietechniek,23329,Service- en onderhoudstechniek,01,Techniek en gebouwde omgeving
91120,Plaatwerker,2,basisberoepsopleiding,"BBL,BOL",hg011,Techniek en procesindustrie,sg058,Werktuigbouwkunde,23361,Productietechniek,01,Techniek en gebouwde omgeving
91121,Plaatwerker (Isolatieplaatwerker),2,basisberoepsopleiding,"BBL,BOL",hg011,Techniek en procesindustrie,sg058,Werktuigbouwkunde,23361,Productietechniek,01,Techniek en gebouwde omgeving
91122,Plaatwerker (Plaatconstructiewerker),2,basisberoepsopleiding,"BBL,BOL",hg011,Techniek en procesindustrie,sg058,Werktuigbouwkunde,23361,Productietechniek,01,Techniek en gebouwde omgeving
91130,Plaatwerker (CNC-plaatwerker),3,vakopleiding,"BBL,BOL",hg011,Techniek en procesindustrie,sg058,Werktuigbouwkunde,23361,Productietechniek,01,Techniek en gebouwde omgeving
91140,Technicus middenkader WEI,4,middenkaderopleiding,"BBL,BOL",hg011,Techniek en procesindustrie,sg013,Elektrotechniek,23371,Middenkader engineering,01,Techniek en gebouwde omgeving
91141,Technicus middenkader WEI (Commerciele Techniek),4,middenkaderopleiding,"BBL,BOL",hg011,Techniek en procesindustrie,sg013,Elektrotechniek,23371,Middenkader engineering,01,Techniek en gebouwde omgeving
91142,Technicus middenkader WEI (Elektrische installaties),4,middenkaderopleiding,"BBL,BOL",hg011,Techniek en procesindustrie,sg013,Elektrotechniek,23300,Elektrotechnische systemen en installaties,01,Techniek en gebouwde omgeving
91143,Technicus middenkader WEI (Human Technology),4,middenkaderopleiding,"BBL,BOL",hg011,Techniek en procesindustrie,sg013,Elektrotechniek,23371,Middenkader engineering,01,Techniek en gebouwde omgeving
91144,Technicus middenkader WEI (Industrieel Design),4,middenkaderopleiding,"BBL,BOL",hg011,Techniek en procesindustrie,sg013,Elektrotechniek,23123,Technisch tekenen,01,Techniek en gebouwde omgeving
91145,Technicus middenkader WEI (Industriele geautomatiseerde installaties en systemen),4,middenkaderopleiding,"BBL,BOL",hg011,Techniek en procesindustrie,sg058,Werktuigbouwkunde,23360,Mechatronica,01,Techniek en gebouwde omgeving
91146,Technicus middenkader WEI (Landbouwtechnische- en mobiele machines en werktuigen),4,middenkaderopleiding,"BBL,BOL",hg010,Mobiliteit en voertuigen,sg034,Mobiliteitstechniek,23274,Specialist voertuigen en mobiele werktuigen,02,"Mobiliteit, transport, logistiek en maritiem"
91147,Technicus middenkader WEI (Mechatronica),4,middenkaderopleiding,"BBL,BOL",hg011,Techniek en procesindustrie,sg058,Werktuigbouwkunde,23360,Mechatronica,01,Techniek en gebouwde omgeving
91148,Technicus middenkader WEI (Werktuigbouwkundige constructies en machines),4,middenkaderopleiding,"BBL,BOL",hg011,Techniek en procesindustrie,sg013,Elektrotechniek,23371,Middenkader engineering,01,Techniek en gebouwde omgeving
91149,Technicus middenkader WEI (Werktuigkundige installaties),4,middenkaderopleiding,"BBL,BOL",hg004,Bouw en infra,sg004,Bouwkunde,23058,Werkvoorbereiden/uitvoeren,01,Techniek en gebouwde omgeving
91151,Technicus middenkaderfunctionaris (Koude- en luchtbehandelingsinstallaties),4,middenkaderopleiding,"BBL,BOL",hg004,Bouw en infra,sg004,Bouwkunde,23058,Werkvoorbereiden/uitvoeren,01,Techniek en gebouwde omgeving
91160,Verspaner,2,basisberoepsopleiding,"BBL,BOL",hg011,Techniek en procesindustrie,sg058,Werktuigbouwkunde,23361,Productietechniek,01,Techniek en gebouwde omgeving
91161,Verspaner (CNC-verspaner),2,basisberoepsopleiding,"BBL,BOL",hg011,Techniek en procesindustrie,sg058,Werktuigbouwkunde,23361,Productietechniek,01,Techniek en gebouwde omgeving
91162,Verspaner (Verspaner),2,basisberoepsopleiding,"BBL,BOL",hg011,Techniek en procesindustrie,sg058,Werktuigbouwkunde,23361,Productietechniek,01,Techniek en gebouwde omgeving
91170,Kapper,2,basisberoepsopleiding,"BBL,BOL",hg014,Uiterlijke verzorging,sg019,Haarverzorging,23263,Haarverzorging,06,"Voedsel, groen en gastvrijheid"
91171,Kapper (Junior afrokapper),2,basisberoepsopleiding,"BBL,BOL",hg014,Uiterlijke verzorging,sg019,Haarverzorging,23263,Haarverzorging,06,"Voedsel, groen en gastvrijheid"
91172,Kapper (Junior kapper),2,basisberoepsopleiding,"BBL,BOL",hg014,Uiterlijke verzorging,sg019,Haarverzorging,23263,Haarverzorging,06,"Voedsel, groen en gastvrijheid"
91180,Kapper,3,vakopleiding,"BBL,BOL",hg014,Uiterlijke verzorging,sg019,Haarverzorging,23263,Haarverzorging,06,"Voedsel, groen en gastvrijheid"
91181,Kapper (Afrokapper),3,vakopleiding,"BBL,BOL",hg014,Uiterlijke verzorging,sg019,Haarverzorging,23263,Haarverzorging,06,"Voedsel, groen en gastvrijheid"
91182,Kapper,3,vakopleiding,"BBL,BOL,OVO",hg014,Uiterlijke verzorging,sg019,Haarverzorging,23263,Haarverzorging,06,"Voedsel, groen en gastvrijheid"
91190,Schoonheidsspecialist (Schoonheidsspecialist),3,vakopleiding,"BBL,BOL",hg014,Uiterlijke verzorging,sg046,Schoonheidsverzorging,23365,Schoonheidsverzorging,03,"Zorg, welzijn en sport"
91200,Schoonheidsspecialist (Allround Schoonheidsspecialist),4,middenkaderopleiding,"BBL,BOL",hg014,Uiterlijke verzorging,sg046,Schoonheidsverzorging,23365,Schoonheidsverzorging,03,"Zorg, welzijn en sport"
91210,Allround grimeur,4,middenkaderopleiding,"BBL,BOL,OVO",hg014,Uiterlijke verzorging,sg062,Make-up Art,23282,Make-up Art,05,Ict en creatieve industrie
91220,Medewerker design (Allround medewerker design),3,vakopleiding,"BBL,BOL",hg006,Handel en ondernemerschap,sg035,Mode en interieurindustrie,23279,Fashion,04,Handel
91230,Medewerker design (Specialist design),4,middenkaderopleiding,"BBL,BOL",hg006,Handel en ondernemerschap,sg035,Mode en interieurindustrie,23279,Fashion,04,Handel
91240,Basismedewerker mode/maatkleding,2,basisberoepsopleiding,"BBL,BOL,OVO",hg006,Handel en ondernemerschap,sg035,Mode en interieurindustrie,23280,Fashionatelier,04,Handel
91250,Allround medewerker mode/maatkleding,3,vakopleiding,"BBL,BOL,OVO",hg006,Handel en ondernemerschap,sg035,Mode en interieurindustrie,23279,Fashion,04,Handel
91260,Medewerker mode/maatkleding (Specialist mode/maatkleding),4,middenkaderopleiding,"BBL,BOL",hg006,Handel en ondernemerschap,sg035,Mode en interieurindustrie,23279,Fashion,04,Handel
91280,Productiecoordinator,4,middenkaderopleiding,"BBL,BOL",hg006,Handel en ondernemerschap,sg035,Mode en interieurindustrie,23279,Fashion,04,Handel
91290,Operator textiel,2,basisberoepsopleiding,"BBL,BOL",hg011,Techniek en procesindustrie,sg040,Procestechniek,23305,Industriële processen,01,Techniek en gebouwde omgeving
91291,Operator textiel (Operator textiel chemisch),2,basisberoepsopleiding,"BBL,BOL",hg011,Techniek en procesindustrie,sg040,Procestechniek,23305,Industriële processen,01,Techniek en gebouwde omgeving
91292,Operator textiel (Operator textiel mechanisch),2,basisberoepsopleiding,"BBL,BOL",hg011,Techniek en procesindustrie,sg040,Procestechniek,23305,Industriële processen,01,Techniek en gebouwde omgeving
91300,Apothekersassistent,4,middenkaderopleiding,"BBL,BOL,OVO",hg017,Zorg en welzijn,sg016,Gezondheidsondersteuning,23265,Apothekersassistent,03,"Zorg, welzijn en sport"
91310,Doktersassistent,4,middenkaderopleiding,"BBL,BOL,OVO",hg017,Zorg en welzijn,sg016,Gezondheidsondersteuning,23284,Doktersassistent,03,"Zorg, welzijn en sport"
91320,Facilitair leidinggevende,4,middenkaderopleiding,"BBL,BOL",hg007,Horeca en bakkerij,sg015,Facilitaire dienstverlening,23247,Facilitaire dienstverlening,06,"Voedsel, groen en gastvrijheid"
91330,Facilitair medewerker,2,basisberoepsopleiding,"BBL,BOL",hg017,Zorg en welzijn,sg060,Basis dienstverlening,23385,Dienstverlening,06,"Voedsel, groen en gastvrijheid"
91340,Helpende breed,2,basisberoepsopleiding,"BBL,BOL",hg017,Zorg en welzijn,sg060,Basis dienstverlening,23385,Dienstverlening,03,"Zorg, welzijn en sport"
91350,Helpende,2,basisberoepsopleiding,"BBL,BOL",hg017,Zorg en welzijn,sg060,Basis dienstverlening,23385,Dienstverlening,03,"Zorg, welzijn en sport"
91351,Helpende (Zorg),2,basisberoepsopleiding,"BBL,BOL",hg017,Zorg en welzijn,sg060,Basis dienstverlening,23385,Dienstverlening,03,"Zorg, welzijn en sport"
91352,Helpende (Sociaalagogisch werk),2,basisberoepsopleiding,"BBL,BOL",hg017,Zorg en welzijn,sg060,Basis dienstverlening,23385,Dienstverlening,03,"Zorg, welzijn en sport"
91360,Onderwijsassistent niveau 4,4,middenkaderopleiding,"BBL,BOL",hg017,Zorg en welzijn,sg039,Pedagogisch werk,23285,Pedagogisch werk,03,"Zorg, welzijn en sport"
91361,Onderwijsassistent (Onderwijsassistent PO/SO),4,middenkaderopleiding,"BBL,BOL",hg017,Zorg en welzijn,sg039,Pedagogisch werk,23285,Pedagogisch werk,03,"Zorg, welzijn en sport"
91362,Onderwijsassistent (Onderwijsassistent VO/Bve),4,middenkaderopleiding,"BBL,BOL",hg017,Zorg en welzijn,sg039,Pedagogisch werk,23285,Pedagogisch werk,03,"Zorg, welzijn en sport"
91370,Sociaal-cultureel werker,4,middenkaderopleiding,"BBL,BOL,OVO",hg017,Zorg en welzijn,sg030,Maatschappelijke zorg,23384,Sociaal werk,03,"Zorg, welzijn en sport"
91380,Sport- en bewegingsbegeleider,2,basisberoepsopleiding,"BBL,BOL",hg017,Zorg en welzijn,sg060,Basis dienstverlening,23385,Dienstverlening,03,"Zorg, welzijn en sport"
91390,Sport en bewegen (Sport en bewegingsleider),3,vakopleiding,"BBL,BOL",hg015,Veiligheid en sport,sg048,Sport en bewegen,23366,Sport en Bewegen,03,"Zorg, welzijn en sport"
91400,Sport en bewegen,4,middenkaderopleiding,"BBL,BOL",hg015,Veiligheid en sport,sg048,Sport en bewegen,23366,Sport en Bewegen,03,"Zorg, welzijn en sport"
91401,Sport en bewegen (Bewegingscoordinator / Agoog),4,middenkaderopleiding,"BBL,BOL",hg015,Veiligheid en sport,sg048,Sport en bewegen,23366,Sport en Bewegen,03,"Zorg, welzijn en sport"
91402,Sport en bewegen (Bewegingscoordinator / BOS),4,middenkaderopleiding,"BBL,BOL",hg015,Veiligheid en sport,sg048,Sport en bewegen,23366,Sport en Bewegen,03,"Zorg, welzijn en sport"
91403,Sport en bewegen (Bewegingscoordinator / Operationeel manager),4,middenkaderopleiding,"BBL,BOL",hg015,Veiligheid en sport,sg048,Sport en bewegen,23366,Sport en Bewegen,03,"Zorg, welzijn en sport"
91404,Sport en bewegen (Sport- en bewegingscoordinator / trainer-coach),4,middenkaderopleiding,"BBL,BOL",hg015,Veiligheid en sport,sg048,Sport en bewegen,23366,Sport en Bewegen,03,"Zorg, welzijn en sport"
91410,Tandartsassistent,4,middenkaderopleiding,"BBL,BOL,OVO",hg017,Zorg en welzijn,sg016,Gezondheidsondersteuning,23286,Tandartsassistent,03,"Zorg, welzijn en sport"
91420,Zorghulp,1,entreeopleiding,"BBL,BOL,OVO",hg002,Entree,sg061,Entree,23301,Entree,09,Entree
91430,Medewerker gehandicaptenzorg niveau 4,4,middenkaderopleiding,"BBL,BOL",hg017,Zorg en welzijn,sg030,Maatschappelijke zorg,23312,Maatschappelijke Zorg,03,"Zorg, welzijn en sport"
91440,Assistent schilderen / industriele lakverwerking,1,entreeopleiding,"BBL,BOL",hg002,Entree,sg061,Entree,23301,Entree,09,Entree
91441,Assistent schilderen / industriele lakverwerking (Assistent lakspuiter),1,entreeopleiding,"BBL,BOL",hg002,Entree,sg061,Entree,23301,Entree,09,Entree
91442,Assistent metaalconserveerder,1,entreeopleiding,"BBL,BOL,OVO",hg002,Entree,sg061,Entree,23301,Entree,09,Entree
91443,Assistent schilderen / industriele lakverwerking (Assistent poedercoater),1,entreeopleiding,"BBL,BOL",hg002,Entree,sg061,Entree,23301,Entree,09,Entree
91444,Assistent schilder,1,entreeopleiding,"BBL,BOL,OVO",hg002,Entree,sg061,Entree,23301,Entree,09,Entree
91445,Assistent lakspuiter,1,entreeopleiding,"BBL,BOL,OVO",hg002,Entree,sg061,Entree,23301,Entree,09,Entree
91450,Schilder,2,basisberoepsopleiding,"BBL,BOL,OVO",hg001,"Afbouw, hout en onderhoud",sg045,Schilderen en onderhoud,23236,Schilderen,01,Techniek en gebouwde omgeving
91460,Medewerker schilderen,3,vakopleiding,"BBL,BOL",hg001,"Afbouw, hout en onderhoud",sg045,Schilderen en onderhoud,23236,Schilderen,01,Techniek en gebouwde omgeving
91461,Gezel schilder voorman,3,vakopleiding,"BBL,BOL,OVO",hg001,"Afbouw, hout en onderhoud",sg045,Schilderen en onderhoud,23236,Schilderen,01,Techniek en gebouwde omgeving
91462,Medewerker schilderen (Gezel schilder afwerking van interieurs),3,vakopleiding,"BBL,BOL",hg001,"Afbouw, hout en onderhoud",sg045,Schilderen en onderhoud,23236,Schilderen,01,Techniek en gebouwde omgeving
91463,Medewerker schilderen (Gezel schilder totaalonderhoud),3,vakopleiding,"BBL,BOL",hg001,"Afbouw, hout en onderhoud",sg045,Schilderen en onderhoud,23236,Schilderen,01,Techniek en gebouwde omgeving
91470,Signmaker (Medewerker sign),2,basisberoepsopleiding,"BBL,BOL",hg009,Media en vormgeving,sg043,Ruimtelijke vormgeving,23402,Signmaking,05,Ict en creatieve industrie
91480,Signmaker,3,vakopleiding,"BBL,BOL",hg009,Media en vormgeving,sg043,Ruimtelijke vormgeving,23402,Signmaking,05,Ict en creatieve industrie
91481,Signmaker (Allround signmaker),3,vakopleiding,"BBL,BOL",hg009,Media en vormgeving,sg043,Ruimtelijke vormgeving,23402,Signmaking,05,Ict en creatieve industrie
91482,Signmaker (Bedrijfsvoering sign),3,vakopleiding,"BBL,BOL",hg009,Media en vormgeving,sg043,Ruimtelijke vormgeving,23402,Signmaking,05,Ict en creatieve industrie
91490,Medewerker stukadoren,2,basisberoepsopleiding,"BBL,BOL",hg001,"Afbouw, hout en onderhoud",sg049,Stukadoren en afbouw,23027,Stukadoren,01,Techniek en gebouwde omgeving
91491,Medewerker stukadoren (Stukadoor spuitpleister spuiten),2,basisberoepsopleiding,"BBL,BOL",hg001,"Afbouw, hout en onderhoud",sg049,Stukadoren en afbouw,23027,Stukadoren,01,Techniek en gebouwde omgeving
91492,Medewerker stukadoren (Stukadoor thermische gevelisolatie),2,basisberoepsopleiding,"BBL,BOL",hg001,"Afbouw, hout en onderhoud",sg049,Stukadoren en afbouw,23027,Stukadoren,01,Techniek en gebouwde omgeving
91500,Medewerker stukadoren,3,vakopleiding,"BBL,BOL",hg001,"Afbouw, hout en onderhoud",sg049,Stukadoren en afbouw,23027,Stukadoren,01,Techniek en gebouwde omgeving
91501,Gezel stukadoor decoratie,3,vakopleiding,"BBL,BOL,OVO",hg001,"Afbouw, hout en onderhoud",sg049,Stukadoren en afbouw,23027,Stukadoren,01,Techniek en gebouwde omgeving
91502,Gezel stukadoor voorman,3,vakopleiding,"BBL,BOL,OVO",hg001,"Afbouw, hout en onderhoud",sg049,Stukadoren en afbouw,23027,Stukadoren,01,Techniek en gebouwde omgeving
91510,Medewerker tentoonstellingsbouw,2,basisberoepsopleiding,"BBL,BOL,OVO",hg009,Media en vormgeving,sg043,Ruimtelijke vormgeving,23414,Decorbouw,05,Ict en creatieve industrie
91520,Allround tentoonstellingsbouwer,3,vakopleiding,"BBL,BOL,OVO",hg009,Media en vormgeving,sg043,Ruimtelijke vormgeving,23414,Decorbouw,05,Ict en creatieve industrie
91530,Medewerker productpresentatie,2,basisberoepsopleiding,"BBL,BOL,OVO",hg009,Media en vormgeving,sg043,Ruimtelijke vormgeving,23326,Ruimtelijke vormgeving,05,Ict en creatieve industrie
91540,Vormgever/medewerker ruimtelijke presentatie en communicatie,4,middenkaderopleiding,"BBL,BOL",hg009,Media en vormgeving,sg043,Ruimtelijke vormgeving,23326,Ruimtelijke vormgeving,05,Ict en creatieve industrie
91541,"Stand-, winkel- en decorvormgever",4,middenkaderopleiding,"BBL,BOL,OVO",hg009,Media en vormgeving,sg043,Ruimtelijke vormgeving,23326,Ruimtelijke vormgeving,05,Ict en creatieve industrie
91542,Vormgever productpresentatie,4,middenkaderopleiding,"BBL,BOL,OVO",hg009,Media en vormgeving,sg043,Ruimtelijke vormgeving,23326,Ruimtelijke vormgeving,05,Ict en creatieve industrie
91543,Winkelpubliciteitvormgever,4,middenkaderopleiding,"BBL,BOL,OVO",hg009,Media en vormgeving,sg043,Ruimtelijke vormgeving,23326,Ruimtelijke vormgeving,05,Ict en creatieve industrie
91550,Vakman infra,2,basisberoepsopleiding,"BBL,BOL",hg004,Bouw en infra,sg004,Bouwkunde,23303,"Grond-, water- en wegenbouw",01,Techniek en gebouwde omgeving
91551,Vakman infra (Aankomend vakman gww),2,basisberoepsopleiding,"BBL,BOL",hg004,Bouw en infra,sg004,Bouwkunde,23303,"Grond-, water- en wegenbouw",01,Techniek en gebouwde omgeving
91552,Vakman infra (Aankomend vakman waterbouw),2,basisberoepsopleiding,"BBL,BOL",hg004,Bouw en infra,sg004,Bouwkunde,23303,"Grond-, water- en wegenbouw",01,Techniek en gebouwde omgeving
91553,Vakman infra (Asfaltafwerker),2,basisberoepsopleiding,"BBL,BOL",hg004,Bouw en infra,sg004,Bouwkunde,23303,"Grond-, water- en wegenbouw",01,Techniek en gebouwde omgeving
91554,Vakman infra (Opperman),2,basisberoepsopleiding,"BBL,BOL",hg004,Bouw en infra,sg004,Bouwkunde,23303,"Grond-, water- en wegenbouw",01,Techniek en gebouwde omgeving
91560,Vakman infra,3,vakopleiding,"BBL,BOL",hg004,Bouw en infra,sg004,Bouwkunde,23303,"Grond-, water- en wegenbouw",01,Techniek en gebouwde omgeving
91561,Vakman infra (Balkman),3,vakopleiding,"BBL,BOL",hg004,Bouw en infra,sg004,Bouwkunde,23303,"Grond-, water- en wegenbouw",01,Techniek en gebouwde omgeving
91562,Vakman infra (Steenzetter/rijswerker),3,vakopleiding,"BBL,BOL",hg004,Bouw en infra,sg004,Bouwkunde,23303,"Grond-, water- en wegenbouw",01,Techniek en gebouwde omgeving
91563,Vakman infra (Straatmaker),3,vakopleiding,"BBL,BOL",hg004,Bouw en infra,sg004,Bouwkunde,23303,"Grond-, water- en wegenbouw",01,Techniek en gebouwde omgeving
91564,Vakman infra (Vakman gww),3,vakopleiding,"BBL,BOL",hg004,Bouw en infra,sg004,Bouwkunde,23303,"Grond-, water- en wegenbouw",01,Techniek en gebouwde omgeving
91565,Vakman infra (Vakman waterbouw),3,vakopleiding,"BBL,BOL",hg004,Bouw en infra,sg004,Bouwkunde,23303,"Grond-, water- en wegenbouw",01,Techniek en gebouwde omgeving
91570,Machinist Bouw-Infra,3,vakopleiding,"BBL,BOL",hg004,Bouw en infra,sg024,Infrastructuur,23379,Machinisten,01,Techniek en gebouwde omgeving
91571,Machinist Bouw-Infra (Freeswerk),3,vakopleiding,"BBL,BOL",hg004,Bouw en infra,sg024,Infrastructuur,23379,Machinisten,01,Techniek en gebouwde omgeving
91572,Machinist Bouw-Infra (Funderingswerk),3,vakopleiding,"BBL,BOL",hg004,Bouw en infra,sg024,Infrastructuur,23379,Machinisten,01,Techniek en gebouwde omgeving
91573,Machinist Bouw-Infra (Grondverzet),3,vakopleiding,"BBL,BOL",hg004,Bouw en infra,sg024,Infrastructuur,23379,Machinisten,01,Techniek en gebouwde omgeving
91574,Machinist Bouw-Infra (Hijswerk),3,vakopleiding,"BBL,BOL",hg004,Bouw en infra,sg024,Infrastructuur,23379,Machinisten,01,Techniek en gebouwde omgeving
91575,Machinist Bouw-Infra (Sloopwerk),3,vakopleiding,"BBL,BOL",hg004,Bouw en infra,sg024,Infrastructuur,23379,Machinisten,01,Techniek en gebouwde omgeving
91576,Machinist Bouw-Infra (Wegenbouw),3,vakopleiding,"BBL,BOL",hg004,Bouw en infra,sg024,Infrastructuur,23379,Machinisten,01,Techniek en gebouwde omgeving
91580,Audicien,4,middenkaderopleiding,"BBL,BOL",hg003,"Ambacht, laboratorium en gezondheidstechniek",sg017,Gezondheidstechniek,23388,Audiciens,08,Specialistisch vakmanschap
91590,Medewerker adaptatietechniek,2,basisberoepsopleiding,"BBL,BOL",hg003,"Ambacht, laboratorium en gezondheidstechniek",sg003,Ambachtelijke techniek,23387,Schoentechniek,08,Specialistisch vakmanschap
91600,Tandtechnicus,4,middenkaderopleiding,"BBL,BOL",hg003,"Ambacht, laboratorium en gezondheidstechniek",sg017,Gezondheidstechniek,23271,Tandtechniek,08,Specialistisch vakmanschap
91601,Tandtechnicus (Tandtechnicus kroon- en brugwerk),4,middenkaderopleiding,"BBL,BOL",hg003,"Ambacht, laboratorium en gezondheidstechniek",sg017,Gezondheidstechniek,23271,Tandtechniek,08,Specialistisch vakmanschap
91602,Tandtechnicus (Tandtechnicus prothese),4,middenkaderopleiding,"BBL,BOL",hg003,"Ambacht, laboratorium en gezondheidstechniek",sg017,Gezondheidstechniek,23271,Tandtechniek,08,Specialistisch vakmanschap
91610,Tandtechnisch medewerker,3,vakopleiding,"BBL,BOL",hg003,"Ambacht, laboratorium en gezondheidstechniek",sg017,Gezondheidstechniek,23271,Tandtechniek,08,Specialistisch vakmanschap
91611,Tandtechnisch medewerker (Tandtechnisch medewerker kroon- en brugwerk),3,vakopleiding,"BBL,BOL",hg003,"Ambacht, laboratorium en gezondheidstechniek",sg017,Gezondheidstechniek,23271,Tandtechniek,08,Specialistisch vakmanschap
91612,Tandtechnisch medewerker (Tandtechnisch medewerker prothese),3,vakopleiding,"BBL,BOL",hg003,"Ambacht, laboratorium en gezondheidstechniek",sg017,Gezondheidstechniek,23271,Tandtechniek,08,Specialistisch vakmanschap
91620,Technisch Oogheelkundig Assistent,4,middenkaderopleiding,"BBL,BOL,OVO",hg003,"Ambacht, laboratorium en gezondheidstechniek",sg017,Gezondheidstechniek,23272,Technisch oogheelkundig assistenten,08,Specialistisch vakmanschap
91630,Vakbekwaam medewerker versdetailhandel,3,vakopleiding,"BBL,BOL",hg016,"Voedsel, natuur en leefomgeving",sg053,Verse voeding,23288,Vers: vakmanschap & ambacht,06,"Voedsel, groen en gastvrijheid"
91631,Slager-traiteur,3,vakopleiding,"BBL,BOL,OVO",hg016,"Voedsel, natuur en leefomgeving",sg053,Verse voeding,23288,Vers: vakmanschap & ambacht,06,"Voedsel, groen en gastvrijheid"
91632,Worstmaker,3,vakopleiding,"BBL,BOL,OVO",hg016,"Voedsel, natuur en leefomgeving",sg053,Verse voeding,23288,Vers: vakmanschap & ambacht,06,"Voedsel, groen en gastvrijheid"
91633,Winkelslager,3,vakopleiding,"BBL,BOL,OVO",hg016,"Voedsel, natuur en leefomgeving",sg053,Verse voeding,23288,Vers: vakmanschap & ambacht,06,"Voedsel, groen en gastvrijheid"
91634,Visspecialist,3,vakopleiding,"BBL,BOL,OVO",hg016,"Voedsel, natuur en leefomgeving",sg053,Verse voeding,23288,Vers: vakmanschap & ambacht,06,"Voedsel, groen en gastvrijheid"
91640,Chef slagerij,3,vakopleiding,"BBL,BOL",hg016,"Voedsel, natuur en leefomgeving",sg053,Verse voeding,23287,Vers: leidinggeven & ambacht,06,"Voedsel, groen en gastvrijheid"
91650,Medewerker slagerij,2,basisberoepsopleiding,"BBL,BOL",hg016,"Voedsel, natuur en leefomgeving",sg053,Verse voeding,23288,Vers: vakmanschap & ambacht,06,"Voedsel, groen en gastvrijheid"
91651,Productiemedewerker versdetailhandel,2,basisberoepsopleiding,"BBL,BOL,OVO",hg016,"Voedsel, natuur en leefomgeving",sg053,Verse voeding,23288,Vers: vakmanschap & ambacht,06,"Voedsel, groen en gastvrijheid"
91652,Verkoopmedewerker versspeciaalzaak,2,basisberoepsopleiding,"BBL,BOL,OVO",hg016,"Voedsel, natuur en leefomgeving",sg053,Verse voeding,23288,Vers: vakmanschap & ambacht,06,"Voedsel, groen en gastvrijheid"
91653,Verkoopmedewerker vers supermarkt,2,basisberoepsopleiding,"BBL,BOL,OVO",hg016,"Voedsel, natuur en leefomgeving",sg053,Verse voeding,23288,Vers: vakmanschap & ambacht,06,"Voedsel, groen en gastvrijheid"
91660,Meewerkend voorman vlees- en gemaksvoedingsindustrie,3,vakopleiding,"BBL,BOL",hg016,"Voedsel, natuur en leefomgeving",sg053,Verse voeding,23227,Vers: vakmanschap & industrie,06,"Voedsel, groen en gastvrijheid"
91670,Operationeel Technicus,3,vakopleiding,"BBL,BOL,OVO",hg011,Techniek en procesindustrie,sg040,Procestechniek,23132,Operationele techniek,01,Techniek en gebouwde omgeving
91680,Allround Operationeel Technicus,4,middenkaderopleiding,"BBL,BOL,OVO",hg011,Techniek en procesindustrie,sg040,Procestechniek,23132,Operationele techniek,01,Techniek en gebouwde omgeving
91690,Medewerker Operationele Techniek,2,basisberoepsopleiding,"BBL,BOL,OVO",hg011,Techniek en procesindustrie,sg040,Procestechniek,23128,Industrieel onderhoud,01,Techniek en gebouwde omgeving
91700,Biomedisch analist,4,middenkaderopleiding,"BBL,BOL",hg003,"Ambacht, laboratorium en gezondheidstechniek",sg027,Laboratoriumtechniek,23380,Analisten,01,Techniek en gebouwde omgeving
91701,Biomedisch analist (Biologie),4,middenkaderopleiding,"BBL,BOL",hg003,"Ambacht, laboratorium en gezondheidstechniek",sg027,Laboratoriumtechniek,23380,Analisten,01,Techniek en gebouwde omgeving
91702,Biomedisch analist (Klinische chemie),4,middenkaderopleiding,"BBL,BOL",hg003,"Ambacht, laboratorium en gezondheidstechniek",sg027,Laboratoriumtechniek,23380,Analisten,01,Techniek en gebouwde omgeving
91703,Biomedisch analist (Microbiologie),4,middenkaderopleiding,"BBL,BOL",hg003,"Ambacht, laboratorium en gezondheidstechniek",sg027,Laboratoriumtechniek,23380,Analisten,01,Techniek en gebouwde omgeving
91704,Biomedisch analist (Pathologie),4,middenkaderopleiding,"BBL,BOL",hg003,"Ambacht, laboratorium en gezondheidstechniek",sg027,Laboratoriumtechniek,23380,Analisten,01,Techniek en gebouwde omgeving
91705,Biomedisch analist (Technisch onderwijs assistent),4,middenkaderopleiding,"BBL,BOL",hg003,"Ambacht, laboratorium en gezondheidstechniek",sg027,Laboratoriumtechniek,23380,Analisten,01,Techniek en gebouwde omgeving
91710,Chemisch-fysisch analist,4,middenkaderopleiding,"BBL,BOL",hg003,"Ambacht, laboratorium en gezondheidstechniek",sg027,Laboratoriumtechniek,23380,Analisten,01,Techniek en gebouwde omgeving
91711,Chemisch-fysisch analist (Chemisch analist),4,middenkaderopleiding,"BBL,BOL",hg003,"Ambacht, laboratorium en gezondheidstechniek",sg027,Laboratoriumtechniek,23380,Analisten,01,Techniek en gebouwde omgeving
91712,Chemisch-fysisch analist (Fysisch analist),4,middenkaderopleiding,"BBL,BOL",hg003,"Ambacht, laboratorium en gezondheidstechniek",sg027,Laboratoriumtechniek,23380,Analisten,01,Techniek en gebouwde omgeving
91713,Chemisch-fysisch analist (Technisch onderwijsassistent),4,middenkaderopleiding,"BBL,BOL",hg003,"Ambacht, laboratorium en gezondheidstechniek",sg027,Laboratoriumtechniek,23380,Analisten,01,Techniek en gebouwde omgeving
91720,Laborant,2,basisberoepsopleiding,"BBL,BOL,OVO",hg003,"Ambacht, laboratorium en gezondheidstechniek",sg027,Laboratoriumtechniek,23380,Analisten,01,Techniek en gebouwde omgeving
91730,Allround Laborant,3,vakopleiding,"BBL,BOL,OVO",hg003,"Ambacht, laboratorium en gezondheidstechniek",sg027,Laboratoriumtechniek,23380,Analisten,01,Techniek en gebouwde omgeving
91740,Assistent carrosseriebranche,1,entreeopleiding,"BBL,BOL",hg002,Entree,sg061,Entree,23301,Entree,09,Entree
91750,Autoschadehersteller,2,basisberoepsopleiding,"BBL,BOL",hg010,Mobiliteit en voertuigen,sg006,Carrosserietechniek,23358,Autoschadehersteltechniek,02,"Mobiliteit, transport, logistiek en maritiem"
91760,Autoschadehersteller (Eerste autoschadehersteller),3,vakopleiding,"BBL,BOL",hg010,Mobiliteit en voertuigen,sg006,Carrosserietechniek,23358,Autoschadehersteltechniek,02,"Mobiliteit, transport, logistiek en maritiem"
91770,Autospuiter niveau 2,2,basisberoepsopleiding,"BBL,BOL,OVO",hg010,Mobiliteit en voertuigen,sg006,Carrosserietechniek,23293,Autospuiten,02,"Mobiliteit, transport, logistiek en maritiem"
91780,Autospuiter niveau 3,3,vakopleiding,"BBL,BOL,OVO",hg010,Mobiliteit en voertuigen,sg006,Carrosserietechniek,23293,Autospuiten,02,"Mobiliteit, transport, logistiek en maritiem"
91790,Carrosseriebouwer niveau 2,2,basisberoepsopleiding,"BBL,BOL,OVO",hg011,Techniek en procesindustrie,sg058,Werktuigbouwkunde,23361,Productietechniek,02,"Mobiliteit, transport, logistiek en maritiem"
91800,Carrosseriebouwer niveau 3,3,vakopleiding,"BBL,BOL,OVO",hg011,Techniek en procesindustrie,sg058,Werktuigbouwkunde,23361,Productietechniek,02,"Mobiliteit, transport, logistiek en maritiem"
91810,Autoschadetechnicus,3,vakopleiding,"BBL,BOL",hg010,Mobiliteit en voertuigen,sg006,Carrosserietechniek,23358,Autoschadehersteltechniek,02,"Mobiliteit, transport, logistiek en maritiem"
91820,Assistent medewerker transport en logistiek,1,entreeopleiding,"BBL,BOL",hg002,Entree,sg061,Entree,23301,Entree,09,Entree
91830,Chauffeur goederenvervoer,2,basisberoepsopleiding,"BBL,BOL,OVO",hg013,"Transport, scheepvaart en logistiek",sg057,Weg- en railtransport,23418,Goederenvervoer,02,"Mobiliteit, transport, logistiek en maritiem"
91840,Chauffeur personenvervoer,2,basisberoepsopleiding,"BBL,BOL",hg013,"Transport, scheepvaart en logistiek",sg057,Weg- en railtransport,23276,Personenvervoer,02,"Mobiliteit, transport, logistiek en maritiem"
91841,Chauffeur openbaar vervoer,2,basisberoepsopleiding,"BBL,BOL,OVO",hg013,"Transport, scheepvaart en logistiek",sg057,Weg- en railtransport,23276,Personenvervoer,02,"Mobiliteit, transport, logistiek en maritiem"
91842,Taxichauffeur,2,basisberoepsopleiding,"BBL,BOL,OVO",hg013,"Transport, scheepvaart en logistiek",sg057,Weg- en railtransport,23276,Personenvervoer,02,"Mobiliteit, transport, logistiek en maritiem"
91843,Chauffeur personenvervoer (Touringcarchauffeur/reisleider),2,basisberoepsopleiding,"BBL,BOL",hg013,"Transport, scheepvaart en logistiek",sg057,Weg- en railtransport,23276,Personenvervoer,02,"Mobiliteit, transport, logistiek en maritiem"
91850,Luchtvaartdienstverlener,4,middenkaderopleiding,"BBL,BOL,OVO",hg013,"Transport, scheepvaart en logistiek",sg029,Luchtvaart,23416,Dienstverlening in de luchtvaart,02,"Mobiliteit, transport, logistiek en maritiem"
91860,Luchtvaartlogisticus,4,middenkaderopleiding,"BBL,BOL,OVO",hg013,"Transport, scheepvaart en logistiek",sg029,Luchtvaart,23311,Luchtvracht,02,"Mobiliteit, transport, logistiek en maritiem"
91870,Manager transport en logistiek,4,middenkaderopleiding,"BBL,BOL,OVO",hg013,"Transport, scheepvaart en logistiek",sg028,Logistiek,23310,Management transport en logistiek,02,"Mobiliteit, transport, logistiek en maritiem"
91880,Matroos,2,basisberoepsopleiding,"BBL,BOL",hg013,"Transport, scheepvaart en logistiek",sg044,Scheepvaart,23389,Binnenvaart,02,"Mobiliteit, transport, logistiek en maritiem"
91881,Matroos (Matroos binnenvaart),2,basisberoepsopleiding,"BBL,BOL",hg013,"Transport, scheepvaart en logistiek",sg044,Scheepvaart,23389,Binnenvaart,02,"Mobiliteit, transport, logistiek en maritiem"
91882,Matroos (Matroos waterbouw),2,basisberoepsopleiding,"BBL,BOL",hg013,"Transport, scheepvaart en logistiek",sg044,Scheepvaart,23389,Binnenvaart,02,"Mobiliteit, transport, logistiek en maritiem"
91890,Planner wegtransport,3,vakopleiding,"BBL,BOL,OVO",hg013,"Transport, scheepvaart en logistiek",sg028,Logistiek,23310,Management transport en logistiek,02,"Mobiliteit, transport, logistiek en maritiem"
91900,Schipper binnenvaart,3,vakopleiding,"BBL,BOL",hg013,"Transport, scheepvaart en logistiek",sg044,Scheepvaart,23389,Binnenvaart,02,"Mobiliteit, transport, logistiek en maritiem"
91910,Visserij officier (Stuurman / werktuigkundige kleine vissersschepen),3,vakopleiding,"BBL,BOL",hg013,"Transport, scheepvaart en logistiek",sg044,Scheepvaart,23278,Maritiem officier,02,"Mobiliteit, transport, logistiek en maritiem"
91920,Visserij officier,4,middenkaderopleiding,"BBL,BOL",hg013,"Transport, scheepvaart en logistiek",sg044,Scheepvaart,23278,Maritiem officier,02,"Mobiliteit, transport, logistiek en maritiem"
91921,Visserij officier (Scheepswerktuigkundige alle vissersschepen),4,middenkaderopleiding,"BBL,BOL",hg013,"Transport, scheepvaart en logistiek",sg044,Scheepvaart,23278,Maritiem officier,02,"Mobiliteit, transport, logistiek en maritiem"
91922,Visserij officier (Stuurman alle vissersschepen),4,middenkaderopleiding,"BBL,BOL",hg013,"Transport, scheepvaart en logistiek",sg044,Scheepvaart,23278,Maritiem officier,02,"Mobiliteit, transport, logistiek en maritiem"
91923,Visserij officier (Werktuigkundige zeevisvaart W4),4,middenkaderopleiding,"BBL,BOL",hg013,"Transport, scheepvaart en logistiek",sg044,Scheepvaart,23278,Maritiem officier,02,"Mobiliteit, transport, logistiek en maritiem"
91924,Visserij officier (Stuurman zeevisvaart S4),4,middenkaderopleiding,"BBL,BOL",hg013,"Transport, scheepvaart en logistiek",sg044,Scheepvaart,23278,Maritiem officier,02,"Mobiliteit, transport, logistiek en maritiem"
91930,Koopvaardij officier alle schepen,4,middenkaderopleiding,"BBL,BOL",hg013,"Transport, scheepvaart en logistiek",sg044,Scheepvaart,23278,Maritiem officier,02,"Mobiliteit, transport, logistiek en maritiem"
91931,Koopvaardij officier alle schepen (Maritiem officier alle schepen),4,middenkaderopleiding,"BBL,BOL",hg013,"Transport, scheepvaart en logistiek",sg044,Scheepvaart,23278,Maritiem officier,02,"Mobiliteit, transport, logistiek en maritiem"
91932,Koopvaardij officier alle schepen (Scheepswerktuigkundige alle schepen),4,middenkaderopleiding,"BBL,BOL",hg013,"Transport, scheepvaart en logistiek",sg044,Scheepvaart,23278,Maritiem officier,02,"Mobiliteit, transport, logistiek en maritiem"
91933,Koopvaardij officier alle schepen (Stuurman alle schepen),4,middenkaderopleiding,"BBL,BOL",hg013,"Transport, scheepvaart en logistiek",sg044,Scheepvaart,23278,Maritiem officier,02,"Mobiliteit, transport, logistiek en maritiem"
91940,Koopvaardij officier kleine schepen,3,vakopleiding,"BBL,BOL",hg013,"Transport, scheepvaart en logistiek",sg044,Scheepvaart,23278,Maritiem officier,02,"Mobiliteit, transport, logistiek en maritiem"
91941,Koopvaardij officier kleine schepen (Scheepswerktuigkundige kleine schepen),3,vakopleiding,"BBL,BOL",hg013,"Transport, scheepvaart en logistiek",sg044,Scheepvaart,23278,Maritiem officier,02,"Mobiliteit, transport, logistiek en maritiem"
91942,Koopvaardij officier kleine schepen (Stuurman kleine schepen),3,vakopleiding,"BBL,BOL",hg013,"Transport, scheepvaart en logistiek",sg044,Scheepvaart,23278,Maritiem officier,02,"Mobiliteit, transport, logistiek en maritiem"
91943,Koopvaardij officier kleine schepen (Stuurman/werktuigkundige kleine schepen),3,vakopleiding,"BBL,BOL",hg013,"Transport, scheepvaart en logistiek",sg044,Scheepvaart,23278,Maritiem officier,02,"Mobiliteit, transport, logistiek en maritiem"
91950,Basismedewerker interieurtextiel,2,basisberoepsopleiding,"BBL,BOL,OVO",hg006,Handel en ondernemerschap,sg035,Mode en interieurindustrie,23279,Fashion,04,Handel
91960,Allround medewerker interieurtextiel,3,vakopleiding,"BBL,BOL,OVO",hg006,Handel en ondernemerschap,sg035,Mode en interieurindustrie,23279,Fashion,04,Handel
91970,Specialist interieurtextiel,4,middenkaderopleiding,"BBL,BOL,OVO",hg006,Handel en ondernemerschap,sg035,Mode en interieurindustrie,23279,Fashion,04,Handel
91980,Allround betonstaalmedewerker,3,vakopleiding,"BBL,BOL",hg004,Bouw en infra,sg004,Bouwkunde,23047,Betonstaalverwerken,01,Techniek en gebouwde omgeving
91981,Allround betonstaalmedewerker (Bouwplaats),3,vakopleiding,"BBL,BOL",hg004,Bouw en infra,sg004,Bouwkunde,23047,Betonstaalverwerken,01,Techniek en gebouwde omgeving
91982,Allround betonstaalmedewerker (Buigcentrale),3,vakopleiding,"BBL,BOL",hg004,Bouw en infra,sg004,Bouwkunde,23047,Betonstaalverwerken,01,Techniek en gebouwde omgeving
91983,Allround betonstaalmedewerker (Prefabricage),3,vakopleiding,"BBL,BOL",hg004,Bouw en infra,sg004,Bouwkunde,23047,Betonstaalverwerken,01,Techniek en gebouwde omgeving
91990,Allround metselaar,3,vakopleiding,"BBL,BOL",hg004,Bouw en infra,sg004,Bouwkunde,23313,Metselen,01,Techniek en gebouwde omgeving
91991,Allround metselaar (Aan- en verbouw),3,vakopleiding,"BBL,BOL",hg004,Bouw en infra,sg004,Bouwkunde,23313,Metselen,01,Techniek en gebouwde omgeving
91992,Allround metselaar (Herstel en restauratie),3,vakopleiding,"BBL,BOL",hg004,Bouw en infra,sg004,Bouwkunde,23313,Metselen,01,Techniek en gebouwde omgeving
91993,Allround metselaar (Nieuwe metseltechnieken),3,vakopleiding,"BBL,BOL",hg004,Bouw en infra,sg004,Bouwkunde,23313,Metselen,01,Techniek en gebouwde omgeving
92000,Allround timmerkracht,3,vakopleiding,"BBL,BOL",hg004,Bouw en infra,sg004,Bouwkunde,23331,Timmeren,01,Techniek en gebouwde omgeving
92001,Allround timmerkracht (Bouw- en werkplaats),3,vakopleiding,"BBL,BOL",hg004,Bouw en infra,sg004,Bouwkunde,23331,Timmeren,01,Techniek en gebouwde omgeving
92002,Allround timmerkracht (Nieuwbouw),3,vakopleiding,"BBL,BOL",hg004,Bouw en infra,sg004,Bouwkunde,23331,Timmeren,01,Techniek en gebouwde omgeving
92003,Allround timmerkracht (Restauratie),3,vakopleiding,"BBL,BOL",hg004,Bouw en infra,sg004,Bouwkunde,23331,Timmeren,01,Techniek en gebouwde omgeving
92010,Betonstaalverwerker,2,basisberoepsopleiding,"BBL,BOL",hg004,Bouw en infra,sg004,Bouwkunde,23047,Betonstaalverwerken,01,Techniek en gebouwde omgeving
92011,Betonstaalverwerker (Knipper/buiger/machine operator),2,basisberoepsopleiding,"BBL,BOL",hg004,Bouw en infra,sg004,Bouwkunde,23047,Betonstaalverwerken,01,Techniek en gebouwde omgeving
92012,Betonstaalverwerker (Lasser),2,basisberoepsopleiding,"BBL,BOL",hg004,Bouw en infra,sg004,Bouwkunde,23047,Betonstaalverwerken,01,Techniek en gebouwde omgeving
92013,Betonstaalverwerker (Vlechter),2,basisberoepsopleiding,"BBL,BOL",hg004,Bouw en infra,sg004,Bouwkunde,23047,Betonstaalverwerken,01,Techniek en gebouwde omgeving
92020,Kaderfunctionaris gespecialiseerde aannemerij,4,specialistenopleiding,"BBL,BOL",hg004,Bouw en infra,sg004,Bouwkunde,23058,Werkvoorbereiden/uitvoeren,01,Techniek en gebouwde omgeving
92021,Kaderfunctionaris gespecialiseerde aannemerij (Betonreparatie (BR)),4,specialistenopleiding,"BBL,BOL",hg004,Bouw en infra,sg004,Bouwkunde,23058,Werkvoorbereiden/uitvoeren,01,Techniek en gebouwde omgeving
92022,Kaderfunctionaris gespecialiseerde aannemerij (Betonstaalverwerken (BS)),4,specialistenopleiding,"BBL,BOL",hg004,Bouw en infra,sg004,Bouwkunde,23058,Werkvoorbereiden/uitvoeren,01,Techniek en gebouwde omgeving
92023,Kaderfunctionaris gespecialiseerde aannemerij (Dakdekken hellende daken (P&L)),4,specialistenopleiding,"BBL,BOL",hg004,Bouw en infra,sg004,Bouwkunde,23058,Werkvoorbereiden/uitvoeren,01,Techniek en gebouwde omgeving
92024,Kaderfunctionaris gespecialiseerde aannemerij (Dakdekken platte daken (B&K)),4,specialistenopleiding,"BBL,BOL",hg004,Bouw en infra,sg004,Bouwkunde,23058,Werkvoorbereiden/uitvoeren,01,Techniek en gebouwde omgeving
92025,Kaderfunctionaris gespecialiseerde aannemerij (Natuursteenbedrijf (NS)),4,specialistenopleiding,"BBL,BOL",hg004,Bouw en infra,sg004,Bouwkunde,23058,Werkvoorbereiden/uitvoeren,01,Techniek en gebouwde omgeving
92026,Kaderfunctionaris gespecialiseerde aannemerij (Tegelzetten (TZ)),4,specialistenopleiding,"BBL,BOL",hg004,Bouw en infra,sg004,Bouwkunde,23058,Werkvoorbereiden/uitvoeren,01,Techniek en gebouwde omgeving
92027,Kaderfunctionaris gespecialiseerde aannemerij (Voegen (VG)),4,specialistenopleiding,"BBL,BOL",hg004,Bouw en infra,sg004,Bouwkunde,23058,Werkvoorbereiden/uitvoeren,01,Techniek en gebouwde omgeving
92030,Metselaar (Metselaar),2,basisberoepsopleiding,"BBL,BOL",hg004,Bouw en infra,sg004,Bouwkunde,23313,Metselen,01,Techniek en gebouwde omgeving
92040,Natuursteenbewerker,2,basisberoepsopleiding,"BBL,BOL",hg004,Bouw en infra,sg004,Bouwkunde,23054,Natuursteenbewerken,01,Techniek en gebouwde omgeving
92041,Natuursteenbewerker stellen,2,basisberoepsopleiding,"BBL,BOL,OVO",hg004,Bouw en infra,sg004,Bouwkunde,23054,Natuursteenbewerken,01,Techniek en gebouwde omgeving
92042,Natuursteenbewerker grafwerk,2,basisberoepsopleiding,"BBL,BOL,OVO",hg004,Bouw en infra,sg004,Bouwkunde,23054,Natuursteenbewerken,01,Techniek en gebouwde omgeving
92043,Natuursteenbewerker machinaal,2,basisberoepsopleiding,"BBL,BOL,OVO",hg004,Bouw en infra,sg004,Bouwkunde,23054,Natuursteenbewerken,01,Techniek en gebouwde omgeving
92044,Natuursteenbewerker restauratie,2,basisberoepsopleiding,"BBL,BOL,OVO",hg004,Bouw en infra,sg004,Bouwkunde,23054,Natuursteenbewerken,01,Techniek en gebouwde omgeving
92050,Tegelzetter (Tegelzetter),2,basisberoepsopleiding,"BBL,BOL",hg004,Bouw en infra,sg004,Bouwkunde,23330,Tegelzetten,01,Techniek en gebouwde omgeving
92060,Uitvoerder bouw (Uitvoerder bouw),4,specialistenopleiding,"BBL,BOL",hg004,Bouw en infra,sg004,Bouwkunde,23353,Middenkader bouw en infra,01,Techniek en gebouwde omgeving
92070,Restauratiemedewerker,4,specialistenopleiding,"BBL,BOL",hg004,Bouw en infra,sg004,Bouwkunde,23353,Middenkader bouw en infra,01,Techniek en gebouwde omgeving
92071,Restauratiemedewerker (Architectenbureau),4,specialistenopleiding,"BBL,BOL",hg004,Bouw en infra,sg004,Bouwkunde,23353,Middenkader bouw en infra,01,Techniek en gebouwde omgeving
92072,Restauratiemedewerker (Monumentenwacht),4,specialistenopleiding,"BBL,BOL",hg004,Bouw en infra,sg004,Bouwkunde,23353,Middenkader bouw en infra,01,Techniek en gebouwde omgeving
92073,Restauratiemedewerker (Overheid),4,specialistenopleiding,"BBL,BOL",hg004,Bouw en infra,sg004,Bouwkunde,23353,Middenkader bouw en infra,01,Techniek en gebouwde omgeving
92074,Restauratiemedewerker (Uitvoering),4,specialistenopleiding,"BBL,BOL",hg004,Bouw en infra,sg004,Bouwkunde,23353,Middenkader bouw en infra,01,Techniek en gebouwde omgeving
92080,Allround Dakdekker,3,vakopleiding,"BBL,BOL",hg004,Bouw en infra,sg004,Bouwkunde,23352,Dakdekken,01,Techniek en gebouwde omgeving
92081,Allround Dakdekker (Allround dakdekker pannen),3,vakopleiding,"BBL,BOL",hg004,Bouw en infra,sg004,Bouwkunde,23352,Dakdekken,01,Techniek en gebouwde omgeving
92082,Allround Dakdekker (Allround dakdekker bitumen en kunststof),3,vakopleiding,"BBL,BOL",hg004,Bouw en infra,sg004,Bouwkunde,23352,Dakdekken,01,Techniek en gebouwde omgeving
92083,Allround Dakdekker (Allround dakdekker leien),3,vakopleiding,"BBL,BOL",hg004,Bouw en infra,sg004,Bouwkunde,23352,Dakdekken,01,Techniek en gebouwde omgeving
92084,Allround Dakdekker (Allround dakdekker metaal),3,vakopleiding,"BBL,BOL",hg004,Bouw en infra,sg004,Bouwkunde,23352,Dakdekken,01,Techniek en gebouwde omgeving
92090,Assistent bouw en infra,1,entreeopleiding,"BBL,BOL,OVO",hg002,Entree,sg061,Entree,23301,Entree,09,Entree
92100,Betonreparateur,2,basisberoepsopleiding,"BBL,BOL",hg004,Bouw en infra,sg004,Bouwkunde,23407,Betonreparatie,01,Techniek en gebouwde omgeving
92101,Betonreparateur (Betonreparateur (Savantis)),2,basisberoepsopleiding,"BBL,BOL",hg004,Bouw en infra,sg004,Bouwkunde,23407,Betonreparatie,01,Techniek en gebouwde omgeving
92102,Betonreparateur (Betonreparateur) (Bouwradius)),2,basisberoepsopleiding,"BBL,BOL",hg004,Bouw en infra,sg004,Bouwkunde,23407,Betonreparatie,01,Techniek en gebouwde omgeving
92110,Infratechniek 2,2,basisberoepsopleiding,"BBL,BOL",hg011,Techniek en procesindustrie,sg025,Installatietechniek,23404,Infratechniek,01,Techniek en gebouwde omgeving
92111,Monteur data/elektra,2,basisberoepsopleiding,"BBL,BOL,OVO",hg011,Techniek en procesindustrie,sg025,Installatietechniek,23404,Infratechniek,01,Techniek en gebouwde omgeving
92112,Monteur data/elektra,2,basisberoepsopleiding,"BBL,BOL,OVO",hg011,Techniek en procesindustrie,sg025,Installatietechniek,23404,Infratechniek,01,Techniek en gebouwde omgeving
92113,Monteur gas/water/warmte,2,basisberoepsopleiding,"BBL,BOL,OVO",hg011,Techniek en procesindustrie,sg025,Installatietechniek,23404,Infratechniek,01,Techniek en gebouwde omgeving
92114,Monteur gas/water/warmte,2,basisberoepsopleiding,"BBL,BOL,OVO",hg011,Techniek en procesindustrie,sg025,Installatietechniek,23404,Infratechniek,01,Techniek en gebouwde omgeving
92120,Infratechniek 3,3,vakopleiding,"BBL,BOL",hg011,Techniek en procesindustrie,sg025,Installatietechniek,23404,Infratechniek,01,Techniek en gebouwde omgeving
92121,Eerste monteur data/elektra,3,vakopleiding,"BBL,BOL,OVO",hg011,Techniek en procesindustrie,sg025,Installatietechniek,23404,Infratechniek,01,Techniek en gebouwde omgeving
92122,Eerste monteur gas/water/warmte,3,vakopleiding,"BBL,BOL,OVO",hg011,Techniek en procesindustrie,sg025,Installatietechniek,23404,Infratechniek,01,Techniek en gebouwde omgeving
92123,Eerste monteur gas/water/warmte,3,vakopleiding,"BBL,BOL,OVO",hg011,Techniek en procesindustrie,sg025,Installatietechniek,23404,Infratechniek,01,Techniek en gebouwde omgeving
92124,Servicemonteur verbruikersaansluitingen,3,vakopleiding,"BBL,BOL,OVO",hg011,Techniek en procesindustrie,sg025,Installatietechniek,23404,Infratechniek,01,Techniek en gebouwde omgeving
92125,Eerste monteur data/elektra,3,vakopleiding,"BBL,BOL,OVO",hg011,Techniek en procesindustrie,sg025,Installatietechniek,23404,Infratechniek,01,Techniek en gebouwde omgeving
92126,Servicemonteur verbruikersaansluitingen,3,vakopleiding,"BBL,BOL,OVO",hg011,Techniek en procesindustrie,sg025,Installatietechniek,23404,Infratechniek,01,Techniek en gebouwde omgeving
92130,Infratechniek 4,4,middenkaderopleiding,"BBL,BOL",hg011,Techniek en procesindustrie,sg025,Installatietechniek,23404,Infratechniek,01,Techniek en gebouwde omgeving
92131,Technicus data/elektra,4,middenkaderopleiding,"BBL,BOL,OVO",hg011,Techniek en procesindustrie,sg025,Installatietechniek,23410,Infratechniek (kader),01,Techniek en gebouwde omgeving
92132,Technicus gas/warmte,4,middenkaderopleiding,"BBL,BOL,OVO",hg011,Techniek en procesindustrie,sg025,Installatietechniek,23410,Infratechniek (kader),01,Techniek en gebouwde omgeving
92133,Technicus data/elektra,4,middenkaderopleiding,"BBL,BOL,OVO",hg011,Techniek en procesindustrie,sg025,Installatietechniek,23410,Infratechniek (kader),01,Techniek en gebouwde omgeving
92134,Technicus gas/warmte,4,middenkaderopleiding,"BBL,BOL,OVO",hg011,Techniek en procesindustrie,sg025,Installatietechniek,23410,Infratechniek (kader),01,Techniek en gebouwde omgeving
92140,Mobiele Werktuigen 2,2,basisberoepsopleiding,"BBL,BOL",hg010,Mobiliteit en voertuigen,sg034,Mobiliteitstechniek,23273,Voertuigen en mobiele werktuigen,02,"Mobiliteit, transport, logistiek en maritiem"
92141,Monteur mobiele werktuigen,2,basisberoepsopleiding,"BBL,BOL,OVO",hg010,Mobiliteit en voertuigen,sg034,Mobiliteitstechniek,23273,Voertuigen en mobiele werktuigen,02,"Mobiliteit, transport, logistiek en maritiem"
92142,Monteur mobiele werktuigen,2,basisberoepsopleiding,"BBL,BOL,OVO",hg010,Mobiliteit en voertuigen,sg034,Mobiliteitstechniek,23273,Voertuigen en mobiele werktuigen,02,"Mobiliteit, transport, logistiek en maritiem"
92150,Mobiele Werktuigen 3,3,vakopleiding,"BBL,BOL",hg010,Mobiliteit en voertuigen,sg034,Mobiliteitstechniek,23273,Voertuigen en mobiele werktuigen,02,"Mobiliteit, transport, logistiek en maritiem"
92151,Allround monteur mobiele werktuigen,3,vakopleiding,"BBL,BOL,OVO",hg010,Mobiliteit en voertuigen,sg034,Mobiliteitstechniek,23273,Voertuigen en mobiele werktuigen,02,"Mobiliteit, transport, logistiek en maritiem"
92152,Allround monteur mobiele werktuigen,3,vakopleiding,"BBL,BOL,OVO",hg010,Mobiliteit en voertuigen,sg034,Mobiliteitstechniek,23273,Voertuigen en mobiele werktuigen,02,"Mobiliteit, transport, logistiek en maritiem"
92160,Betontimmerman (primair),2,basisberoepsopleiding,"BBL,BOL",hg004,Bouw en infra,sg004,Bouwkunde,23048,Betontimmeren,01,Techniek en gebouwde omgeving
92170,Betontimmerman (voortgezet),3,vakopleiding,"BBL,BOL",hg004,Bouw en infra,sg004,Bouwkunde,23048,Betontimmeren,01,Techniek en gebouwde omgeving
92180,Servicemedewerker gebouwen,2,basisberoepsopleiding,"BBL,BOL,OVO",hg001,"Afbouw, hout en onderhoud",sg049,Stukadoren en afbouw,23315,Onderhoud- en verbouwbedrijf,01,Techniek en gebouwde omgeving
92190,Onderhoud- en Verbouwbedrijf (Allround Ondernemer Klussenbedrijf),3,vakopleiding,"BBL,BOL",hg001,"Afbouw, hout en onderhoud",sg049,Stukadoren en afbouw,23315,Onderhoud- en verbouwbedrijf,01,Techniek en gebouwde omgeving
92200,Particulier digitaal onderzoeker,4,middenkaderopleiding,"BBL,BOL,OVO",hg008,Informatie en communicatietechnologie,sg023,ICT en media,23399,Software development,05,Ict en creatieve industrie
92210,Printmedia 2,2,basisberoepsopleiding,"BBL,BOL",hg009,Media en vormgeving,sg032,Mediatechniek,23242,Printmedia,05,Ict en creatieve industrie
92211,Printmedia (Finishing),2,basisberoepsopleiding,"BBL,BOL",hg009,Media en vormgeving,sg032,Mediatechniek,23242,Printmedia,05,Ict en creatieve industrie
92212,Printmedia (Press & print),2,basisberoepsopleiding,"BBL,BOL",hg009,Media en vormgeving,sg032,Mediatechniek,23242,Printmedia,05,Ict en creatieve industrie
92220,Printmedia 3,3,vakopleiding,"BBL,BOL",hg009,Media en vormgeving,sg032,Mediatechniek,23242,Printmedia,05,Ict en creatieve industrie
92221,Printmedia (Gelijmd/genaaid brocheren),3,vakopleiding,"BBL,BOL",hg009,Media en vormgeving,sg032,Mediatechniek,23242,Printmedia,05,Ict en creatieve industrie
92222,Printmedia (Geniet brocheren),3,vakopleiding,"BBL,BOL",hg009,Media en vormgeving,sg032,Mediatechniek,23242,Printmedia,05,Ict en creatieve industrie
92223,Printmedia (Rotatieoffset),3,vakopleiding,"BBL,BOL",hg009,Media en vormgeving,sg032,Mediatechniek,23242,Printmedia,05,Ict en creatieve industrie
92224,Printmedia (Snijden),3,vakopleiding,"BBL,BOL",hg009,Media en vormgeving,sg032,Mediatechniek,23242,Printmedia,05,Ict en creatieve industrie
92225,Printmedia (Vellenoffset),3,vakopleiding,"BBL,BOL",hg009,Media en vormgeving,sg032,Mediatechniek,23242,Printmedia,05,Ict en creatieve industrie
92226,Printmedia (Vouwen),3,vakopleiding,"BBL,BOL",hg009,Media en vormgeving,sg032,Mediatechniek,23242,Printmedia,05,Ict en creatieve industrie
92227,Printmedia (Zeefdrukken),3,vakopleiding,"BBL,BOL",hg009,Media en vormgeving,sg032,Mediatechniek,23242,Printmedia,05,Ict en creatieve industrie
92228,Printmedia (Digitaal drukken),3,vakopleiding,"BBL,BOL",hg009,Media en vormgeving,sg032,Mediatechniek,23242,Printmedia,05,Ict en creatieve industrie
92230,Assemblagetechnicus Mobiliteitsbranche,2,basisberoepsopleiding,"BBL,BOL,OVO",hg011,Techniek en procesindustrie,sg058,Werktuigbouwkunde,23361,Productietechniek,02,"Mobiliteit, transport, logistiek en maritiem"
92250,Elektronische Installaties (Monteur),2,basisberoepsopleiding,"BBL,BOL",hg011,Techniek en procesindustrie,sg013,Elektrotechniek,23299,Elektrotechnische installaties,01,Techniek en gebouwde omgeving
92260,Elektronische Installaties (Eerste monteur),3,vakopleiding,"BBL,BOL",hg011,Techniek en procesindustrie,sg013,Elektrotechniek,23299,Elektrotechnische installaties,01,Techniek en gebouwde omgeving
92270,Elektronische Installaties (Technicus),4,middenkaderopleiding,"BBL,BOL",hg011,Techniek en procesindustrie,sg013,Elektrotechniek,23300,Elektrotechnische systemen en installaties,01,Techniek en gebouwde omgeving
92280,Monteur,2,basisberoepsopleiding,"BBL,BOL,OVO",hg011,Techniek en procesindustrie,sg025,Installatietechniek,23329,Service- en onderhoudstechniek,01,Techniek en gebouwde omgeving
92290,Eerste monteur,3,vakopleiding,"BBL,BOL,OVO",hg011,Techniek en procesindustrie,sg025,Installatietechniek,23329,Service- en onderhoudstechniek,01,Techniek en gebouwde omgeving
92300,Koude- en Luchtbehandelingstechniek (Monteur airco-installaties < 3 kg  ),2,basisberoepsopleiding,"BBL,BOL",hg011,Techniek en procesindustrie,sg025,Installatietechniek,23427,Koude- en klimaatsystemen,01,Techniek en gebouwde omgeving
92310,Koude- en Luchtbehandelingstechniek,3,vakopleiding,"BBL,BOL",hg011,Techniek en procesindustrie,sg025,Installatietechniek,23427,Koude- en klimaatsystemen,01,Techniek en gebouwde omgeving
92311,Koude- en Luchtbehandelingstechniek (Eerste monteur),3,vakopleiding,"BBL,BOL",hg011,Techniek en procesindustrie,sg025,Installatietechniek,23427,Koude- en klimaatsystemen,01,Techniek en gebouwde omgeving
92312,Koude- en Luchtbehandelingstechniek (Inspectiemonteur),3,vakopleiding,"BBL,BOL",hg011,Techniek en procesindustrie,sg025,Installatietechniek,23427,Koude- en klimaatsystemen,01,Techniek en gebouwde omgeving
92320,Koude- en Luchtbehandelingstechniek (Servicetechnicus),4,middenkaderopleiding,"BBL,BOL",hg011,Techniek en procesindustrie,sg025,Installatietechniek,23427,Koude- en klimaatsystemen,01,Techniek en gebouwde omgeving
92330,Pijpenbewerker,3,vakopleiding,"BBL,BOL",hg011,Techniek en procesindustrie,sg058,Werktuigbouwkunde,23361,Productietechniek,01,Techniek en gebouwde omgeving
92331,Pijpenbewerker (Onderhoud en modificaties),3,vakopleiding,"BBL,BOL",hg011,Techniek en procesindustrie,sg058,Werktuigbouwkunde,23361,Productietechniek,01,Techniek en gebouwde omgeving
92332,Pijpenbewerker (Storingen in leidingsystemen),3,vakopleiding,"BBL,BOL",hg011,Techniek en procesindustrie,sg058,Werktuigbouwkunde,23361,Productietechniek,01,Techniek en gebouwde omgeving
92340,Service Elektrotechniek (Eerste monteur Elektronica),3,vakopleiding,"BBL,BOL",hg011,Techniek en procesindustrie,sg025,Installatietechniek,23329,Service- en onderhoudstechniek,01,Techniek en gebouwde omgeving
92350,Service Elektrotechniek (Technicus Elektrotechniek),4,middenkaderopleiding,"BBL,BOL",hg011,Techniek en procesindustrie,sg025,Installatietechniek,23329,Service- en onderhoudstechniek,01,Techniek en gebouwde omgeving
92360,Service Installatietechniek (Onderhoudsmonteur),2,basisberoepsopleiding,"BBL,BOL",hg011,Techniek en procesindustrie,sg058,Werktuigbouwkunde,23333,Werktuigkundige installaties (montage),01,Techniek en gebouwde omgeving
92370,Service Installatietechniek (Servicemonteur),3,vakopleiding,"BBL,BOL",hg011,Techniek en procesindustrie,sg025,Installatietechniek,23329,Service- en onderhoudstechniek,01,Techniek en gebouwde omgeving
92380,Service Installatietechniek (Servicetechnicus),4,middenkaderopleiding,"BBL,BOL",hg011,Techniek en procesindustrie,sg025,Installatietechniek,23329,Service- en onderhoudstechniek,01,Techniek en gebouwde omgeving
92390,Monteur,2,basisberoepsopleiding,"BBL,BOL,OVO",hg011,Techniek en procesindustrie,sg058,Werktuigbouwkunde,23360,Mechatronica,01,Techniek en gebouwde omgeving
92400,Eerste monteur,3,vakopleiding,"BBL,BOL,OVO",hg011,Techniek en procesindustrie,sg058,Werktuigbouwkunde,23360,Mechatronica,01,Techniek en gebouwde omgeving
92410,Technicus,4,middenkaderopleiding,"BBL,BOL,OVO",hg011,Techniek en procesindustrie,sg058,Werktuigbouwkunde,23360,Mechatronica,01,Techniek en gebouwde omgeving
92430,Vliegtuigonderhoudtechnicus (Part 66),4,middenkaderopleiding,"BBL,BOL",hg011,Techniek en procesindustrie,sg054,Vliegtuigtechniek,23375,Luchtvaarttechniek,01,Techniek en gebouwde omgeving
92431,"Vliegtuigonderhoudtechnicus (Part 66) (CAT.B1.1 Mechanica, Vleugelvliegtuigen en turbinemotoren)",4,middenkaderopleiding,"BBL,BOL",hg011,Techniek en procesindustrie,sg054,Vliegtuigtechniek,23375,Luchtvaarttechniek,01,Techniek en gebouwde omgeving
92432,"Vliegtuigonderhoudtechnicus (Part 66) (CAT.B1.2 Mechanica, Vleugelvliegtuigen en zuigmotoren)",4,middenkaderopleiding,"BBL,BOL",hg011,Techniek en procesindustrie,sg054,Vliegtuigtechniek,23375,Luchtvaarttechniek,01,Techniek en gebouwde omgeving
92433,"Vliegtuigonderhoudtechnicus (Part 66) (CAT.B1.3 Mechanica, Helikopters en turbinemotoren)",4,middenkaderopleiding,"BBL,BOL",hg011,Techniek en procesindustrie,sg054,Vliegtuigtechniek,23375,Luchtvaarttechniek,01,Techniek en gebouwde omgeving
92434,"Vliegtuigonderhoudtechnicus (Part 66) (CAT.B1.4 Mechanica, Helikopters en zuigmotoren)",4,middenkaderopleiding,"BBL,BOL",hg011,Techniek en procesindustrie,sg054,Vliegtuigtechniek,23375,Luchtvaarttechniek,01,Techniek en gebouwde omgeving
92435,Vliegtuigonderhoudtechnicus (Part 66) (CAT-B2 Avionica),4,middenkaderopleiding,"BBL,BOL",hg011,Techniek en procesindustrie,sg054,Vliegtuigtechniek,23375,Luchtvaarttechniek,01,Techniek en gebouwde omgeving
92440,Vliegtuigbouw,2,basisberoepsopleiding,"BBL,BOL",hg011,Techniek en procesindustrie,sg054,Vliegtuigtechniek,23375,Luchtvaarttechniek,01,Techniek en gebouwde omgeving
92441,Vliegtuigbouw (Kunststofbewerker),2,basisberoepsopleiding,"BBL,BOL",hg011,Techniek en procesindustrie,sg054,Vliegtuigtechniek,23375,Luchtvaarttechniek,01,Techniek en gebouwde omgeving
92442,Vliegtuigbouw (Metaallijmer),2,basisberoepsopleiding,"BBL,BOL",hg011,Techniek en procesindustrie,sg054,Vliegtuigtechniek,23375,Luchtvaarttechniek,01,Techniek en gebouwde omgeving
92443,Vliegtuigbouw (Plaatwerker),2,basisberoepsopleiding,"BBL,BOL",hg011,Techniek en procesindustrie,sg054,Vliegtuigtechniek,23375,Luchtvaarttechniek,01,Techniek en gebouwde omgeving
92444,Vliegtuigbouw (Samenbouwer metaal),2,basisberoepsopleiding,"BBL,BOL",hg011,Techniek en procesindustrie,sg054,Vliegtuigtechniek,23375,Luchtvaarttechniek,01,Techniek en gebouwde omgeving
92450,Plaat- en Kunststofbewerker Vliegtuigonderhoud (Plaat- en Kunststofbewerker Vliegtuigonderhoud),3,vakopleiding,"BBL,BOL",hg011,Techniek en procesindustrie,sg054,Vliegtuigtechniek,23375,Luchtvaarttechniek,01,Techniek en gebouwde omgeving
92460,Vliegtuigonderhoudmonteur (Part 66),3,vakopleiding,"BBL,BOL",hg011,Techniek en procesindustrie,sg054,Vliegtuigtechniek,23375,Luchtvaarttechniek,01,Techniek en gebouwde omgeving
92461,Vliegtuigonderhoudmonteur (Part 66) (Cat-A1 Vleugelvliegtuigen turbinemotoren),3,vakopleiding,"BBL,BOL",hg011,Techniek en procesindustrie,sg054,Vliegtuigtechniek,23375,Luchtvaarttechniek,01,Techniek en gebouwde omgeving
92462,Vliegtuigonderhoudmonteur (Part 66) (Cat-A2 Vleugelvliegtuigen zuigermotoren),3,vakopleiding,"BBL,BOL",hg011,Techniek en procesindustrie,sg054,Vliegtuigtechniek,23375,Luchtvaarttechniek,01,Techniek en gebouwde omgeving
92463,Vliegtuigonderhoudmonteur (Part 66) (Cat-A3 Helikopters turbinemotoren),3,vakopleiding,"BBL,BOL",hg011,Techniek en procesindustrie,sg054,Vliegtuigtechniek,23375,Luchtvaarttechniek,01,Techniek en gebouwde omgeving
92464,Vliegtuigonderhoudmonteur (Part 66) (Cat-A4 Helikopters zuigermotoren),3,vakopleiding,"BBL,BOL",hg011,Techniek en procesindustrie,sg054,Vliegtuigtechniek,23375,Luchtvaarttechniek,01,Techniek en gebouwde omgeving
92470,Vliegtuigonderhoudtechnicus,4,middenkaderopleiding,"BBL,BOL",hg011,Techniek en procesindustrie,sg054,Vliegtuigtechniek,23375,Luchtvaarttechniek,01,Techniek en gebouwde omgeving
92471,Vliegtuigonderhoudtechnicus (Avionica),4,middenkaderopleiding,"BBL,BOL",hg011,Techniek en procesindustrie,sg054,Vliegtuigtechniek,23375,Luchtvaarttechniek,01,Techniek en gebouwde omgeving
92472,Vliegtuigonderhoudtechnicus (Mechanica),4,middenkaderopleiding,"BBL,BOL",hg011,Techniek en procesindustrie,sg054,Vliegtuigtechniek,23375,Luchtvaarttechniek,01,Techniek en gebouwde omgeving
92480,Vliegtuigonderhoud (Monteur),2,basisberoepsopleiding,"BBL,BOL",hg011,Techniek en procesindustrie,sg054,Vliegtuigtechniek,23375,Luchtvaarttechniek,01,Techniek en gebouwde omgeving
92490,Vliegtuigonderhoud (Eerste monteur),3,vakopleiding,"BBL,BOL",hg011,Techniek en procesindustrie,sg054,Vliegtuigtechniek,23375,Luchtvaarttechniek,01,Techniek en gebouwde omgeving
92500,Technisch tekenaar,3,vakopleiding,"BBL,BOL,OVO",hg011,Techniek en procesindustrie,sg013,Elektrotechniek,23123,Technisch tekenen,01,Techniek en gebouwde omgeving
92510,Werkvoorbereiden,4,middenkaderopleiding,"BBL,BOL",hg004,Bouw en infra,sg004,Bouwkunde,23058,Werkvoorbereiden/uitvoeren,01,Techniek en gebouwde omgeving
92511,Tekenaar constructeur,4,middenkaderopleiding,"BBL,BOL,OVO",hg011,Techniek en procesindustrie,sg013,Elektrotechniek,23123,Technisch tekenen,01,Techniek en gebouwde omgeving
92512,Werkvoorbereider fabricage,4,middenkaderopleiding,"BBL,BOL,OVO",hg004,Bouw en infra,sg004,Bouwkunde,23058,Werkvoorbereiden/uitvoeren,01,Techniek en gebouwde omgeving
92513,Werkvoorbereider installatie,4,middenkaderopleiding,"BBL,BOL,OVO",hg004,Bouw en infra,sg004,Bouwkunde,23058,Werkvoorbereiden/uitvoeren,01,Techniek en gebouwde omgeving
92514,Tekenaar werkvoorbereider,4,middenkaderopleiding,"BBL,BOL,OVO",hg011,Techniek en procesindustrie,sg013,Elektrotechniek,23123,Technisch tekenen,01,Techniek en gebouwde omgeving
92520,Assistent medewerker mode/maatkleding/interieur,1,entreeopleiding,"BBL,BOL,OVO",hg002,Entree,sg061,Entree,23301,Entree,09,Entree
92530,Commercieel medewerker textiel (Commercieel medewerker textiel),4,middenkaderopleiding,"BBL,BOL",hg006,Handel en ondernemerschap,sg035,Mode en interieurindustrie,23279,Fashion,04,Handel
92540,Kwaliteitscontroleur textiel,4,middenkaderopleiding,"BBL,BOL,OVO",hg006,Handel en ondernemerschap,sg035,Mode en interieurindustrie,23279,Fashion,04,Handel
92550,Productieleider textiel  (Productieleider textiel),4,middenkaderopleiding,"BBL,BOL",hg006,Handel en ondernemerschap,sg035,Mode en interieurindustrie,23279,Fashion,04,Handel
92560,Verspanen,2,basisberoepsopleiding,"BBL,BOL",hg011,Techniek en procesindustrie,sg058,Werktuigbouwkunde,23361,Productietechniek,01,Techniek en gebouwde omgeving
92561,CNC-Verspaner,2,basisberoepsopleiding,"BBL,BOL",hg011,Techniek en procesindustrie,sg058,Werktuigbouwkunde,23361,Productietechniek,01,Techniek en gebouwde omgeving
92562,Conventioneel Verspaner,2,basisberoepsopleiding,"BBL,BOL",hg011,Techniek en procesindustrie,sg058,Werktuigbouwkunde,23361,Productietechniek,01,Techniek en gebouwde omgeving
92563,Verspanen (Conventioneel en CNC Verspaner),2,basisberoepsopleiding,"BBL,BOL",hg011,Techniek en procesindustrie,sg058,Werktuigbouwkunde,23361,Productietechniek,01,Techniek en gebouwde omgeving
92570,Verspaner (Allround CNC-Verspaner),3,vakopleiding,"BBL,BOL",hg011,Techniek en procesindustrie,sg058,Werktuigbouwkunde,23361,Productietechniek,01,Techniek en gebouwde omgeving
92580,Specialist textiel,3,vakopleiding,"BBL,BOL",hg011,Techniek en procesindustrie,sg040,Procestechniek,23305,Industriële processen,01,Techniek en gebouwde omgeving
92581,Specialist textiel (Specialist textiel chemisch),3,vakopleiding,"BBL,BOL",hg011,Techniek en procesindustrie,sg040,Procestechniek,23305,Industriële processen,01,Techniek en gebouwde omgeving
92582,Specialist textiel (Specialist textiel mechanisch),3,vakopleiding,"BBL,BOL",hg011,Techniek en procesindustrie,sg040,Procestechniek,23305,Industriële processen,01,Techniek en gebouwde omgeving
92600,MBO-Verpleegkundige,4,middenkaderopleiding,"BBL,BOL",hg017,Zorg en welzijn,sg052,Verpleging en verzorging,23267,Mbo-Verpleegkundige,03,"Zorg, welzijn en sport"
92601,MBO-Verpleegkundige (Geestelijke Gezondheidszorg),4,middenkaderopleiding,"BBL,BOL",hg017,Zorg en welzijn,sg052,Verpleging en verzorging,23267,Mbo-Verpleegkundige,03,"Zorg, welzijn en sport"
92602,MBO-Verpleegkundige (Gehandicaptenzorg),4,middenkaderopleiding,"BBL,BOL",hg017,Zorg en welzijn,sg052,Verpleging en verzorging,23267,Mbo-Verpleegkundige,03,"Zorg, welzijn en sport"
92603,MBO-Verpleegkundige (Verpleeg- en verzorgingshuiszorg en thuiszorg),4,middenkaderopleiding,"BBL,BOL",hg017,Zorg en welzijn,sg052,Verpleging en verzorging,23267,Mbo-Verpleegkundige,03,"Zorg, welzijn en sport"
92604,MBO-Verpleegkundige (Ziekenhuiszorg),4,middenkaderopleiding,"BBL,BOL",hg017,Zorg en welzijn,sg052,Verpleging en verzorging,23267,Mbo-Verpleegkundige,03,"Zorg, welzijn en sport"
92610,Verzorgende,3,vakopleiding,"BBL,BOL",hg017,Zorg en welzijn,sg052,Verpleging en verzorging,23268,verzorgende-IG,03,"Zorg, welzijn en sport"
92611,Verzorgende (Geestelijke Gezondheidszorg),3,vakopleiding,"BBL,BOL",hg017,Zorg en welzijn,sg052,Verpleging en verzorging,23268,verzorgende-IG,03,"Zorg, welzijn en sport"
92612,Verzorgende (Gehandicaptenzorg),3,vakopleiding,"BBL,BOL",hg017,Zorg en welzijn,sg052,Verpleging en verzorging,23268,verzorgende-IG,03,"Zorg, welzijn en sport"
92613,Verzorgende (Kraamzorg),3,vakopleiding,"BBL,BOL",hg017,Zorg en welzijn,sg052,Verpleging en verzorging,23268,verzorgende-IG,03,"Zorg, welzijn en sport"
92614,Verzorgende (Verpleeg- en verzorgingshuiszorg en thuiszorg),3,vakopleiding,"BBL,BOL",hg017,Zorg en welzijn,sg052,Verpleging en verzorging,23268,verzorgende-IG,03,"Zorg, welzijn en sport"
92620,Pedagogisch medewerker 3 kinderopvang,3,vakopleiding,"BBL,BOL,OVO",hg017,Zorg en welzijn,sg039,Pedagogisch werk,23285,Pedagogisch werk,03,"Zorg, welzijn en sport"
92630,Pedagogisch Werk 4,4,middenkaderopleiding,"BBL,BOL",hg017,Zorg en welzijn,sg039,Pedagogisch werk,23285,Pedagogisch werk,03,"Zorg, welzijn en sport"
92631,Pedagogisch medewerker 4 jeugdzorg,4,middenkaderopleiding,"BBL,BOL,OVO",hg017,Zorg en welzijn,sg039,Pedagogisch werk,23285,Pedagogisch werk,03,"Zorg, welzijn en sport"
92632,Gespecialiseerd pedagogisch medewerker 4 kinderopvang,4,middenkaderopleiding,"BBL,BOL,OVO",hg017,Zorg en welzijn,sg039,Pedagogisch werk,23285,Pedagogisch werk,03,"Zorg, welzijn en sport"
92640,Helpende Zorg & Welzijn,2,basisberoepsopleiding,"BBL,BOL,OVO",hg017,Zorg en welzijn,sg060,Basis dienstverlening,23385,Dienstverlening,03,"Zorg, welzijn en sport"
92650,Medewerker maatschappelijke zorg,3,vakopleiding,"BBL,BOL,OVO",hg017,Zorg en welzijn,sg030,Maatschappelijke zorg,23312,Maatschappelijke Zorg,03,"Zorg, welzijn en sport"
92660,Maatschappelijke Zorg 4,4,middenkaderopleiding,"BBL,BOL",hg017,Zorg en welzijn,sg030,Maatschappelijke zorg,23312,Maatschappelijke Zorg,03,"Zorg, welzijn en sport"
92661,Persoonlijk begeleider gehandicaptenzorg,4,middenkaderopleiding,"BBL,BOL,OVO",hg017,Zorg en welzijn,sg030,Maatschappelijke zorg,23312,Maatschappelijke Zorg,03,"Zorg, welzijn en sport"
92662,Persoonlijk begeleider specifieke doelgroepen,4,middenkaderopleiding,"BBL,BOL,OVO",hg017,Zorg en welzijn,sg030,Maatschappelijke zorg,23312,Maatschappelijke Zorg,03,"Zorg, welzijn en sport"
92670,Sociaal-maatschappelijk dienstverlener,4,middenkaderopleiding,"BBL,BOL,OVO",hg017,Zorg en welzijn,sg030,Maatschappelijke zorg,23384,Sociaal werk,03,"Zorg, welzijn en sport"
92680,Middenkaderfunctionaris afbouw en onderhoud,4,middenkaderopleiding,"BBL,BOL",hg001,"Afbouw, hout en onderhoud",sg045,Schilderen en onderhoud,23378,Kaderfunctie afbouw en onderhoud,01,Techniek en gebouwde omgeving
92681,Middenkaderfunctionaris afbouw en onderhoud (Calculator/onderhoudsspecialist),4,middenkaderopleiding,"BBL,BOL",hg001,"Afbouw, hout en onderhoud",sg045,Schilderen en onderhoud,23378,Kaderfunctie afbouw en onderhoud,01,Techniek en gebouwde omgeving
92682,Middenkaderfunctionaris afbouw en onderhoud (Kleur- en interieuradviseur),4,middenkaderopleiding,"BBL,BOL",hg001,"Afbouw, hout en onderhoud",sg045,Schilderen en onderhoud,23378,Kaderfunctie afbouw en onderhoud,01,Techniek en gebouwde omgeving
92683,Middenkaderfunctionaris afbouw en onderhoud (Ondernemer),4,middenkaderopleiding,"BBL,BOL",hg001,"Afbouw, hout en onderhoud",sg045,Schilderen en onderhoud,23378,Kaderfunctie afbouw en onderhoud,01,Techniek en gebouwde omgeving
92684,Middenkaderfunctionaris afbouw en onderhoud (Uitvoerder),4,middenkaderopleiding,"BBL,BOL",hg001,"Afbouw, hout en onderhoud",sg045,Schilderen en onderhoud,23378,Kaderfunctie afbouw en onderhoud,01,Techniek en gebouwde omgeving
92690,Medewerker dekvloeren 2,2,basisberoepsopleiding,"BBL,BOL",hg001,"Afbouw, hout en onderhoud",sg049,Stukadoren en afbouw,23376,Dekvloeren leggen,01,Techniek en gebouwde omgeving
92691,Medewerker dekvloeren (Dekvloerenlegger cementgebonden dekvloeren),2,basisberoepsopleiding,"BBL,BOL",hg001,"Afbouw, hout en onderhoud",sg049,Stukadoren en afbouw,23376,Dekvloeren leggen,01,Techniek en gebouwde omgeving
92692,Medewerker dekvloeren (Dekvloerenlegger gietdekvloeren),2,basisberoepsopleiding,"BBL,BOL",hg001,"Afbouw, hout en onderhoud",sg049,Stukadoren en afbouw,23376,Dekvloeren leggen,01,Techniek en gebouwde omgeving
92693,Medewerker dekvloeren (Dekvloerenlegger kunststofvloeren),2,basisberoepsopleiding,"BBL,BOL",hg001,"Afbouw, hout en onderhoud",sg049,Stukadoren en afbouw,23376,Dekvloeren leggen,01,Techniek en gebouwde omgeving
92694,Medewerker dekvloeren (Dekvloerenlegger monolietvloeren),2,basisberoepsopleiding,"BBL,BOL",hg001,"Afbouw, hout en onderhoud",sg049,Stukadoren en afbouw,23376,Dekvloeren leggen,01,Techniek en gebouwde omgeving
92695,Medewerker dekvloeren (Dekvloerenlegger sierbeton),2,basisberoepsopleiding,"BBL,BOL",hg001,"Afbouw, hout en onderhoud",sg049,Stukadoren en afbouw,23376,Dekvloeren leggen,01,Techniek en gebouwde omgeving
92700,Medewerker dekvloeren 3,3,vakopleiding,"BBL,BOL",hg001,"Afbouw, hout en onderhoud",sg049,Stukadoren en afbouw,23376,Dekvloeren leggen,01,Techniek en gebouwde omgeving
92701,Medewerker dekvloeren (Gezel dekvloerenlegger cementgebonden dekvloeren),3,vakopleiding,"BBL,BOL",hg001,"Afbouw, hout en onderhoud",sg049,Stukadoren en afbouw,23376,Dekvloeren leggen,01,Techniek en gebouwde omgeving
92702,Medewerker dekvloeren (Gezel dekvloerenlegger gietdekvloeren),3,vakopleiding,"BBL,BOL",hg001,"Afbouw, hout en onderhoud",sg049,Stukadoren en afbouw,23376,Dekvloeren leggen,01,Techniek en gebouwde omgeving
92703,Medewerker dekvloeren (Gezel dekvloerenlegger kunststofvloeren),3,vakopleiding,"BBL,BOL",hg001,"Afbouw, hout en onderhoud",sg049,Stukadoren en afbouw,23376,Dekvloeren leggen,01,Techniek en gebouwde omgeving
92704,Medewerker dekvloeren (Gezel dekvloerenlegger monolietvloeren),3,vakopleiding,"BBL,BOL",hg001,"Afbouw, hout en onderhoud",sg049,Stukadoren en afbouw,23376,Dekvloeren leggen,01,Techniek en gebouwde omgeving
92705,Medewerker dekvloeren (Gezel dekvloerenlegger sierbeton),3,vakopleiding,"BBL,BOL",hg001,"Afbouw, hout en onderhoud",sg049,Stukadoren en afbouw,23376,Dekvloeren leggen,01,Techniek en gebouwde omgeving
92710,Medewerker industriele lakverwerking 2,2,basisberoepsopleiding,"BBL,BOL",hg001,"Afbouw, hout en onderhoud",sg045,Schilderen en onderhoud,23005,Industriële lakverwerking,01,Techniek en gebouwde omgeving
92711,Jachtschilder,2,basisberoepsopleiding,"BBL,BOL,OVO",hg001,"Afbouw, hout en onderhoud",sg045,Schilderen en onderhoud,23005,Industriële lakverwerking,01,Techniek en gebouwde omgeving
92712,Medewerker industriele lakverwerking (Lakspuiter),2,basisberoepsopleiding,"BBL,BOL",hg001,"Afbouw, hout en onderhoud",sg045,Schilderen en onderhoud,23005,Industriële lakverwerking,01,Techniek en gebouwde omgeving
92713,Metaalconserveerder,2,basisberoepsopleiding,"BBL,BOL,OVO",hg001,"Afbouw, hout en onderhoud",sg045,Schilderen en onderhoud,23005,Industriële lakverwerking,01,Techniek en gebouwde omgeving
92714,Medewerker industriele lakverwerking (Poedercoater),2,basisberoepsopleiding,"BBL,BOL",hg001,"Afbouw, hout en onderhoud",sg045,Schilderen en onderhoud,23005,Industriële lakverwerking,01,Techniek en gebouwde omgeving
92715,Lakspuiter,2,basisberoepsopleiding,"BBL,BOL,OVO",hg001,"Afbouw, hout en onderhoud",sg045,Schilderen en onderhoud,23005,Industriële lakverwerking,01,Techniek en gebouwde omgeving
92720,Medewerker industriele lakverwerking 3,3,vakopleiding,"BBL,BOL",hg001,"Afbouw, hout en onderhoud",sg045,Schilderen en onderhoud,23005,Industriële lakverwerking,01,Techniek en gebouwde omgeving
92721,Vakkracht jachtschilder,3,vakopleiding,"BBL,BOL,OVO",hg001,"Afbouw, hout en onderhoud",sg045,Schilderen en onderhoud,23005,Industriële lakverwerking,01,Techniek en gebouwde omgeving
92722,Medewerker industriele lakverwerking (Vakkracht lakspuiter),3,vakopleiding,"BBL,BOL",hg001,"Afbouw, hout en onderhoud",sg045,Schilderen en onderhoud,23005,Industriële lakverwerking,01,Techniek en gebouwde omgeving
92723,Medewerker industriele lakverwerking (Vakkracht poedercoater),3,vakopleiding,"BBL,BOL",hg001,"Afbouw, hout en onderhoud",sg045,Schilderen en onderhoud,23005,Industriële lakverwerking,01,Techniek en gebouwde omgeving
92724,Vakkracht lakspuiter,3,vakopleiding,"BBL,BOL,OVO",hg001,"Afbouw, hout en onderhoud",sg045,Schilderen en onderhoud,23005,Industriële lakverwerking,01,Techniek en gebouwde omgeving
92730,Medewerker plafond-/wandmontage,2,basisberoepsopleiding,"BBL,BOL",hg001,"Afbouw, hout en onderhoud",sg049,Stukadoren en afbouw,23022,Plafond-/wandmontage,01,Techniek en gebouwde omgeving
92731,Medewerker plafond-/wandmontage (Monteur demontabele wanden),2,basisberoepsopleiding,"BBL,BOL",hg001,"Afbouw, hout en onderhoud",sg049,Stukadoren en afbouw,23022,Plafond-/wandmontage,01,Techniek en gebouwde omgeving
92732,Medewerker plafond-/wandmontage (Monteur systeemplafonds),2,basisberoepsopleiding,"BBL,BOL",hg001,"Afbouw, hout en onderhoud",sg049,Stukadoren en afbouw,23022,Plafond-/wandmontage,01,Techniek en gebouwde omgeving
92733,Medewerker plafond-/wandmontage (Monteur vaste wanden en plafonds),2,basisberoepsopleiding,"BBL,BOL",hg001,"Afbouw, hout en onderhoud",sg049,Stukadoren en afbouw,23022,Plafond-/wandmontage,01,Techniek en gebouwde omgeving
92740,Specialist schilderen,4,middenkaderopleiding,"BBL,BOL",hg001,"Afbouw, hout en onderhoud",sg045,Schilderen en onderhoud,23403,Specialist schilderen,01,Techniek en gebouwde omgeving
92741,Specialist decoratie en restauratie,4,middenkaderopleiding,"BBL,BOL,OVO",hg001,"Afbouw, hout en onderhoud",sg045,Schilderen en onderhoud,23403,Specialist schilderen,01,Techniek en gebouwde omgeving
92742,Specialist interieur en decoratie,4,middenkaderopleiding,"BBL,BOL,OVO",hg001,"Afbouw, hout en onderhoud",sg045,Schilderen en onderhoud,23403,Specialist schilderen,01,Techniek en gebouwde omgeving
92750,Restauratiestukadoor,4,middenkaderopleiding,"BBL,BOL",hg001,"Afbouw, hout en onderhoud",sg049,Stukadoren en afbouw,23229,Decoratiestukadoor,01,Techniek en gebouwde omgeving
92751,Restauratiestukadoor (Restauratiestukadoor ontwerpen),4,middenkaderopleiding,"BBL,BOL",hg001,"Afbouw, hout en onderhoud",sg049,Stukadoren en afbouw,23229,Decoratiestukadoor,01,Techniek en gebouwde omgeving
92752,Restauratiestukadoor (Restauratiestukadoor modelleren),4,middenkaderopleiding,"BBL,BOL",hg001,"Afbouw, hout en onderhoud",sg049,Stukadoren en afbouw,23229,Decoratiestukadoor,01,Techniek en gebouwde omgeving
92760,Adaptatietechnicus (Adaptatietechnicus),3,vakopleiding,"BBL,BOL",hg003,"Ambacht, laboratorium en gezondheidstechniek",sg003,Ambachtelijke techniek,23387,Schoentechniek,08,Specialistisch vakmanschap
92770,Adviseur gezondheidstechnische voorzieningen,4,middenkaderopleiding,"BBL,BOL",hg003,"Ambacht, laboratorium en gezondheidstechniek",sg017,Gezondheidstechniek,23350,Orthopedische schoentechniek,08,Specialistisch vakmanschap
92771,Adviseur gezondheidstechnische voorzieningen (Adaptatieadviseur),4,middenkaderopleiding,"BBL,BOL",hg003,"Ambacht, laboratorium en gezondheidstechniek",sg017,Gezondheidstechniek,23351,Orthopedische techniek,08,Specialistisch vakmanschap
92772,Adviseur gezondheidstechnische voorzieningen (Orthopedisch schoentechnicus),4,middenkaderopleiding,"BBL,BOL",hg003,"Ambacht, laboratorium en gezondheidstechniek",sg017,Gezondheidstechniek,23350,Orthopedische schoentechniek,08,Specialistisch vakmanschap
92773,Adviseur gezondheidstechnische voorzieningen (Orthopedisch technicus),4,middenkaderopleiding,"BBL,BOL",hg003,"Ambacht, laboratorium en gezondheidstechniek",sg017,Gezondheidstechniek,23351,Orthopedische techniek,08,Specialistisch vakmanschap
92774,Adviseur gezondheidstechnische voorzieningen (Orthopedisch schoentechnicus/Manager),4,middenkaderopleiding,"BBL,BOL",hg003,"Ambacht, laboratorium en gezondheidstechniek",sg017,Gezondheidstechniek,23350,Orthopedische schoentechniek,08,Specialistisch vakmanschap
92775,Adviseur gezondheidstechnische voorzieningen (Orthopedisch Technicus/Manager),4,middenkaderopleiding,"BBL,BOL",hg003,"Ambacht, laboratorium en gezondheidstechniek",sg017,Gezondheidstechniek,23351,Orthopedische techniek,08,Specialistisch vakmanschap
92776,Adviseur gezondheidstechnische voorzieningen (Adaptatieadviseur/Manager),4,middenkaderopleiding,"BBL,BOL",hg003,"Ambacht, laboratorium en gezondheidstechniek",sg017,Gezondheidstechniek,23351,Orthopedische techniek,08,Specialistisch vakmanschap
92780,Allround medewerker optiek (Allround medewerker optiek),3,vakopleiding,"BBL,BOL",hg003,"Ambacht, laboratorium en gezondheidstechniek",sg017,Gezondheidstechniek,23413,Optiek,08,Specialistisch vakmanschap
92790,Basisgoudsmid,3,vakopleiding,"BBL,BOL,OVO",hg003,"Ambacht, laboratorium en gezondheidstechniek",sg003,Ambachtelijke techniek,23349,Goud- en Zilversmeden,08,Specialistisch vakmanschap
92800,Goud- en zilversmeden,4,middenkaderopleiding,"BBL,BOL",hg003,"Ambacht, laboratorium en gezondheidstechniek",sg003,Ambachtelijke techniek,23349,Goud- en Zilversmeden,08,Specialistisch vakmanschap
92801,Goud- en zilversmeden (Goudsmid),4,middenkaderopleiding,"BBL,BOL",hg003,"Ambacht, laboratorium en gezondheidstechniek",sg003,Ambachtelijke techniek,23349,Goud- en Zilversmeden,08,Specialistisch vakmanschap
92802,Goud- en zilversmeden (Zilversmid),4,middenkaderopleiding,"BBL,BOL",hg003,"Ambacht, laboratorium en gezondheidstechniek",sg003,Ambachtelijke techniek,23349,Goud- en Zilversmeden,08,Specialistisch vakmanschap
92803,Goudsmid,4,middenkaderopleiding,"BBL,BOL,OVO",hg003,"Ambacht, laboratorium en gezondheidstechniek",sg003,Ambachtelijke techniek,23349,Goud- en Zilversmeden,08,Specialistisch vakmanschap
92804,Zilversmid,4,middenkaderopleiding,"BBL,BOL,OVO",hg003,"Ambacht, laboratorium en gezondheidstechniek",sg003,Ambachtelijke techniek,23349,Goud- en Zilversmeden,08,Specialistisch vakmanschap
92810,Medewerker Juwelier,3,vakopleiding,"BBL,BOL,OVO",hg003,"Ambacht, laboratorium en gezondheidstechniek",sg003,Ambachtelijke techniek,23411,Juweliersbedrijf,08,Specialistisch vakmanschap
92820,Juwelier,4,middenkaderopleiding,"BBL,BOL,OVO",hg003,"Ambacht, laboratorium en gezondheidstechniek",sg003,Ambachtelijke techniek,23411,Juweliersbedrijf,08,Specialistisch vakmanschap
92830,Leestenmaker (Leestenmaker),3,vakopleiding,"BBL,BOL",hg003,"Ambacht, laboratorium en gezondheidstechniek",sg017,Gezondheidstechniek,23350,Orthopedische schoentechniek,08,Specialistisch vakmanschap
92840,Onderwerkmaker,2,basisberoepsopleiding,"BBL,BOL,OVO",hg003,"Ambacht, laboratorium en gezondheidstechniek",sg003,Ambachtelijke techniek,23387,Schoentechniek,08,Specialistisch vakmanschap
92850,Opticien,4,middenkaderopleiding,"BBL,BOL",hg003,"Ambacht, laboratorium en gezondheidstechniek",sg017,Gezondheidstechniek,23413,Optiek,08,Specialistisch vakmanschap
92851,Opticien (Opticien),4,middenkaderopleiding,"BBL,BOL",hg003,"Ambacht, laboratorium en gezondheidstechniek",sg017,Gezondheidstechniek,23413,Optiek,08,Specialistisch vakmanschap
92852,Opticien (Opticien/manager),4,middenkaderopleiding,"BBL,BOL",hg003,"Ambacht, laboratorium en gezondheidstechniek",sg017,Gezondheidstechniek,23413,Optiek,08,Specialistisch vakmanschap
92860,Orthopedisch technisch medewerker (Orthopedisch technisch medewerker),3,vakopleiding,"BBL,BOL",hg003,"Ambacht, laboratorium en gezondheidstechniek",sg017,Gezondheidstechniek,23351,Orthopedische techniek,08,Specialistisch vakmanschap
92870,Pianotechnicus,3,vakopleiding,"BBL,BOL",hg003,"Ambacht, laboratorium en gezondheidstechniek",sg003,Ambachtelijke techniek,23270,Pianotechniek,08,Specialistisch vakmanschap
92871,Pianotechnicus,3,vakopleiding,"BBL,BOL,OVO",hg003,"Ambacht, laboratorium en gezondheidstechniek",sg003,Ambachtelijke techniek,23270,Pianotechniek,08,Specialistisch vakmanschap
92872,Pianotechnicus/Ondernemer,3,vakopleiding,"BBL,BOL,OVO",hg003,"Ambacht, laboratorium en gezondheidstechniek",sg003,Ambachtelijke techniek,23270,Pianotechniek,08,Specialistisch vakmanschap
92880,Schachtenmaker,2,basisberoepsopleiding,"BBL,BOL,OVO",hg003,"Ambacht, laboratorium en gezondheidstechniek",sg003,Ambachtelijke techniek,23387,Schoentechniek,08,Specialistisch vakmanschap
92890,Schoenconsulent,3,vakopleiding,"BBL,BOL",hg006,Handel en ondernemerschap,sg010,Detailhandel en groothandel,23398,Ondernemerschap op basis van een vakspecialisme,04,Handel
92891,Schoenconsulent (Schoenconsulent),3,vakopleiding,"BBL,BOL",hg006,Handel en ondernemerschap,sg010,Detailhandel en groothandel,23398,Ondernemerschap op basis van een vakspecialisme,04,Handel
92892,Schoenconsulent (Schoenconsulent/ondernemer),3,vakopleiding,"BBL,BOL",hg006,Handel en ondernemerschap,sg010,Detailhandel en groothandel,23398,Ondernemerschap op basis van een vakspecialisme,04,Handel
92900,Schoenhersteller (Schoenhersteller),2,basisberoepsopleiding,"BBL,BOL",hg003,"Ambacht, laboratorium en gezondheidstechniek",sg003,Ambachtelijke techniek,23387,Schoentechniek,08,Specialistisch vakmanschap
92910,Schoentechnisch voorzieningenmaker (Schoentechnisch voorzieningenmaker),2,basisberoepsopleiding,"BBL,BOL",hg003,"Ambacht, laboratorium en gezondheidstechniek",sg003,Ambachtelijke techniek,23387,Schoentechniek,08,Specialistisch vakmanschap
92920,Uurwerktechnicus,4,middenkaderopleiding,"BBL,BOL",hg003,"Ambacht, laboratorium en gezondheidstechniek",sg003,Ambachtelijke techniek,23386,Uurwerktechniek,08,Specialistisch vakmanschap
92921,Uurwerktechnicus (Horlogemaker),4,middenkaderopleiding,"BBL,BOL",hg003,"Ambacht, laboratorium en gezondheidstechniek",sg003,Ambachtelijke techniek,23386,Uurwerktechniek,08,Specialistisch vakmanschap
92922,Uurwerktechnicus (Klokkenmaker),4,middenkaderopleiding,"BBL,BOL",hg003,"Ambacht, laboratorium en gezondheidstechniek",sg003,Ambachtelijke techniek,23386,Uurwerktechniek,08,Specialistisch vakmanschap
92923,Uurwerktechnicus (Uurwerkmaker),4,middenkaderopleiding,"BBL,BOL",hg003,"Ambacht, laboratorium en gezondheidstechniek",sg003,Ambachtelijke techniek,23386,Uurwerktechniek,08,Specialistisch vakmanschap
92930,Werkplaatsmedewerker optiek (Werkplaatsmedewerker optiek),2,basisberoepsopleiding,"BBL,BOL",hg003,"Ambacht, laboratorium en gezondheidstechniek",sg017,Gezondheidstechniek,23413,Optiek,08,Specialistisch vakmanschap
92940,Ondernemer slagerij (Ondernemer slagerij),4,middenkaderopleiding,"BBL,BOL",hg016,"Voedsel, natuur en leefomgeving",sg053,Verse voeding,23287,Vers: leidinggeven & ambacht,06,"Voedsel, groen en gastvrijheid"
92950,Productiemedewerker vleesindustrie,2,basisberoepsopleiding,"BBL,BOL",hg016,"Voedsel, natuur en leefomgeving",sg053,Verse voeding,23227,Vers: vakmanschap & industrie,06,"Voedsel, groen en gastvrijheid"
92951,Productiemedewerker vleesindustrie (Portioneren van vlees),2,basisberoepsopleiding,"BBL,BOL",hg016,"Voedsel, natuur en leefomgeving",sg053,Verse voeding,23227,Vers: vakmanschap & industrie,06,"Voedsel, groen en gastvrijheid"
92952,"Productiemedewerker vleesindustrie (Slachten rund/kalf, schone slachthal)",2,basisberoepsopleiding,"BBL,BOL",hg016,"Voedsel, natuur en leefomgeving",sg053,Verse voeding,23227,Vers: vakmanschap & industrie,06,"Voedsel, groen en gastvrijheid"
92953,"Productiemedewerker vleesindustrie (Slachten rund/kalf, vuile slachthal)",2,basisberoepsopleiding,"BBL,BOL",hg016,"Voedsel, natuur en leefomgeving",sg053,Verse voeding,23227,Vers: vakmanschap & industrie,06,"Voedsel, groen en gastvrijheid"
92954,"Productiemedewerker vleesindustrie (Slachten varken, schone slachthal)",2,basisberoepsopleiding,"BBL,BOL",hg016,"Voedsel, natuur en leefomgeving",sg053,Verse voeding,23227,Vers: vakmanschap & industrie,06,"Voedsel, groen en gastvrijheid"
92955,"Productiemedewerker vleesindustrie (Slachten varken, vuile slachthal)",2,basisberoepsopleiding,"BBL,BOL",hg016,"Voedsel, natuur en leefomgeving",sg053,Verse voeding,23227,Vers: vakmanschap & industrie,06,"Voedsel, groen en gastvrijheid"
92956,Productiemedewerker vleesindustrie (Uitbenerij),2,basisberoepsopleiding,"BBL,BOL",hg016,"Voedsel, natuur en leefomgeving",sg053,Verse voeding,23227,Vers: vakmanschap & industrie,06,"Voedsel, groen en gastvrijheid"
92957,Productiemedewerker vleesindustrie (Voorbewerken van vlees),2,basisberoepsopleiding,"BBL,BOL",hg016,"Voedsel, natuur en leefomgeving",sg053,Verse voeding,23227,Vers: vakmanschap & industrie,06,"Voedsel, groen en gastvrijheid"
92960,Productieleider vlees- en gemaksvoedingsindustrie (Productieleider vlees- en gemaksvoedingsindustrie),4,middenkaderopleiding,"BBL,BOL",hg016,"Voedsel, natuur en leefomgeving",sg053,Verse voeding,23226,Vers: leidinggeven & industrie,06,"Voedsel, groen en gastvrijheid"
92970,Officieel assistent PM keuring,3,vakopleiding,"BBL,BOL,OVO",hg016,"Voedsel, natuur en leefomgeving",sg036,Natuur en groene ruimte,23234,Advies en onderzoek leefomgeving,06,"Voedsel, groen en gastvrijheid"
92980,Caravantechnicus niveau 2,2,basisberoepsopleiding,"BBL,BOL,OVO",hg011,Techniek en procesindustrie,sg058,Werktuigbouwkunde,23361,Productietechniek,02,"Mobiliteit, transport, logistiek en maritiem"
92990,Caravantechnicus niveau 3,3,vakopleiding,"BBL,BOL,OVO",hg011,Techniek en procesindustrie,sg058,Werktuigbouwkunde,23361,Productietechniek,02,"Mobiliteit, transport, logistiek en maritiem"
93000,Coordinator havenlogistiek (Coordinator havenlogistiek),3,vakopleiding,"BBL,BOL",hg013,"Transport, scheepvaart en logistiek",sg044,Scheepvaart,23364,Havenlogistiek,02,"Mobiliteit, transport, logistiek en maritiem"
93010,Aviation Operations Officer,4,middenkaderopleiding,"BBL,BOL,OVO",hg013,"Transport, scheepvaart en logistiek",sg029,Luchtvaart,23316,Operationele processen op de luchthaven,02,"Mobiliteit, transport, logistiek en maritiem"
93020,Baggermeester,4,middenkaderopleiding,"BBL,BOL,OVO",hg013,"Transport, scheepvaart en logistiek",sg044,Scheepvaart,23278,Maritiem officier,02,"Mobiliteit, transport, logistiek en maritiem"
93030,Bootman,3,vakopleiding,"BBL,BOL,OVO",hg013,"Transport, scheepvaart en logistiek",sg044,Scheepvaart,23390,Bootmannen,02,"Mobiliteit, transport, logistiek en maritiem"
93040,Manager havenlogistiek (Manager havenlogistiek),4,middenkaderopleiding,"BBL,BOL",hg013,"Transport, scheepvaart en logistiek",sg044,Scheepvaart,23364,Havenlogistiek,02,"Mobiliteit, transport, logistiek en maritiem"
93050,Manager havenoperaties (Manager havenoperaties),4,middenkaderopleiding,"BBL,BOL",hg013,"Transport, scheepvaart en logistiek",sg044,Scheepvaart,23363,Havenoperaties,02,"Mobiliteit, transport, logistiek en maritiem"
93060,Medewerker havenlogistiek (Medewerker havenlogistiek),2,basisberoepsopleiding,"BBL,BOL",hg013,"Transport, scheepvaart en logistiek",sg044,Scheepvaart,23364,Havenlogistiek,02,"Mobiliteit, transport, logistiek en maritiem"
93070,Medewerker havenoperaties (Medewerker havenoperaties),2,basisberoepsopleiding,"BBL,BOL",hg013,"Transport, scheepvaart en logistiek",sg044,Scheepvaart,23363,Havenoperaties,02,"Mobiliteit, transport, logistiek en maritiem"
93080,Scheeps- en jachtbouwkundige,4,middenkaderopleiding,"BBL,BOL,OVO",hg013,"Transport, scheepvaart en logistiek",sg044,Scheepvaart,23239,Maritieme techniek,02,"Mobiliteit, transport, logistiek en maritiem"
93090,Schipper/machinist beperkt werkgebied (Schipper/machinist beperkt werkgebied),2,basisberoepsopleiding,"BBL,BOL",hg013,"Transport, scheepvaart en logistiek",sg044,Scheepvaart,23420,Zee- en zeevisvaart beperkt vaargebied,02,"Mobiliteit, transport, logistiek en maritiem"
93100,Maritiem waterbouwer,4,middenkaderopleiding,"BBL,BOL",hg013,"Transport, scheepvaart en logistiek",sg044,Scheepvaart,23278,Maritiem officier,02,"Mobiliteit, transport, logistiek en maritiem"
93101,Maritiem waterbouwer (Scheepswerktuigkundige waterbouw),4,middenkaderopleiding,"BBL,BOL",hg013,"Transport, scheepvaart en logistiek",sg044,Scheepvaart,23278,Maritiem officier,02,"Mobiliteit, transport, logistiek en maritiem"
93102,Maritiem waterbouwer (Stuurman waterbouw),4,middenkaderopleiding,"BBL,BOL",hg013,"Transport, scheepvaart en logistiek",sg044,Scheepvaart,23278,Maritiem officier,02,"Mobiliteit, transport, logistiek en maritiem"
93110,Kapitein binnenvaart (Kapitein binnenvaart),4,middenkaderopleiding,"BBL,BOL",hg013,"Transport, scheepvaart en logistiek",sg044,Scheepvaart,23389,Binnenvaart,02,"Mobiliteit, transport, logistiek en maritiem"
93120,Coordinator havenoperaties (Coordinator havenoperaties),3,vakopleiding,"BBL,BOL",hg013,"Transport, scheepvaart en logistiek",sg044,Scheepvaart,23363,Havenoperaties,02,"Mobiliteit, transport, logistiek en maritiem"
93130,Stuurman werktuigkundige zeevisvaart sw6,2,basisberoepsopleiding,"BBL,BOL,OVO",hg013,"Transport, scheepvaart en logistiek",sg044,Scheepvaart,23420,Zee- en zeevisvaart beperkt vaargebied,02,"Mobiliteit, transport, logistiek en maritiem"
93140,Verbrandingsmotortechnicus (Verbrandingsmotortechnicus),2,basisberoepsopleiding,"BBL,BOL",hg010,Mobiliteit en voertuigen,sg034,Mobiliteitstechniek,23332,Verbrandingsmotortechniek,02,"Mobiliteit, transport, logistiek en maritiem"
93141,Revisietechnicus verbrandingsmotoren,2,basisberoepsopleiding,"BBL,BOL,OVO",hg010,Mobiliteit en voertuigen,sg034,Mobiliteitstechniek,23332,Verbrandingsmotortechniek,02,"Mobiliteit, transport, logistiek en maritiem"
93142,Verbrandingsmotortechnicus,2,basisberoepsopleiding,"BBL,BOL,OVO",hg010,Mobiliteit en voertuigen,sg034,Mobiliteitstechniek,23332,Verbrandingsmotortechniek,02,"Mobiliteit, transport, logistiek en maritiem"
93150,Monteur,2,basisberoepsopleiding,"BBL,BOL",hg011,Techniek en procesindustrie,sg058,Werktuigbouwkunde,23333,Werktuigkundige installaties (montage),01,Techniek en gebouwde omgeving
93160,Installatietechniek,3,vakopleiding,"BBL,BOL",hg011,Techniek en procesindustrie,sg058,Werktuigbouwkunde,23333,Werktuigkundige installaties (montage),01,Techniek en gebouwde omgeving
93161,Eerste monteur Dak,3,vakopleiding,"BBL,BOL",hg011,Techniek en procesindustrie,sg058,Werktuigbouwkunde,23333,Werktuigkundige installaties (montage),01,Techniek en gebouwde omgeving
93162,Eerste monteur Utiliteit,3,vakopleiding,"BBL,BOL",hg011,Techniek en procesindustrie,sg058,Werktuigbouwkunde,23333,Werktuigkundige installaties (montage),01,Techniek en gebouwde omgeving
93163,Eerste monteur Woningbouw,3,vakopleiding,"BBL,BOL",hg011,Techniek en procesindustrie,sg058,Werktuigbouwkunde,23333,Werktuigkundige installaties (montage),01,Techniek en gebouwde omgeving
93170,Installatietechniek (Leidinggevend Monteur),4,middenkaderopleiding,"BBL,BOL",hg006,Handel en ondernemerschap,sg031,Management en ondernemerschap,23422,Leidinggeven op basis van vakmanschap,04,Handel
93180,Machinist,3,vakopleiding,"BBL,BOL",hg004,Bouw en infra,sg024,Infrastructuur,23379,Machinisten,01,Techniek en gebouwde omgeving
93181,Machinist freeswerk,3,vakopleiding,"BBL,BOL,OVO",hg004,Bouw en infra,sg024,Infrastructuur,23379,Machinisten,01,Techniek en gebouwde omgeving
93182,Machinist funderingswerk,3,vakopleiding,"BBL,BOL,OVO",hg004,Bouw en infra,sg024,Infrastructuur,23379,Machinisten,01,Techniek en gebouwde omgeving
93183,Machinist grondverzet,3,vakopleiding,"BBL,BOL,OVO",hg004,Bouw en infra,sg024,Infrastructuur,23379,Machinisten,01,Techniek en gebouwde omgeving
93184,Machinist hijswerk,3,vakopleiding,"BBL,BOL,OVO",hg004,Bouw en infra,sg024,Infrastructuur,23379,Machinisten,01,Techniek en gebouwde omgeving
93185,Machinist sloopwerk,3,vakopleiding,"BBL,BOL,OVO",hg004,Bouw en infra,sg024,Infrastructuur,23379,Machinisten,01,Techniek en gebouwde omgeving
93186,Machinist wegenbouw,3,vakopleiding,"BBL,BOL,OVO",hg004,Bouw en infra,sg024,Infrastructuur,23379,Machinisten,01,Techniek en gebouwde omgeving
93187,Machinist hijswerk,3,vakopleiding,"BBL,BOL,OVO",hg004,Bouw en infra,sg024,Infrastructuur,23379,Machinisten,01,Techniek en gebouwde omgeving
93190,ICT-beheer,4,middenkaderopleiding,"BBL,BOL",hg008,Informatie en communicatietechnologie,sg023,ICT en media,23405,ICT support and systems,05,Ict en creatieve industrie
93191,ICT-beheer (ICT-beheerder),4,middenkaderopleiding,"BBL,BOL",hg008,Informatie en communicatietechnologie,sg023,ICT en media,23405,ICT support and systems,05,Ict en creatieve industrie
93192,ICT-beheer (Netwerkbeheerder),4,middenkaderopleiding,"BBL,BOL",hg008,Informatie en communicatietechnologie,sg023,ICT en media,23405,ICT support and systems,05,Ict en creatieve industrie
93200,Financieel administratief medewerker,3,vakopleiding,"BBL,BOL,OVO",hg005,Economie en administratie,sg059,Zakelijke dienstverlening,23296,Business Services,07,Zakelijke dienstverlening en veiligheid
93210,Administrateur,4,middenkaderopleiding,"BBL,BOL",hg005,Economie en administratie,sg059,Zakelijke dienstverlening,23296,Business Services,07,Zakelijke dienstverlening en veiligheid
93211,Assistent-accountant,4,middenkaderopleiding,"BBL,BOL,OVO",hg005,Economie en administratie,sg059,Zakelijke dienstverlening,23296,Business Services,07,Zakelijke dienstverlening en veiligheid
93212,Bedrijfsadministrateur,4,middenkaderopleiding,"BBL,BOL,OVO",hg005,Economie en administratie,sg059,Zakelijke dienstverlening,23296,Business Services,07,Zakelijke dienstverlening en veiligheid
93213,Salarisadministrateur,4,middenkaderopleiding,"BBL,BOL,OVO",hg005,Economie en administratie,sg059,Zakelijke dienstverlening,23296,Business Services,07,Zakelijke dienstverlening en veiligheid
93220,Game artist,4,middenkaderopleiding,"BBL,BOL,OVO",hg009,Media en vormgeving,sg033,Mediavormgeving,23257,Mediavormgeving,05,Ict en creatieve industrie
93230,Secretariele beroepen,3,vakopleiding,"BBL,BOL",hg005,Economie en administratie,sg059,Zakelijke dienstverlening,23296,Business Services,07,Zakelijke dienstverlening en veiligheid
93231,Secretariele beroepen (Juridisch secretaresse),3,vakopleiding,"BBL,BOL",hg005,Economie en administratie,sg059,Zakelijke dienstverlening,23296,Business Services,07,Zakelijke dienstverlening en veiligheid
93232,Secretariele beroepen (Medisch secretaresse),3,vakopleiding,"BBL,BOL",hg005,Economie en administratie,sg059,Zakelijke dienstverlening,23296,Business Services,07,Zakelijke dienstverlening en veiligheid
93233,Secretariele beroepen (Secretaresse),3,vakopleiding,"BBL,BOL",hg005,Economie en administratie,sg059,Zakelijke dienstverlening,23296,Business Services,07,Zakelijke dienstverlening en veiligheid
93240,Aqua & leisure (Aqua & leisure host),3,vakopleiding,"BBL,BOL",hg012,Toerisme en recreatie,sg051,Toerisme,23264,"Travel, leisure & hospitality",06,"Voedsel, groen en gastvrijheid"
93250,Secretariele beroepen,4,middenkaderopleiding,"BBL,BOL",hg005,Economie en administratie,sg059,Zakelijke dienstverlening,23296,Business Services,07,Zakelijke dienstverlening en veiligheid
93251,Secretariele beroepen (Directiesecretaresse),4,middenkaderopleiding,"BBL,BOL",hg005,Economie en administratie,sg059,Zakelijke dienstverlening,23296,Business Services,07,Zakelijke dienstverlening en veiligheid
93252,Secretariele beroepen (Managementassistent),4,middenkaderopleiding,"BBL,BOL",hg005,Economie en administratie,sg059,Zakelijke dienstverlening,23296,Business Services,07,Zakelijke dienstverlening en veiligheid
93260,Verzorgende,3,vakopleiding,"BBL,BOL",hg017,Zorg en welzijn,sg052,Verpleging en verzorging,23268,verzorgende-IG,03,"Zorg, welzijn en sport"
93270,Assistent toezicht en veiligheid,1,entreeopleiding,"BBL,BOL,OVO",hg015,Veiligheid en sport,sg041,Publieke veiligheid,23322,Publieke veiligheid,07,Zakelijke dienstverlening en veiligheid
93280,Medewerker toezicht en veiligheid,2,basisberoepsopleiding,"BBL,BOL,OVO",hg015,Veiligheid en sport,sg041,Publieke veiligheid,23322,Publieke veiligheid,07,Zakelijke dienstverlening en veiligheid
93290,Timmerkracht,2,basisberoepsopleiding,"BBL,BOL",hg004,Bouw en infra,sg004,Bouwkunde,23331,Timmeren,01,Techniek en gebouwde omgeving
93300,Timmerkracht,3,vakopleiding,"BBL,BOL",hg004,Bouw en infra,sg004,Bouwkunde,23331,Timmeren,01,Techniek en gebouwde omgeving
93301,Timmerkracht (Allround timmerkracht bouw- en werkplaats),3,vakopleiding,"BBL,BOL",hg004,Bouw en infra,sg004,Bouwkunde,23331,Timmeren,01,Techniek en gebouwde omgeving
93302,Timmerkracht (Allround timmerkracht nieuwbouw),3,vakopleiding,"BBL,BOL",hg004,Bouw en infra,sg004,Bouwkunde,23331,Timmeren,01,Techniek en gebouwde omgeving
93303,Timmerkracht (Allround timmerkracht restauratie),3,vakopleiding,"BBL,BOL",hg004,Bouw en infra,sg004,Bouwkunde,23331,Timmeren,01,Techniek en gebouwde omgeving
93310,Betontimmerman primair,2,basisberoepsopleiding,"BBL,BOL,OVO",hg004,Bouw en infra,sg004,Bouwkunde,23048,Betontimmeren,01,Techniek en gebouwde omgeving
93320,Betontimmerman voortgezet,3,vakopleiding,"BBL,BOL,OVO",hg004,Bouw en infra,sg004,Bouwkunde,23048,Betontimmeren,01,Techniek en gebouwde omgeving
93330,Aqua & leisure (Aqua & leisure executive),4,middenkaderopleiding,"BBL,BOL",hg012,Toerisme en recreatie,sg051,Toerisme,23264,"Travel, leisure & hospitality",06,"Voedsel, groen en gastvrijheid"
93340,Podium- en evenemententechniek,4,middenkaderopleiding,"BBL,BOL",hg009,Media en vormgeving,sg014,Evenemententechniek,23319,Podium- en evenemententechniek,05,Ict en creatieve industrie
93341,Podium- en evenemententechniek (Podium- en evenemententechnicus geluid),4,middenkaderopleiding,"BBL,BOL",hg009,Media en vormgeving,sg014,Evenemententechniek,23319,Podium- en evenemententechniek,05,Ict en creatieve industrie
93342,Podium- en evenemententechniek (Podium- en evenemententechnicus licht),4,middenkaderopleiding,"BBL,BOL",hg009,Media en vormgeving,sg014,Evenemententechniek,23319,Podium- en evenemententechniek,05,Ict en creatieve industrie
93343,Podium- en evenemententechniek (Podium- en evenemententechnicus toneel),4,middenkaderopleiding,"BBL,BOL",hg009,Media en vormgeving,sg014,Evenemententechniek,23319,Podium- en evenemententechniek,05,Ict en creatieve industrie
93350,Commercieel medewerker reizen (Leidinggevende verkoop reizen),4,middenkaderopleiding,"BBL,BOL",hg012,Toerisme en recreatie,sg051,Toerisme,23264,"Travel, leisure & hospitality",06,"Voedsel, groen en gastvrijheid"
93360,Kok (Leidinggevende keuken),4,middenkaderopleiding,"BBL,BOL",hg007,Horeca en bakkerij,sg021,Horeca,23085,Keuken,06,"Voedsel, groen en gastvrijheid"
93370,Allround medewerker watersportindustrie,3,vakopleiding,"BBL,BOL,OVO",hg013,"Transport, scheepvaart en logistiek",sg044,Scheepvaart,23239,Maritieme techniek,02,"Mobiliteit, transport, logistiek en maritiem"
93380,Werkplaatsmanagement Mobiliteitsbranche,4,middenkaderopleiding,"BBL,BOL",hg006,Handel en ondernemerschap,sg031,Management en ondernemerschap,23422,Leidinggeven op basis van vakmanschap,04,Handel
93381,Werkplaatsmanagment Mobiliteitsbranche (Werkplaatsmanager carrosseriebouw),4,middenkaderopleiding,"BBL,BOL",hg006,Handel en ondernemerschap,sg031,Management en ondernemerschap,23422,Leidinggeven op basis van vakmanschap,04,Handel
93382,Werkplaatsmanagement Mobiliteitsbranche (Werkplaatsmanager motorvoertuigentechniek),4,middenkaderopleiding,"BBL,BOL",hg006,Handel en ondernemerschap,sg031,Management en ondernemerschap,23422,Leidinggeven op basis van vakmanschap,04,Handel
93383,Werkplaatsmanagement Mobiliteitsbranche (Werkplaatsmanager schadeherstel),4,middenkaderopleiding,"BBL,BOL",hg006,Handel en ondernemerschap,sg031,Management en ondernemerschap,23422,Leidinggeven op basis van vakmanschap,04,Handel
93384,Werkplaatsmanager Motorvoertuigentechniek,4,middenkaderopleiding,"BBL,BOL,OVO",hg006,Handel en ondernemerschap,sg031,Management en ondernemerschap,23422,Leidinggeven op basis van vakmanschap,04,Handel
93385,Werkplaatsmanager Carrosseriebouw,4,middenkaderopleiding,"BBL,BOL,OVO",hg006,Handel en ondernemerschap,sg031,Management en ondernemerschap,23422,Leidinggeven op basis van vakmanschap,04,Handel
93386,Werkplaatsmanager Schadeherstel,4,middenkaderopleiding,"BBL,BOL,OVO",hg006,Handel en ondernemerschap,sg031,Management en ondernemerschap,23422,Leidinggeven op basis van vakmanschap,04,Handel
93390,Serviceadviseur Mobiliteitsbranche,3,vakopleiding,"BBL,BOL,OVO",hg010,Mobiliteit en voertuigen,sg034,Mobiliteitstechniek,23292,(After)sales in de mobiliteitsbranche,02,"Mobiliteit, transport, logistiek en maritiem"
93400,Bedrijfsmanagement Mobiliteitsbranche,4,middenkaderopleiding,"BBL,BOL",hg010,Mobiliteit en voertuigen,sg034,Mobiliteitstechniek,23292,(After)sales in de mobiliteitsbranche,02,"Mobiliteit, transport, logistiek en maritiem"
93401,Bedrijfsmanagement Mobiliteitsbranche (Bedrijfsmanager Mobiliteitsbranche Innovam),4,middenkaderopleiding,"BBL,BOL",hg010,Mobiliteit en voertuigen,sg034,Mobiliteitstechniek,23292,(After)sales in de mobiliteitsbranche,02,"Mobiliteit, transport, logistiek en maritiem"
93402,Bedrijfsmanagement Mobiliteitsbranche (Bedrijfsmanager Mobiliteitsbranche VOC),4,middenkaderopleiding,"BBL,BOL",hg010,Mobiliteit en voertuigen,sg034,Mobiliteitstechniek,23292,(After)sales in de mobiliteitsbranche,02,"Mobiliteit, transport, logistiek en maritiem"
93410,Autotechnicus,2,basisberoepsopleiding,"BBL,BOL,OVO",hg010,Mobiliteit en voertuigen,sg034,Mobiliteitstechniek,23273,Voertuigen en mobiele werktuigen,02,"Mobiliteit, transport, logistiek en maritiem"
93420,Eerste Autotechnicus,3,vakopleiding,"BBL,BOL,OVO",hg010,Mobiliteit en voertuigen,sg034,Mobiliteitstechniek,23273,Voertuigen en mobiele werktuigen,02,"Mobiliteit, transport, logistiek en maritiem"
93430,Technisch Specialist Personenauto's,4,middenkaderopleiding,"BBL,BOL,OVO",hg010,Mobiliteit en voertuigen,sg034,Mobiliteitstechniek,23274,Specialist voertuigen en mobiele werktuigen,02,"Mobiliteit, transport, logistiek en maritiem"
93440,Bedrijfsautotechnicus,2,basisberoepsopleiding,"BBL,BOL,OVO",hg010,Mobiliteit en voertuigen,sg034,Mobiliteitstechniek,23273,Voertuigen en mobiele werktuigen,02,"Mobiliteit, transport, logistiek en maritiem"
93450,Eerste Bedrijfsautotechnicus,3,vakopleiding,"BBL,BOL,OVO",hg010,Mobiliteit en voertuigen,sg034,Mobiliteitstechniek,23273,Voertuigen en mobiele werktuigen,02,"Mobiliteit, transport, logistiek en maritiem"
93460,Technisch Specialist Bedrijfsauto's,4,middenkaderopleiding,"BBL,BOL,OVO",hg010,Mobiliteit en voertuigen,sg034,Mobiliteitstechniek,23274,Specialist voertuigen en mobiele werktuigen,02,"Mobiliteit, transport, logistiek en maritiem"
93470,Motorfietstechnicus,2,basisberoepsopleiding,"BBL,BOL,OVO",hg010,Mobiliteit en voertuigen,sg034,Mobiliteitstechniek,23273,Voertuigen en mobiele werktuigen,02,"Mobiliteit, transport, logistiek en maritiem"
93480,Eerste Motorfietstechnicus,3,vakopleiding,"BBL,BOL,OVO",hg010,Mobiliteit en voertuigen,sg034,Mobiliteitstechniek,23273,Voertuigen en mobiele werktuigen,02,"Mobiliteit, transport, logistiek en maritiem"
93490,Manager handel,4,middenkaderopleiding,"BBL,BOL",hg006,Handel en ondernemerschap,sg031,Management en ondernemerschap,23323,Retail Management,04,Handel
93491,Afdelingsmanager,4,middenkaderopleiding,"BBL,BOL,OVO",hg006,Handel en ondernemerschap,sg031,Management en ondernemerschap,23323,Retail Management,04,Handel
93492,Filiaalmanager,4,middenkaderopleiding,"BBL,BOL,OVO",hg006,Handel en ondernemerschap,sg031,Management en ondernemerschap,23323,Retail Management,04,Handel
93493,Manager wonen,4,middenkaderopleiding,"BBL,BOL,OVO",hg006,Handel en ondernemerschap,sg031,Management en ondernemerschap,23323,Retail Management,04,Handel
93494,Vestigingsmanager groothandel,4,middenkaderopleiding,"BBL,BOL,OVO",hg005,Economie en administratie,sg059,Zakelijke dienstverlening,23354,Commercie,04,Handel
93500,Onderwijsassistent,4,middenkaderopleiding,"BBL,BOL,OVO",hg017,Zorg en welzijn,sg039,Pedagogisch werk,23285,Pedagogisch werk,03,"Zorg, welzijn en sport"
93510,MBO-Verpleegkundige,4,middenkaderopleiding,"BBL,BOL",hg017,Zorg en welzijn,sg052,Verpleging en verzorging,23267,Mbo-Verpleegkundige,03,"Zorg, welzijn en sport"
93520,Machinaal houtbewerker,2,basisberoepsopleiding,"BBL,BOL",hg001,"Afbouw, hout en onderhoud",sg022,Hout en meubel,23373,Meubels en (scheeps)interieurs maken,01,Techniek en gebouwde omgeving
93521,Machinaal houtbewerker (Machinaal houtbewerker houthandel),2,basisberoepsopleiding,"BBL,BOL",hg001,"Afbouw, hout en onderhoud",sg022,Hout en meubel,23373,Meubels en (scheeps)interieurs maken,01,Techniek en gebouwde omgeving
93522,Machinaal houtbewerker (Machinaal houtbewerker meubelindustrie),2,basisberoepsopleiding,"BBL,BOL",hg001,"Afbouw, hout en onderhoud",sg022,Hout en meubel,23373,Meubels en (scheeps)interieurs maken,01,Techniek en gebouwde omgeving
93523,Machinaal houtbewerker (Machinaal houtbewerker timmerindustrie),2,basisberoepsopleiding,"BBL,BOL",hg001,"Afbouw, hout en onderhoud",sg022,Hout en meubel,23373,Meubels en (scheeps)interieurs maken,01,Techniek en gebouwde omgeving
93524,Machinaal houtbewerker (Trappenmaker),2,basisberoepsopleiding,"BBL,BOL",hg001,"Afbouw, hout en onderhoud",sg022,Hout en meubel,23373,Meubels en (scheeps)interieurs maken,01,Techniek en gebouwde omgeving
93530,Machinaal houtbewerker (Machinaal houtbewerker),3,vakopleiding,"BBL,BOL",hg001,"Afbouw, hout en onderhoud",sg022,Hout en meubel,23373,Meubels en (scheeps)interieurs maken,01,Techniek en gebouwde omgeving
93531,Machinaal houtbewerker (Allround machinaal houtbewerker houthandel),3,vakopleiding,"BBL,BOL",hg001,"Afbouw, hout en onderhoud",sg022,Hout en meubel,23373,Meubels en (scheeps)interieurs maken,01,Techniek en gebouwde omgeving
93532,Machinaal houtbewerker (Allround machinaal houtbewerker meubelindustrie),3,vakopleiding,"BBL,BOL",hg001,"Afbouw, hout en onderhoud",sg022,Hout en meubel,23373,Meubels en (scheeps)interieurs maken,01,Techniek en gebouwde omgeving
93533,Machinaal houtbewerker (Allround machinaal houtbewerker timmerindustrie),3,vakopleiding,"BBL,BOL",hg001,"Afbouw, hout en onderhoud",sg022,Hout en meubel,23373,Meubels en (scheeps)interieurs maken,01,Techniek en gebouwde omgeving
93534,Machinaal houtbewerker (Allround trappenmaker),3,vakopleiding,"BBL,BOL",hg001,"Afbouw, hout en onderhoud",sg022,Hout en meubel,23373,Meubels en (scheeps)interieurs maken,01,Techniek en gebouwde omgeving
93535,Machinaal houtbewerker (Allround machinaal houtbewerker CNC meubelindustrie),3,vakopleiding,"BBL,BOL",hg001,"Afbouw, hout en onderhoud",sg022,Hout en meubel,23373,Meubels en (scheeps)interieurs maken,01,Techniek en gebouwde omgeving
93540,Parketteur,2,basisberoepsopleiding,"BBL,BOL,OVO",hg001,"Afbouw, hout en onderhoud",sg022,Hout en meubel,23269,Interieurvakmanschap,04,Handel
93550,Allround parketteur,3,vakopleiding,"BBL,BOL,OVO",hg001,"Afbouw, hout en onderhoud",sg022,Hout en meubel,23269,Interieurvakmanschap,04,Handel
93560,Meubelstoffeerder,2,basisberoepsopleiding,"BBL,BOL,OVO",hg001,"Afbouw, hout en onderhoud",sg022,Hout en meubel,23348,Meubels stofferen,01,Techniek en gebouwde omgeving
93570,Allround meubelstoffeerder,3,vakopleiding,"BBL,BOL,OVO",hg001,"Afbouw, hout en onderhoud",sg022,Hout en meubel,23348,Meubels stofferen,01,Techniek en gebouwde omgeving
93580,Logistiek medewerker houthandel (Logistiek medewerker houthandel),2,basisberoepsopleiding,"BBL,BOL",hg013,"Transport, scheepvaart en logistiek",sg028,Logistiek,23309,Logistiek,02,"Mobiliteit, transport, logistiek en maritiem"
93590,Logistiek medewerker houthandel (Allround logistiek medewerker houthandel),3,vakopleiding,"BBL,BOL",hg013,"Transport, scheepvaart en logistiek",sg028,Logistiek,23309,Logistiek,02,"Mobiliteit, transport, logistiek en maritiem"
93600,Stukadoor,2,basisberoepsopleiding,"BBL,BOL,OVO",hg001,"Afbouw, hout en onderhoud",sg049,Stukadoren en afbouw,23027,Stukadoren,01,Techniek en gebouwde omgeving
93610,Schoenhersteller,2,basisberoepsopleiding,"BBL,BOL,OVO",hg003,"Ambacht, laboratorium en gezondheidstechniek",sg003,Ambachtelijke techniek,23387,Schoentechniek,08,Specialistisch vakmanschap
93620,Schoenhersteller (Schoenhersteller/ondernemer),3,vakopleiding,"BBL,BOL",hg003,"Ambacht, laboratorium en gezondheidstechniek",sg003,Ambachtelijke techniek,23387,Schoentechniek,08,Specialistisch vakmanschap
93630,Optiek,2,basisberoepsopleiding,"BBL,BOL",hg003,"Ambacht, laboratorium en gezondheidstechniek",sg017,Gezondheidstechniek,23413,Optiek,08,Specialistisch vakmanschap
93631,Verkoopmedewerker Optiek,2,basisberoepsopleiding,"BBL,BOL,OVO",hg003,"Ambacht, laboratorium en gezondheidstechniek",sg017,Gezondheidstechniek,23413,Optiek,08,Specialistisch vakmanschap
93632,Werkplaatsmedewerker Optiek,2,basisberoepsopleiding,"BBL,BOL,OVO",hg003,"Ambacht, laboratorium en gezondheidstechniek",sg017,Gezondheidstechniek,23413,Optiek,08,Specialistisch vakmanschap
93640,Allround Medewerker Optiek,3,vakopleiding,"BBL,BOL,OVO",hg003,"Ambacht, laboratorium en gezondheidstechniek",sg017,Gezondheidstechniek,23413,Optiek,08,Specialistisch vakmanschap
93650,Optiek,4,middenkaderopleiding,"BBL,BOL",hg003,"Ambacht, laboratorium en gezondheidstechniek",sg017,Gezondheidstechniek,23413,Optiek,08,Specialistisch vakmanschap
93651,Opticien,4,middenkaderopleiding,"BBL,BOL,OVO",hg003,"Ambacht, laboratorium en gezondheidstechniek",sg017,Gezondheidstechniek,23413,Optiek,08,Specialistisch vakmanschap
93652,Opticien/Manager,4,middenkaderopleiding,"BBL,BOL,OVO",hg003,"Ambacht, laboratorium en gezondheidstechniek",sg017,Gezondheidstechniek,23413,Optiek,08,Specialistisch vakmanschap
93660,Medewerker Adaptatietechniek,2,basisberoepsopleiding,"BBL,BOL,OVO",hg003,"Ambacht, laboratorium en gezondheidstechniek",sg003,Ambachtelijke techniek,23387,Schoentechniek,08,Specialistisch vakmanschap
93670,Adaptatietechnicus,3,vakopleiding,"BBL,BOL,OVO",hg003,"Ambacht, laboratorium en gezondheidstechniek",sg003,Ambachtelijke techniek,23387,Schoentechniek,08,Specialistisch vakmanschap
93680,Creatief vakman,4,middenkaderopleiding,"BBL,BOL",hg003,"Ambacht, laboratorium en gezondheidstechniek",sg003,Ambachtelijke techniek,23217,Creatief Vakmanschap,08,Specialistisch vakmanschap
93681,Glazenier,4,middenkaderopleiding,"BBL,BOL,OVO",hg003,"Ambacht, laboratorium en gezondheidstechniek",sg003,Ambachtelijke techniek,23217,Creatief Vakmanschap,08,Specialistisch vakmanschap
93682,Keramist,4,middenkaderopleiding,"BBL,BOL,OVO",hg003,"Ambacht, laboratorium en gezondheidstechniek",sg003,Ambachtelijke techniek,23217,Creatief Vakmanschap,08,Specialistisch vakmanschap
93683,Ambachtelijk Schoenmaker,4,middenkaderopleiding,"BBL,BOL,OVO",hg003,"Ambacht, laboratorium en gezondheidstechniek",sg003,Ambachtelijke techniek,23387,Schoentechniek,08,Specialistisch vakmanschap
93684,Hoedenmaker,4,middenkaderopleiding,"BBL,BOL,OVO",hg003,"Ambacht, laboratorium en gezondheidstechniek",sg003,Ambachtelijke techniek,23217,Creatief Vakmanschap,08,Specialistisch vakmanschap
93685,Lederwarenmaker,4,middenkaderopleiding,"BBL,BOL,OVO",hg003,"Ambacht, laboratorium en gezondheidstechniek",sg003,Ambachtelijke techniek,23217,Creatief Vakmanschap,08,Specialistisch vakmanschap
93686,Ontwerpend Meubelmaker,4,middenkaderopleiding,"BBL,BOL,OVO",hg003,"Ambacht, laboratorium en gezondheidstechniek",sg003,Ambachtelijke techniek,23217,Creatief Vakmanschap,08,Specialistisch vakmanschap
93687,Glasblazer,4,middenkaderopleiding,"BBL,BOL,OVO",hg003,"Ambacht, laboratorium en gezondheidstechniek",sg003,Ambachtelijke techniek,23217,Creatief Vakmanschap,08,Specialistisch vakmanschap
93690,Productievakkracht versindustrie,3,vakopleiding,"BBL,BOL",hg016,"Voedsel, natuur en leefomgeving",sg053,Verse voeding,23227,Vers: vakmanschap & industrie,06,"Voedsel, groen en gastvrijheid"
93691,Productievakkracht versindustrie (Meewerkend voorman versindustrie),3,vakopleiding,"BBL,BOL",hg016,"Voedsel, natuur en leefomgeving",sg053,Verse voeding,23227,Vers: vakmanschap & industrie,06,"Voedsel, groen en gastvrijheid"
93692,Productievakkracht versindustrie (Allround medewerker versindustrie),3,vakopleiding,"BBL,BOL",hg016,"Voedsel, natuur en leefomgeving",sg053,Verse voeding,23227,Vers: vakmanschap & industrie,06,"Voedsel, groen en gastvrijheid"
93700,Productiemedewerker versindustrie,2,basisberoepsopleiding,"BBL,BOL,OVO",hg016,"Voedsel, natuur en leefomgeving",sg053,Verse voeding,23227,Vers: vakmanschap & industrie,06,"Voedsel, groen en gastvrijheid"
93710,Analist,4,middenkaderopleiding,"BBL,BOL",hg003,"Ambacht, laboratorium en gezondheidstechniek",sg027,Laboratoriumtechniek,23380,Analisten,01,Techniek en gebouwde omgeving
93711,Analist klinische chemie,4,middenkaderopleiding,"BBL,BOL,OVO",hg003,"Ambacht, laboratorium en gezondheidstechniek",sg027,Laboratoriumtechniek,23380,Analisten,01,Techniek en gebouwde omgeving
93712,Analist pathologie,4,middenkaderopleiding,"BBL,BOL,OVO",hg003,"Ambacht, laboratorium en gezondheidstechniek",sg027,Laboratoriumtechniek,23380,Analisten,01,Techniek en gebouwde omgeving
93713,Biotechnologisch analist,4,middenkaderopleiding,"BBL,BOL,OVO",hg003,"Ambacht, laboratorium en gezondheidstechniek",sg027,Laboratoriumtechniek,23380,Analisten,01,Techniek en gebouwde omgeving
93714,Chemisch-fysisch analist,4,middenkaderopleiding,"BBL,BOL,OVO",hg003,"Ambacht, laboratorium en gezondheidstechniek",sg027,Laboratoriumtechniek,23380,Analisten,01,Techniek en gebouwde omgeving
93715,Microbiologisch analist,4,middenkaderopleiding,"BBL,BOL,OVO",hg003,"Ambacht, laboratorium en gezondheidstechniek",sg027,Laboratoriumtechniek,23380,Analisten,01,Techniek en gebouwde omgeving
93716,Technisch Onderwijs Assistent (TOA),4,middenkaderopleiding,"BBL,BOL,OVO",hg003,"Ambacht, laboratorium en gezondheidstechniek",sg027,Laboratoriumtechniek,23380,Analisten,01,Techniek en gebouwde omgeving
93720,Brood- en banketbakker (Leidinggevende ambachtelijke bakkerij),4,middenkaderopleiding,"BBL,BOL",hg007,Horeca en bakkerij,sg005,Brood en banket,23295,Brood en banket,06,"Voedsel, groen en gastvrijheid"
93730,Assistent logistiek medewerker,1,entreeopleiding,"BBL,BOL",hg002,Entree,sg061,Entree,23301,Entree,09,Entree
93731,Assistent logistiek medewerker,1,entreeopleiding,"BBL,BOL,OVO",hg002,Entree,sg061,Entree,23301,Entree,09,Entree
93732,Assistent logistiek medewerker,1,entreeopleiding,"BBL,BOL,OVO",hg002,Entree,sg061,Entree,23301,Entree,09,Entree
93740,Assistent mobiliteitsbranche,1,entreeopleiding,"BBL,BOL",hg002,Entree,sg061,Entree,23301,Entree,09,Entree
93741,Assistent Mobiliteitsbranche,1,entreeopleiding,"BBL,BOL,OVO",hg002,Entree,sg061,Entree,23301,Entree,09,Entree
93742,Assistent Mobiliteitsbranche,1,entreeopleiding,"BBL,BOL,OVO",hg002,Entree,sg061,Entree,23301,Entree,09,Entree
93750,Verkoper,2,basisberoepsopleiding,"BBL,BOL",hg006,Handel en ondernemerschap,sg010,Detailhandel en groothandel,23324,Retail operationeel,04,Handel
93751,Verkoper detailhandel,2,basisberoepsopleiding,"BBL,BOL,OVO",hg006,Handel en ondernemerschap,sg010,Detailhandel en groothandel,23324,Retail operationeel,04,Handel
93752,Verkoper fiets/bromfiets,2,basisberoepsopleiding,"BBL,BOL,OVO",hg006,Handel en ondernemerschap,sg010,Detailhandel en groothandel,23324,Retail operationeel,04,Handel
93753,Verkoopmedewerker tankstation,2,basisberoepsopleiding,"BBL,BOL,OVO",hg006,Handel en ondernemerschap,sg010,Detailhandel en groothandel,23324,Retail operationeel,04,Handel
93760,Assistent voeding/voedingsindustrie,1,entreeopleiding,"BBL,BOL,OVO",hg002,Entree,sg061,Entree,23301,Entree,09,Entree
93770,Ploegleider textiel,4,middenkaderopleiding,"BBL,BOL,OVO",hg006,Handel en ondernemerschap,sg035,Mode en interieurindustrie,23279,Fashion,04,Handel
93780,Productiecoordinator,4,middenkaderopleiding,"BBL,BOL",hg006,Handel en ondernemerschap,sg035,Mode en interieurindustrie,23279,Fashion,04,Handel
93781,Commercieel medewerker fashion,4,middenkaderopleiding,"BBL,BOL,OVO",hg006,Handel en ondernemerschap,sg035,Mode en interieurindustrie,23279,Fashion,04,Handel
93782,Productiebegeleider fashion,4,middenkaderopleiding,"BBL,BOL,OVO",hg006,Handel en ondernemerschap,sg035,Mode en interieurindustrie,23279,Fashion,04,Handel
93790,Autoschadetechnicus,2,basisberoepsopleiding,"BBL,BOL",hg010,Mobiliteit en voertuigen,sg006,Carrosserietechniek,23358,Autoschadehersteltechniek,02,"Mobiliteit, transport, logistiek en maritiem"
93800,Commercieel medewerker 4 (Junior),4,middenkaderopleiding,"BBL,BOL",hg005,Economie en administratie,sg059,Zakelijke dienstverlening,23354,Commercie,04,Handel
93801,(Junior) accountmanager,4,middenkaderopleiding,"BBL,BOL,OVO",hg005,Economie en administratie,sg059,Zakelijke dienstverlening,23354,Commercie,04,Handel
93802,(Junior) accountmanager,4,middenkaderopleiding,"BBL,BOL,OVO",hg005,Economie en administratie,sg059,Zakelijke dienstverlening,23354,Commercie,04,Handel
93810,Technicus landbouwmechanisatie,4,middenkaderopleiding,"BBL,BOL,OVO",hg010,Mobiliteit en voertuigen,sg034,Mobiliteitstechniek,23274,Specialist voertuigen en mobiele werktuigen,02,"Mobiliteit, transport, logistiek en maritiem"
93820,Steigerbouwer,2,basisberoepsopleiding,"BBL,BOL,OVO",hg004,Bouw en infra,sg004,Bouwkunde,23313,Metselen,01,Techniek en gebouwde omgeving
93830,Allround steigerbouwer,3,vakopleiding,"BBL,BOL,OVO",hg004,Bouw en infra,sg004,Bouwkunde,23313,Metselen,01,Techniek en gebouwde omgeving
93840,Dakdekker,2,basisberoepsopleiding,"BBL,BOL",hg004,Bouw en infra,sg004,Bouwkunde,23352,Dakdekken,01,Techniek en gebouwde omgeving
93841,Dakdekker bitumen en kunststof,2,basisberoepsopleiding,"BBL,BOL,OVO",hg004,Bouw en infra,sg004,Bouwkunde,23352,Dakdekken,01,Techniek en gebouwde omgeving
93842,Dakdekker (Dakdekker leien),2,basisberoepsopleiding,"BBL,BOL",hg004,Bouw en infra,sg004,Bouwkunde,23352,Dakdekken,01,Techniek en gebouwde omgeving
93843,Dakdekker metaal,2,basisberoepsopleiding,"BBL,BOL,OVO",hg004,Bouw en infra,sg004,Bouwkunde,23352,Dakdekken,01,Techniek en gebouwde omgeving
93844,Dakdekker (Dakdekker pannen),2,basisberoepsopleiding,"BBL,BOL",hg004,Bouw en infra,sg004,Bouwkunde,23352,Dakdekken,01,Techniek en gebouwde omgeving
93845,Dakdekker riet,2,basisberoepsopleiding,"BBL,BOL,OVO",hg004,Bouw en infra,sg004,Bouwkunde,23352,Dakdekken,01,Techniek en gebouwde omgeving
93846,Dakdekker pannen/leien,2,basisberoepsopleiding,"BBL,BOL,OVO",hg004,Bouw en infra,sg004,Bouwkunde,23352,Dakdekken,01,Techniek en gebouwde omgeving
93850,Dakdekker,3,vakopleiding,"BBL,BOL",hg004,Bouw en infra,sg004,Bouwkunde,23352,Dakdekken,01,Techniek en gebouwde omgeving
93851,Dakdekker (Allround dakdekker pannen),3,vakopleiding,"BBL,BOL",hg004,Bouw en infra,sg004,Bouwkunde,23352,Dakdekken,01,Techniek en gebouwde omgeving
93852,Dakdekker (Allround dakdekker leien),3,vakopleiding,"BBL,BOL",hg004,Bouw en infra,sg004,Bouwkunde,23352,Dakdekken,01,Techniek en gebouwde omgeving
93853,Allround dakdekker bitumen en kunststof,3,vakopleiding,"BBL,BOL,OVO",hg004,Bouw en infra,sg004,Bouwkunde,23352,Dakdekken,01,Techniek en gebouwde omgeving
93854,Allround dakdekker metaal,3,vakopleiding,"BBL,BOL,OVO",hg004,Bouw en infra,sg004,Bouwkunde,23352,Dakdekken,01,Techniek en gebouwde omgeving
93855,Allround dakdekker pannen/leien,3,vakopleiding,"BBL,BOL,OVO",hg004,Bouw en infra,sg004,Bouwkunde,23352,Dakdekken,01,Techniek en gebouwde omgeving
93860,Contactcenter teamleider,4,middenkaderopleiding,"BBL,BOL,OVO",hg006,Handel en ondernemerschap,sg031,Management en ondernemerschap,23422,Leidinggeven op basis van vakmanschap,04,Handel
93870,"Kaderfunctionaris bouw, infra en gespecialiseerde aannemerij",4,middenkaderopleiding,"BBL,BOL",hg004,Bouw en infra,sg004,Bouwkunde,23058,Werkvoorbereiden/uitvoeren,01,Techniek en gebouwde omgeving
93871,kaderfunctionaris werkvoorbereiding en calculatie,4,middenkaderopleiding,"BBL,BOL,OVO",hg004,Bouw en infra,sg004,Bouwkunde,23058,Werkvoorbereiden/uitvoeren,01,Techniek en gebouwde omgeving
93872,kaderfunctionaris uitvoering,4,middenkaderopleiding,"BBL,BOL,OVO",hg004,Bouw en infra,sg004,Bouwkunde,23058,Werkvoorbereiden/uitvoeren,01,Techniek en gebouwde omgeving
93873,kaderfunctionaris uitvoering bouw en infra,4,middenkaderopleiding,"BBL,BOL,OVO",hg004,Bouw en infra,sg004,Bouwkunde,23058,Werkvoorbereiden/uitvoeren,01,Techniek en gebouwde omgeving
93880,Betonstaalverwerker,2,basisberoepsopleiding,"BBL,BOL",hg004,Bouw en infra,sg004,Bouwkunde,23047,Betonstaalverwerken,01,Techniek en gebouwde omgeving
93881,Betonstaalknipper/buiger/machineoperator,2,basisberoepsopleiding,"BBL,BOL,OVO",hg004,Bouw en infra,sg004,Bouwkunde,23047,Betonstaalverwerken,01,Techniek en gebouwde omgeving
93882,Betonstaalvlechter,2,basisberoepsopleiding,"BBL,BOL,OVO",hg004,Bouw en infra,sg004,Bouwkunde,23047,Betonstaalverwerken,01,Techniek en gebouwde omgeving
93883,Betonstaallasser,2,basisberoepsopleiding,"BBL,BOL,OVO",hg004,Bouw en infra,sg004,Bouwkunde,23047,Betonstaalverwerken,01,Techniek en gebouwde omgeving
93890,Betonstaalverwerker,3,vakopleiding,"BBL,BOL",hg004,Bouw en infra,sg004,Bouwkunde,23047,Betonstaalverwerken,01,Techniek en gebouwde omgeving
93891,Allround betonstaalverwerker buigcentrale,3,vakopleiding,"BBL,BOL,OVO",hg004,Bouw en infra,sg004,Bouwkunde,23047,Betonstaalverwerken,01,Techniek en gebouwde omgeving
93892,Allround betonstaalverwerker bouwplaats,3,vakopleiding,"BBL,BOL,OVO",hg004,Bouw en infra,sg004,Bouwkunde,23047,Betonstaalverwerken,01,Techniek en gebouwde omgeving
93893,Allround betonstaalverwerker prefabricage,3,vakopleiding,"BBL,BOL,OVO",hg004,Bouw en infra,sg004,Bouwkunde,23047,Betonstaalverwerken,01,Techniek en gebouwde omgeving
93900,Metselaar 2,2,basisberoepsopleiding,"BBL,BOL",hg004,Bouw en infra,sg004,Bouwkunde,23313,Metselen,01,Techniek en gebouwde omgeving
93901,Metselaar inclusief casco lijmwerk,2,basisberoepsopleiding,"BBL,BOL,OVO",hg004,Bouw en infra,sg004,Bouwkunde,23313,Metselen,01,Techniek en gebouwde omgeving
93902,Metselaar inclusief lichte scheidingswanden,2,basisberoepsopleiding,"BBL,BOL,OVO",hg004,Bouw en infra,sg004,Bouwkunde,23313,Metselen,01,Techniek en gebouwde omgeving
93903,Metselaar (Allround Metselaar inclusief nieuwe metseltechnieken),2,basisberoepsopleiding,"BBL,BOL",hg004,Bouw en infra,sg004,Bouwkunde,23313,Metselen,01,Techniek en gebouwde omgeving
93904,Metselaar (Allround Metselaar herstel en restauratie),2,basisberoepsopleiding,"BBL,BOL",hg004,Bouw en infra,sg004,Bouwkunde,23313,Metselen,01,Techniek en gebouwde omgeving
93905,Metselaar (Allround Metselaar aan-en verbouw),2,basisberoepsopleiding,"BBL,BOL",hg004,Bouw en infra,sg004,Bouwkunde,23313,Metselen,01,Techniek en gebouwde omgeving
93910,Tegelzetter,2,basisberoepsopleiding,"BBL,BOL,OVO",hg004,Bouw en infra,sg004,Bouwkunde,23330,Tegelzetten,01,Techniek en gebouwde omgeving
93920,Allround tegelzetter,3,vakopleiding,"BBL,BOL,OVO",hg004,Bouw en infra,sg004,Bouwkunde,23330,Tegelzetten,01,Techniek en gebouwde omgeving
93930,Betonreparateur,2,basisberoepsopleiding,"BBL,BOL",hg004,Bouw en infra,sg004,Bouwkunde,23407,Betonreparatie,01,Techniek en gebouwde omgeving
93931,Betonreparateur,2,basisberoepsopleiding,"BBL,BOL,OVO",hg004,Bouw en infra,sg004,Bouwkunde,23407,Betonreparatie,01,Techniek en gebouwde omgeving
93932,Betonreparateur,2,basisberoepsopleiding,"BBL,BOL,OVO",hg004,Bouw en infra,sg004,Bouwkunde,23407,Betonreparatie,01,Techniek en gebouwde omgeving
93940,Betonraparateur (Allround betonreparateur),3,vakopleiding,"BBL,BOL",hg004,Bouw en infra,sg004,Bouwkunde,23407,Betonreparatie,01,Techniek en gebouwde omgeving
93941,Allround betonreparateur,3,vakopleiding,"BBL,BOL,OVO",hg004,Bouw en infra,sg004,Bouwkunde,23407,Betonreparatie,01,Techniek en gebouwde omgeving
93942,Allround betonreparateur,3,vakopleiding,"BBL,BOL,OVO",hg004,Bouw en infra,sg004,Bouwkunde,23407,Betonreparatie,01,Techniek en gebouwde omgeving
93950,Voeger / gevelbehandelaar,2,basisberoepsopleiding,"BBL,BOL",hg004,Bouw en infra,sg004,Bouwkunde,23196,Voegen/gevelbehandelen,01,Techniek en gebouwde omgeving
93951,Voeger,2,basisberoepsopleiding,"BBL,BOL,OVO",hg004,Bouw en infra,sg004,Bouwkunde,23196,Voegen/gevelbehandelen,01,Techniek en gebouwde omgeving
93952,Gevelbehandelaar voegbedrijf,2,basisberoepsopleiding,"BBL,BOL,OVO",hg004,Bouw en infra,sg004,Bouwkunde,23196,Voegen/gevelbehandelen,01,Techniek en gebouwde omgeving
93960,Asfaltafwerker,2,basisberoepsopleiding,"BBL,BOL,OVO",hg004,Bouw en infra,sg004,Bouwkunde,23303,"Grond-, water- en wegenbouw",01,Techniek en gebouwde omgeving
93970,Balkman,3,vakopleiding,"BBL,BOL,OVO",hg004,Bouw en infra,sg004,Bouwkunde,23303,"Grond-, water- en wegenbouw",01,Techniek en gebouwde omgeving
93980,Vakman gww,2,basisberoepsopleiding,"BBL,BOL,OVO",hg004,Bouw en infra,sg004,Bouwkunde,23303,"Grond-, water- en wegenbouw",01,Techniek en gebouwde omgeving
93990,Allround vakman gww,3,vakopleiding,"BBL,BOL,OVO",hg004,Bouw en infra,sg004,Bouwkunde,23303,"Grond-, water- en wegenbouw",01,Techniek en gebouwde omgeving
94000,Opperman bestratingen,2,basisberoepsopleiding,"BBL,BOL,OVO",hg004,Bouw en infra,sg004,Bouwkunde,23303,"Grond-, water- en wegenbouw",01,Techniek en gebouwde omgeving
94010,Straatmaker,3,vakopleiding,"BBL,BOL,OVO",hg004,Bouw en infra,sg004,Bouwkunde,23303,"Grond-, water- en wegenbouw",01,Techniek en gebouwde omgeving
94020,Waterbouwer,2,basisberoepsopleiding,"BBL,BOL,OVO",hg004,Bouw en infra,sg004,Bouwkunde,23303,"Grond-, water- en wegenbouw",01,Techniek en gebouwde omgeving
94030,Waterbouwer,3,vakopleiding,"BBL,BOL",hg004,Bouw en infra,sg004,Bouwkunde,23303,"Grond-, water- en wegenbouw",01,Techniek en gebouwde omgeving
94031,Allround waterbouwer,3,vakopleiding,"BBL,BOL,OVO",hg004,Bouw en infra,sg004,Bouwkunde,23303,"Grond-, water- en wegenbouw",01,Techniek en gebouwde omgeving
94032,Steenzetter/rijswerker,3,vakopleiding,"BBL,BOL,OVO",hg004,Bouw en infra,sg004,Bouwkunde,23303,"Grond-, water- en wegenbouw",01,Techniek en gebouwde omgeving
94040,Betonboorder,3,vakopleiding,"BBL,BOL,OVO",hg004,Bouw en infra,sg004,Bouwkunde,23045,Betonboren,01,Techniek en gebouwde omgeving
94050,Middenkaderfunctionaris bouw en infra,4,middenkaderopleiding,"BBL,BOL",hg004,Bouw en infra,sg004,Bouwkunde,23353,Middenkader bouw en infra,01,Techniek en gebouwde omgeving
94051,Middenkaderfunctionaris Bouw,4,middenkaderopleiding,"BBL,BOL,OVO",hg004,Bouw en infra,sg004,Bouwkunde,23353,Middenkader bouw en infra,01,Techniek en gebouwde omgeving
94052,Middenkaderfunctionaris Infra,4,middenkaderopleiding,"BBL,BOL,OVO",hg004,Bouw en infra,sg004,Bouwkunde,23353,Middenkader bouw en infra,01,Techniek en gebouwde omgeving
94053,Middenkaderfunctionaris Landmeetkunde,4,middenkaderopleiding,"BBL,BOL,OVO",hg004,Bouw en infra,sg004,Bouwkunde,23353,Middenkader bouw en infra,01,Techniek en gebouwde omgeving
94054,Middenkaderfunctionaris Verkeer en Stedenbouw,4,middenkaderopleiding,"BBL,BOL,OVO",hg004,Bouw en infra,sg004,Bouwkunde,23353,Middenkader bouw en infra,01,Techniek en gebouwde omgeving
94055,Middenkaderfunctionaris Restauratie,4,middenkaderopleiding,"BBL,BOL,OVO",hg004,Bouw en infra,sg004,Bouwkunde,23353,Middenkader bouw en infra,01,Techniek en gebouwde omgeving
94060,Printmedia (Printmediatechnologie),4,middenkaderopleiding,"BBL,BOL",hg009,Media en vormgeving,sg032,Mediatechniek,23242,Printmedia,05,Ict en creatieve industrie
94070,Frontofficemedewerker,4,middenkaderopleiding,"BBL,BOL",hg012,Toerisme en recreatie,sg051,Toerisme,23264,"Travel, leisure & hospitality",06,"Voedsel, groen en gastvrijheid"
94071,Hoofd informatie,4,middenkaderopleiding,"BBL,BOL,OVO",hg012,Toerisme en recreatie,sg051,Toerisme,23264,"Travel, leisure & hospitality",06,"Voedsel, groen en gastvrijheid"
94072,Frontofficemanager,4,middenkaderopleiding,"BBL,BOL,OVO",hg012,Toerisme en recreatie,sg051,Toerisme,23264,"Travel, leisure & hospitality",06,"Voedsel, groen en gastvrijheid"
94080,Aqua & leisure host (Aqua & leisure assistent),2,basisberoepsopleiding,"BBL,BOL",hg017,Zorg en welzijn,sg060,Basis dienstverlening,23385,Dienstverlening,03,"Zorg, welzijn en sport"
94090,Verkoper reizen,3,vakopleiding,"BBL,BOL,OVO",hg012,Toerisme en recreatie,sg051,Toerisme,23264,"Travel, leisure & hospitality",06,"Voedsel, groen en gastvrijheid"
94100,Manager verkoop reizen,4,middenkaderopleiding,"BBL,BOL,OVO",hg012,Toerisme en recreatie,sg051,Toerisme,23264,"Travel, leisure & hospitality",06,"Voedsel, groen en gastvrijheid"
94110,Leisure & hospitality assistant,2,basisberoepsopleiding,"BBL,BOL,OVO",hg017,Zorg en welzijn,sg060,Basis dienstverlening,23385,Dienstverlening,03,"Zorg, welzijn en sport"
94120,Leisure & hospitality host,3,vakopleiding,"BBL,BOL,OVO",hg012,Toerisme en recreatie,sg051,Toerisme,23264,"Travel, leisure & hospitality",06,"Voedsel, groen en gastvrijheid"
94130,Leisure & hospitality executive,4,middenkaderopleiding,"BBL,BOL,OVO",hg012,Toerisme en recreatie,sg051,Toerisme,23264,"Travel, leisure & hospitality",06,"Voedsel, groen en gastvrijheid"
94140,Gastheer/-vrouw,2,basisberoepsopleiding,"BBL,BOL,OVO",hg007,Horeca en bakkerij,sg021,Horeca,23081,Bediening,06,"Voedsel, groen en gastvrijheid"
94150,Medewerker bediening/cafe-bar,3,vakopleiding,"BBL,BOL",hg007,Horeca en bakkerij,sg021,Horeca,23081,Bediening,06,"Voedsel, groen en gastvrijheid"
94151,Bartender,3,vakopleiding,"BBL,BOL,OVO",hg007,Horeca en bakkerij,sg021,Horeca,23081,Bediening,06,"Voedsel, groen en gastvrijheid"
94152,Medewerker bediening/cafe-bar (Zelfstandig werkend gastheer/-vrouw),3,vakopleiding,"BBL,BOL",hg007,Horeca en bakkerij,sg021,Horeca,23081,Bediening,06,"Voedsel, groen en gastvrijheid"
94153,Zelfstandig werkend gastheer/-vrouw,3,vakopleiding,"BBL,BOL,OVO",hg007,Horeca en bakkerij,sg021,Horeca,23081,Bediening,06,"Voedsel, groen en gastvrijheid"
94160,Medewerker bediening/cafe-bar,4,middenkaderopleiding,"BBL,BOL",hg007,Horeca en bakkerij,sg021,Horeca,23081,Bediening,06,"Voedsel, groen en gastvrijheid"
94161,Leidinggevende bediening,4,middenkaderopleiding,"BBL,BOL,OVO",hg007,Horeca en bakkerij,sg021,Horeca,23081,Bediening,06,"Voedsel, groen en gastvrijheid"
94162,Medewerker bediening/cafe-bar (Cateringbeheerder/manager),4,middenkaderopleiding,"BBL,BOL",hg007,Horeca en bakkerij,sg021,Horeca,23084,Fastservice,06,"Voedsel, groen en gastvrijheid"
94163,Gastronoom/sommelier,4,middenkaderopleiding,"BBL,BOL,OVO",hg007,Horeca en bakkerij,sg021,Horeca,23081,Bediening,06,"Voedsel, groen en gastvrijheid"
94170,Facilitaire dienstverlener (Facilitair medewerker),2,basisberoepsopleiding,"BBL,BOL",hg017,Zorg en welzijn,sg060,Basis dienstverlening,23385,Dienstverlening,06,"Voedsel, groen en gastvrijheid"
94180,Facilitaire dienstverlener (Facilitaire leidinggevende),4,middenkaderopleiding,"BBL,BOL",hg007,Horeca en bakkerij,sg015,Facilitaire dienstverlening,23247,Facilitaire dienstverlening,06,"Voedsel, groen en gastvrijheid"
94190,Medewerker fastservice,2,basisberoepsopleiding,"BBL,BOL,OVO",hg007,Horeca en bakkerij,sg021,Horeca,23084,Fastservice,06,"Voedsel, groen en gastvrijheid"
94200,1e Medewerker fastservice,3,vakopleiding,"BBL,BOL,OVO",hg007,Horeca en bakkerij,sg021,Horeca,23084,Fastservice,06,"Voedsel, groen en gastvrijheid"
94210,Fastservice (Bedrijfsleider Fastservice),4,middenkaderopleiding,"BBL,BOL",hg007,Horeca en bakkerij,sg021,Horeca,23084,Fastservice,06,"Voedsel, groen en gastvrijheid"
94220,Brood en Banket,2,basisberoepsopleiding,"BBL,BOL",hg007,Horeca en bakkerij,sg005,Brood en banket,23295,Brood en banket,06,"Voedsel, groen en gastvrijheid"
94221,Brood en banket (Brood- en banketbakker),2,basisberoepsopleiding,"BBL,BOL",hg007,Horeca en bakkerij,sg005,Brood en banket,23295,Brood en banket,06,"Voedsel, groen en gastvrijheid"
94222,Brood en banket (Banketbakker),2,basisberoepsopleiding,"BBL,BOL",hg007,Horeca en bakkerij,sg005,Brood en banket,23295,Brood en banket,06,"Voedsel, groen en gastvrijheid"
94230,Brood en banket,3,vakopleiding,"BBL,BOL",hg007,Horeca en bakkerij,sg005,Brood en banket,23295,Brood en banket,06,"Voedsel, groen en gastvrijheid"
94231,Brood en banket (Allround broodbakker),3,vakopleiding,"BBL,BOL",hg007,Horeca en bakkerij,sg005,Brood en banket,23295,Brood en banket,06,"Voedsel, groen en gastvrijheid"
94232,Brood en banket (Allround banketbakker),3,vakopleiding,"BBL,BOL",hg007,Horeca en bakkerij,sg005,Brood en banket,23295,Brood en banket,06,"Voedsel, groen en gastvrijheid"
94233,Brood en banket (Allround brood- en banketbakker),3,vakopleiding,"BBL,BOL",hg007,Horeca en bakkerij,sg005,Brood en banket,23295,Brood en banket,06,"Voedsel, groen en gastvrijheid"
94240,Brood en banket,4,middenkaderopleiding,"BBL,BOL",hg007,Horeca en bakkerij,sg005,Brood en banket,23295,Brood en banket,06,"Voedsel, groen en gastvrijheid"
94241,Patissier,4,middenkaderopleiding,"BBL,BOL,OVO",hg007,Horeca en bakkerij,sg005,Brood en banket,23318,Patisserie,06,"Voedsel, groen en gastvrijheid"
94242,Leidinggevende bakkerij,4,middenkaderopleiding,"BBL,BOL,OVO",hg007,Horeca en bakkerij,sg005,Brood en banket,23295,Brood en banket,06,"Voedsel, groen en gastvrijheid"
94250,Bedrijfsmanagement Mobiliteitsbranche,4,middenkaderopleiding,"BBL,BOL",hg010,Mobiliteit en voertuigen,sg034,Mobiliteitstechniek,23292,(After)sales in de mobiliteitsbranche,02,"Mobiliteit, transport, logistiek en maritiem"
94251,Bedrijfsmanager Mobiliteitsbranche,4,middenkaderopleiding,"BBL,BOL,OVO",hg010,Mobiliteit en voertuigen,sg034,Mobiliteitstechniek,23292,(After)sales in de mobiliteitsbranche,02,"Mobiliteit, transport, logistiek en maritiem"
94252,Bedrijfsmanager Mobiliteitsbranche,4,middenkaderopleiding,"BBL,BOL,OVO",hg010,Mobiliteit en voertuigen,sg034,Mobiliteitstechniek,23292,(After)sales in de mobiliteitsbranche,02,"Mobiliteit, transport, logistiek en maritiem"
94260,Machinebouw Mechatronica,4,middenkaderopleiding,"BBL,BOL",hg011,Techniek en procesindustrie,sg058,Werktuigbouwkunde,23360,Mechatronica,01,Techniek en gebouwde omgeving
94261,Allround machinebouwer,4,middenkaderopleiding,"BBL,BOL,OVO",hg011,Techniek en procesindustrie,sg058,Werktuigbouwkunde,23360,Mechatronica,01,Techniek en gebouwde omgeving
94262,Mechatronicus,4,middenkaderopleiding,"BBL,BOL,OVO",hg011,Techniek en procesindustrie,sg058,Werktuigbouwkunde,23360,Mechatronica,01,Techniek en gebouwde omgeving
94270,Installeren,2,basisberoepsopleiding,"BBL,BOL",hg011,Techniek en procesindustrie,sg025,Installatietechniek,23329,Service- en onderhoudstechniek,01,Techniek en gebouwde omgeving
94271,Monteur elektrotechnische installaties,2,basisberoepsopleiding,"BBL,BOL,OVO",hg011,Techniek en procesindustrie,sg013,Elektrotechniek,23299,Elektrotechnische installaties,01,Techniek en gebouwde omgeving
94272,Monteur werktuigkundige installaties,2,basisberoepsopleiding,"BBL,BOL,OVO",hg011,Techniek en procesindustrie,sg058,Werktuigbouwkunde,23333,Werktuigkundige installaties (montage),01,Techniek en gebouwde omgeving
94273,Aircomonteur,2,basisberoepsopleiding,"BBL,BOL,OVO",hg011,Techniek en procesindustrie,sg025,Installatietechniek,23427,Koude- en klimaatsystemen,01,Techniek en gebouwde omgeving
94274,Monteur koudetechniek,2,basisberoepsopleiding,"BBL,BOL,OVO",hg011,Techniek en procesindustrie,sg025,Installatietechniek,23427,Koude- en klimaatsystemen,01,Techniek en gebouwde omgeving
94280,Installeren (Installeren),3,vakopleiding,"BBL,BOL",hg011,Techniek en procesindustrie,sg025,Installatietechniek,23329,Service- en onderhoudstechniek,01,Techniek en gebouwde omgeving
94281,Eerste monteur elektrotechnische installaties,3,vakopleiding,"BBL,BOL,OVO",hg011,Techniek en procesindustrie,sg013,Elektrotechniek,23299,Elektrotechnische installaties,01,Techniek en gebouwde omgeving
94282,Eerste monteur werktuigkundige installaties,3,vakopleiding,"BBL,BOL,OVO",hg011,Techniek en procesindustrie,sg058,Werktuigbouwkunde,23333,Werktuigkundige installaties (montage),01,Techniek en gebouwde omgeving
94283,Eerste monteur dak,3,vakopleiding,"BBL,BOL,OVO",hg011,Techniek en procesindustrie,sg058,Werktuigbouwkunde,23333,Werktuigkundige installaties (montage),01,Techniek en gebouwde omgeving
94284,Eerste monteur koudetechniek,3,vakopleiding,"BBL,BOL,OVO",hg011,Techniek en procesindustrie,sg025,Installatietechniek,23427,Koude- en klimaatsystemen,01,Techniek en gebouwde omgeving
94290,Installeren,4,middenkaderopleiding,"BBL,BOL",hg011,Techniek en procesindustrie,sg025,Installatietechniek,23329,Service- en onderhoudstechniek,01,Techniek en gebouwde omgeving
94291,Leidinggevend monteur elektrotechnische installaties,4,middenkaderopleiding,"BBL,BOL,OVO",hg006,Handel en ondernemerschap,sg031,Management en ondernemerschap,23422,Leidinggeven op basis van vakmanschap,04,Handel
94292,Leidinggevend monteur werktuigkundige installaties,4,middenkaderopleiding,"BBL,BOL,OVO",hg006,Handel en ondernemerschap,sg031,Management en ondernemerschap,23422,Leidinggeven op basis van vakmanschap,04,Handel
94300,Metaalbewerken,2,basisberoepsopleiding,"BBL,BOL",hg011,Techniek en procesindustrie,sg058,Werktuigbouwkunde,23361,Productietechniek,01,Techniek en gebouwde omgeving
94301,Metaalbewerken (Metaalbewerker),2,basisberoepsopleiding,"BBL,BOL",hg011,Techniek en procesindustrie,sg058,Werktuigbouwkunde,23361,Productietechniek,01,Techniek en gebouwde omgeving
94302,Basislasser,2,basisberoepsopleiding,"BBL,BOL,OVO",hg011,Techniek en procesindustrie,sg058,Werktuigbouwkunde,23361,Productietechniek,01,Techniek en gebouwde omgeving
94310,Metaalbewerken,3,vakopleiding,"BBL,BOL",hg011,Techniek en procesindustrie,sg058,Werktuigbouwkunde,23361,Productietechniek,01,Techniek en gebouwde omgeving
94311,Allround lasser,3,vakopleiding,"BBL,BOL,OVO",hg011,Techniek en procesindustrie,sg058,Werktuigbouwkunde,23361,Productietechniek,01,Techniek en gebouwde omgeving
94312,Allround constructiewerker,3,vakopleiding,"BBL,BOL,OVO",hg011,Techniek en procesindustrie,sg058,Werktuigbouwkunde,23361,Productietechniek,01,Techniek en gebouwde omgeving
94313,Metaalbewerken (Allround plaatwerker),3,vakopleiding,"BBL,BOL",hg011,Techniek en procesindustrie,sg058,Werktuigbouwkunde,23361,Productietechniek,01,Techniek en gebouwde omgeving
94314,Allround plaatwerker,3,vakopleiding,"BBL,BOL,OVO",hg011,Techniek en procesindustrie,sg058,Werktuigbouwkunde,23361,Productietechniek,01,Techniek en gebouwde omgeving
94320,Service apparatuur en installaties,3,vakopleiding,"BBL,BOL",hg011,Techniek en procesindustrie,sg025,Installatietechniek,23329,Service- en onderhoudstechniek,01,Techniek en gebouwde omgeving
94321,Servicemonteur elektrotechniek,3,vakopleiding,"BBL,BOL,OVO",hg011,Techniek en procesindustrie,sg025,Installatietechniek,23329,Service- en onderhoudstechniek,01,Techniek en gebouwde omgeving
94322,Inspectiemonteur koudetechniek,3,vakopleiding,"BBL,BOL,OVO",hg011,Techniek en procesindustrie,sg025,Installatietechniek,23427,Koude- en klimaatsystemen,01,Techniek en gebouwde omgeving
94323,Servicemonteur installatietechniek,3,vakopleiding,"BBL,BOL,OVO",hg011,Techniek en procesindustrie,sg025,Installatietechniek,23329,Service- en onderhoudstechniek,01,Techniek en gebouwde omgeving
94324,Servicemonteur werktuigbouw,3,vakopleiding,"BBL,BOL,OVO",hg011,Techniek en procesindustrie,sg025,Installatietechniek,23329,Service- en onderhoudstechniek,01,Techniek en gebouwde omgeving
94330,Service apparatuur en installaties,4,middenkaderopleiding,"BBL,BOL",hg011,Techniek en procesindustrie,sg025,Installatietechniek,23329,Service- en onderhoudstechniek,01,Techniek en gebouwde omgeving
94331,Servicetechnicus elektrotechniek,4,middenkaderopleiding,"BBL,BOL,OVO",hg011,Techniek en procesindustrie,sg025,Installatietechniek,23329,Service- en onderhoudstechniek,01,Techniek en gebouwde omgeving
94332,Servicetechnicus koudetechniek,4,middenkaderopleiding,"BBL,BOL,OVO",hg011,Techniek en procesindustrie,sg025,Installatietechniek,23427,Koude- en klimaatsystemen,01,Techniek en gebouwde omgeving
94333,Servicetechnicus installatietechniek,4,middenkaderopleiding,"BBL,BOL,OVO",hg011,Techniek en procesindustrie,sg025,Installatietechniek,23329,Service- en onderhoudstechniek,01,Techniek en gebouwde omgeving
94334,Servicetechnicus werktuigbouw,4,middenkaderopleiding,"BBL,BOL,OVO",hg011,Techniek en procesindustrie,sg025,Installatietechniek,23329,Service- en onderhoudstechniek,01,Techniek en gebouwde omgeving
94340,Verspaner,2,basisberoepsopleiding,"BBL,BOL,OVO",hg011,Techniek en procesindustrie,sg058,Werktuigbouwkunde,23361,Productietechniek,01,Techniek en gebouwde omgeving
94350,Fijnmechanische Techniek,3,vakopleiding,"BBL,BOL",hg011,Techniek en procesindustrie,sg058,Werktuigbouwkunde,23361,Productietechniek,01,Techniek en gebouwde omgeving
94351,Allround verspaner,3,vakopleiding,"BBL,BOL,OVO",hg011,Techniek en procesindustrie,sg058,Werktuigbouwkunde,23361,Productietechniek,01,Techniek en gebouwde omgeving
94352,Fijnmechanisch verspaner,3,vakopleiding,"BBL,BOL,OVO",hg011,Techniek en procesindustrie,sg058,Werktuigbouwkunde,23361,Productietechniek,01,Techniek en gebouwde omgeving
94360,Researchinstrumentmaker,4,middenkaderopleiding,"BBL,BOL,OVO",hg011,Techniek en procesindustrie,sg058,Werktuigbouwkunde,23361,Productietechniek,01,Techniek en gebouwde omgeving
94361,Fijnmechanische Techniek (Fijnmechanische verspaner),4,middenkaderopleiding,"BBL,BOL",hg011,Techniek en procesindustrie,sg058,Werktuigbouwkunde,23361,Productietechniek,01,Techniek en gebouwde omgeving
94362,Fijnmechanische Techniek (Research instrumentenmaker),4,middenkaderopleiding,"BBL,BOL",hg011,Techniek en procesindustrie,sg058,Werktuigbouwkunde,23361,Productietechniek,01,Techniek en gebouwde omgeving
94370,Vliegtuigbouw,2,basisberoepsopleiding,"BBL,BOL",hg011,Techniek en procesindustrie,sg054,Vliegtuigtechniek,23375,Luchtvaarttechniek,01,Techniek en gebouwde omgeving
94371,Kunststofbewerker,2,basisberoepsopleiding,"BBL,BOL,OVO",hg011,Techniek en procesindustrie,sg054,Vliegtuigtechniek,23375,Luchtvaarttechniek,01,Techniek en gebouwde omgeving
94372,Metaallijmer,2,basisberoepsopleiding,"BBL,BOL,OVO",hg011,Techniek en procesindustrie,sg054,Vliegtuigtechniek,23375,Luchtvaarttechniek,01,Techniek en gebouwde omgeving
94373,Plaatwerker,2,basisberoepsopleiding,"BBL,BOL,OVO",hg011,Techniek en procesindustrie,sg054,Vliegtuigtechniek,23375,Luchtvaarttechniek,01,Techniek en gebouwde omgeving
94374,Samenbouwer,2,basisberoepsopleiding,"BBL,BOL,OVO",hg011,Techniek en procesindustrie,sg054,Vliegtuigtechniek,23375,Luchtvaarttechniek,01,Techniek en gebouwde omgeving
94380,Vliegtuigbouw (Plaat- en kunststofbewerker),3,vakopleiding,"BBL,BOL",hg011,Techniek en procesindustrie,sg054,Vliegtuigtechniek,23375,Luchtvaarttechniek,01,Techniek en gebouwde omgeving
94390,Vliegtuigonderhoud (Monteur),2,basisberoepsopleiding,"BBL,BOL",hg011,Techniek en procesindustrie,sg054,Vliegtuigtechniek,23375,Luchtvaarttechniek,01,Techniek en gebouwde omgeving
94400,Vliegtuigonderhoud (Eerste monteur),3,vakopleiding,"BBL,BOL",hg011,Techniek en procesindustrie,sg054,Vliegtuigtechniek,23375,Luchtvaarttechniek,01,Techniek en gebouwde omgeving
94410,Vliegtuigonderhoud,4,middenkaderopleiding,"BBL,BOL",hg011,Techniek en procesindustrie,sg054,Vliegtuigtechniek,23375,Luchtvaarttechniek,01,Techniek en gebouwde omgeving
94411,Vliegtuigonderhoud (Technicus avionica),4,middenkaderopleiding,"BBL,BOL",hg011,Techniek en procesindustrie,sg054,Vliegtuigtechniek,23375,Luchtvaarttechniek,01,Techniek en gebouwde omgeving
94412,Vliegtuigonderhoud (Technische mechanica),4,middenkaderopleiding,"BBL,BOL",hg011,Techniek en procesindustrie,sg054,Vliegtuigtechniek,23375,Luchtvaarttechniek,01,Techniek en gebouwde omgeving
94420,Middenkader engineering,4,middenkaderopleiding,"BBL,BOL",hg011,Techniek en procesindustrie,sg013,Elektrotechniek,23371,Middenkader engineering,01,Techniek en gebouwde omgeving
94421,Technicus,4,middenkaderopleiding,"BBL,BOL,OVO",hg011,Techniek en procesindustrie,sg013,Elektrotechniek,23371,Middenkader engineering,01,Techniek en gebouwde omgeving
94422,Commercieel technicus,4,middenkaderopleiding,"BBL,BOL,OVO",hg011,Techniek en procesindustrie,sg013,Elektrotechniek,23371,Middenkader engineering,01,Techniek en gebouwde omgeving
94430,Pedicure,3,vakopleiding,"BBL,BOL",hg014,Uiterlijke verzorging,sg056,Voetverzorging,23283,Voetzorg,03,"Zorg, welzijn en sport"
94440,Pedicure (Medisch pedicure),4,middenkaderopleiding,"BBL,BOL",hg014,Uiterlijke verzorging,sg056,Voetverzorging,23283,Voetzorg,03,"Zorg, welzijn en sport"
94450,Commercieel medewerker textiel (Commercieel medewerker binnendienst textiel),3,vakopleiding,"BBL,BOL",hg006,Handel en ondernemerschap,sg035,Mode en interieurindustrie,23279,Fashion,04,Handel
94460,Commercieel medewerker buitendienst textiel,4,middenkaderopleiding,"BBL,BOL,OVO",hg006,Handel en ondernemerschap,sg035,Mode en interieurindustrie,23279,Fashion,04,Handel
94470,Medewerker design,4,middenkaderopleiding,"BBL,BOL",hg006,Handel en ondernemerschap,sg035,Mode en interieurindustrie,23279,Fashion,04,Handel
94471,Medewerker styling,4,middenkaderopleiding,"BBL,BOL,OVO",hg006,Handel en ondernemerschap,sg035,Mode en interieurindustrie,23279,Fashion,04,Handel
94472,CAD-stylist,4,middenkaderopleiding,"BBL,BOL,OVO",hg006,Handel en ondernemerschap,sg035,Mode en interieurindustrie,23279,Fashion,04,Handel
94480,Glaszetter,2,basisberoepsopleiding,"BBL,BOL,OVO",hg001,"Afbouw, hout en onderhoud",sg045,Schilderen en onderhoud,23377,Glaszetten,01,Techniek en gebouwde omgeving
94490,Gezel glaszetter,3,vakopleiding,"BBL,BOL,OVO",hg001,"Afbouw, hout en onderhoud",sg045,Schilderen en onderhoud,23377,Glaszetten,01,Techniek en gebouwde omgeving
94500,Medewerker sign,2,basisberoepsopleiding,"BBL,BOL,OVO",hg009,Media en vormgeving,sg043,Ruimtelijke vormgeving,23402,Signmaking,05,Ict en creatieve industrie
94510,Allround signmaker,3,vakopleiding,"BBL,BOL,OVO",hg009,Media en vormgeving,sg043,Ruimtelijke vormgeving,23402,Signmaking,05,Ict en creatieve industrie
94520,Middenkaderfunctionaris afbouw en onderhoud,4,middenkaderopleiding,"BBL,BOL",hg001,"Afbouw, hout en onderhoud",sg045,Schilderen en onderhoud,23378,Kaderfunctie afbouw en onderhoud,01,Techniek en gebouwde omgeving
94521,Calculator/onderhoudsspecialist,4,middenkaderopleiding,"BBL,BOL,OVO",hg001,"Afbouw, hout en onderhoud",sg045,Schilderen en onderhoud,23378,Kaderfunctie afbouw en onderhoud,01,Techniek en gebouwde omgeving
94522,Uitvoerder,4,middenkaderopleiding,"BBL,BOL,OVO",hg001,"Afbouw, hout en onderhoud",sg045,Schilderen en onderhoud,23378,Kaderfunctie afbouw en onderhoud,01,Techniek en gebouwde omgeving
94523,Ondernemer,4,middenkaderopleiding,"BBL,BOL,OVO",hg001,"Afbouw, hout en onderhoud",sg045,Schilderen en onderhoud,23378,Kaderfunctie afbouw en onderhoud,01,Techniek en gebouwde omgeving
94524,Kleur- en interieuradviseur,4,middenkaderopleiding,"BBL,BOL,OVO",hg001,"Afbouw, hout en onderhoud",sg045,Schilderen en onderhoud,23378,Kaderfunctie afbouw en onderhoud,01,Techniek en gebouwde omgeving
94525,Projectleider,4,middenkaderopleiding,"BBL,BOL,OVO",hg001,"Afbouw, hout en onderhoud",sg045,Schilderen en onderhoud,23378,Kaderfunctie afbouw en onderhoud,01,Techniek en gebouwde omgeving
94530,Schoonmaak en glazenwassen,2,basisberoepsopleiding,"BBL,BOL",hg001,"Afbouw, hout en onderhoud",sg047,Schoonmaak en glazenwassen,23025,Schoonmaak en glazenwassen,06,"Voedsel, groen en gastvrijheid"
94531,Schoonmaker/medewerker vloeronderhoud,2,basisberoepsopleiding,"BBL,BOL,OVO",hg001,"Afbouw, hout en onderhoud",sg047,Schoonmaak en glazenwassen,23025,Schoonmaak en glazenwassen,06,"Voedsel, groen en gastvrijheid"
94532,Glazenwasser/gevelreiniger,2,basisberoepsopleiding,"BBL,BOL,OVO",hg001,"Afbouw, hout en onderhoud",sg047,Schoonmaak en glazenwassen,23025,Schoonmaak en glazenwassen,06,"Voedsel, groen en gastvrijheid"
94533,Reiniger na calamiteiten,2,basisberoepsopleiding,"BBL,BOL,OVO",hg001,"Afbouw, hout en onderhoud",sg047,Schoonmaak en glazenwassen,23025,Schoonmaak en glazenwassen,06,"Voedsel, groen en gastvrijheid"
94534,Reiniger in de voedselverwerkende industrie,2,basisberoepsopleiding,"BBL,BOL,OVO",hg001,"Afbouw, hout en onderhoud",sg047,Schoonmaak en glazenwassen,23025,Schoonmaak en glazenwassen,06,"Voedsel, groen en gastvrijheid"
94540,Schoonmaak en glazenwassen,3,vakopleiding,"BBL,BOL",hg001,"Afbouw, hout en onderhoud",sg047,Schoonmaak en glazenwassen,23025,Schoonmaak en glazenwassen,06,"Voedsel, groen en gastvrijheid"
94541,Allround schoonmaker/medewerker vloeronderhoud,3,vakopleiding,"BBL,BOL,OVO",hg001,"Afbouw, hout en onderhoud",sg047,Schoonmaak en glazenwassen,23025,Schoonmaak en glazenwassen,06,"Voedsel, groen en gastvrijheid"
94542,Allround glazenwasser/gevelreiniger,3,vakopleiding,"BBL,BOL,OVO",hg001,"Afbouw, hout en onderhoud",sg047,Schoonmaak en glazenwassen,23025,Schoonmaak en glazenwassen,06,"Voedsel, groen en gastvrijheid"
94543,Allround reiniger na calamiteiten,3,vakopleiding,"BBL,BOL,OVO",hg001,"Afbouw, hout en onderhoud",sg047,Schoonmaak en glazenwassen,23025,Schoonmaak en glazenwassen,06,"Voedsel, groen en gastvrijheid"
94544,Allround reiniger in de voedselverwerkende industrie,3,vakopleiding,"BBL,BOL,OVO",hg001,"Afbouw, hout en onderhoud",sg047,Schoonmaak en glazenwassen,23025,Schoonmaak en glazenwassen,06,"Voedsel, groen en gastvrijheid"
94550,Meewerkend leidinggevende machinaal houtbewerken,4,middenkaderopleiding,"BBL,BOL,OVO",hg006,Handel en ondernemerschap,sg031,Management en ondernemerschap,23422,Leidinggeven op basis van vakmanschap,04,Handel
94560,Assistent houtbranche,1,entreeopleiding,"BBL,BOL,OVO",hg002,Entree,sg061,Entree,23301,Entree,09,Entree
94570,Meubelmaker/(Scheeps)interieurbouwer,2,basisberoepsopleiding,"BBL,BOL,OVO",hg001,"Afbouw, hout en onderhoud",sg022,Hout en meubel,23373,Meubels en (scheeps)interieurs maken,01,Techniek en gebouwde omgeving
94580,Meubelmaker/(scheeps)interieurbouwer,3,vakopleiding,"BBL,BOL",hg001,"Afbouw, hout en onderhoud",sg022,Hout en meubel,23373,Meubels en (scheeps)interieurs maken,01,Techniek en gebouwde omgeving
94581,Meubelmaker/(scheeps)interieurbouwer (Allround meubelmaker),3,vakopleiding,"BBL,BOL",hg001,"Afbouw, hout en onderhoud",sg022,Hout en meubel,23373,Meubels en (scheeps)interieurs maken,01,Techniek en gebouwde omgeving
94582,Meubelmaker/(scheeps)interieurbouwer (Allround interieurbouwer),3,vakopleiding,"BBL,BOL",hg001,"Afbouw, hout en onderhoud",sg022,Hout en meubel,23373,Meubels en (scheeps)interieurs maken,01,Techniek en gebouwde omgeving
94583,Meubelmaker/(scheeps)interieurbouwer (Allround scheepsinterieurbouwer),3,vakopleiding,"BBL,BOL",hg001,"Afbouw, hout en onderhoud",sg022,Hout en meubel,23373,Meubels en (scheeps)interieurs maken,01,Techniek en gebouwde omgeving
94590,Meubelmaker/(scheeps)interieurbouwer,4,middenkaderopleiding,"BBL,BOL",hg001,"Afbouw, hout en onderhoud",sg022,Hout en meubel,23373,Meubels en (scheeps)interieurs maken,01,Techniek en gebouwde omgeving
94591,Meewerkend leidinggevende meubelindustrie/(scheeps)interieurbouw,4,middenkaderopleiding,"BBL,BOL,OVO",hg001,"Afbouw, hout en onderhoud",sg022,Hout en meubel,23373,Meubels en (scheeps)interieurs maken,01,Techniek en gebouwde omgeving
94592,Ondernemer meubelindustrie/(scheeps)interieurbouw,4,middenkaderopleiding,"BBL,BOL,OVO",hg001,"Afbouw, hout en onderhoud",sg022,Hout en meubel,23373,Meubels en (scheeps)interieurs maken,01,Techniek en gebouwde omgeving
94600,Meubelstoffeerder,4,middenkaderopleiding,"BBL,BOL",hg006,Handel en ondernemerschap,sg031,Management en ondernemerschap,23422,Leidinggeven op basis van vakmanschap,04,Handel
94601,Meewerkend leidinggevende meubelstoffeerbedrijf,4,middenkaderopleiding,"BBL,BOL,OVO",hg006,Handel en ondernemerschap,sg031,Management en ondernemerschap,23422,Leidinggeven op basis van vakmanschap,04,Handel
94602,Ondernemer meubelstoffeerbedrijf,4,middenkaderopleiding,"BBL,BOL,OVO",hg006,Handel en ondernemerschap,sg031,Management en ondernemerschap,23422,Leidinggeven op basis van vakmanschap,04,Handel
94610,Montagemedewerker timmerindustrie,2,basisberoepsopleiding,"BBL,BOL,OVO",hg001,"Afbouw, hout en onderhoud",sg022,Hout en meubel,23235,Industrieel produceren met hout,01,Techniek en gebouwde omgeving
94620,Montagemedewerker timmerindustrie,3,vakopleiding,"BBL,BOL",hg001,"Afbouw, hout en onderhoud",sg022,Hout en meubel,23235,Industrieel produceren met hout,01,Techniek en gebouwde omgeving
94621,Allround montagemedewerker gevelelementen,3,vakopleiding,"BBL,BOL,OVO",hg001,"Afbouw, hout en onderhoud",sg022,Hout en meubel,23235,Industrieel produceren met hout,01,Techniek en gebouwde omgeving
94622,Allround houtskeletbouwer,3,vakopleiding,"BBL,BOL,OVO",hg001,"Afbouw, hout en onderhoud",sg022,Hout en meubel,23235,Industrieel produceren met hout,01,Techniek en gebouwde omgeving
94630,Meewerkend leidinggevende montage timmerindustrie,4,middenkaderopleiding,"BBL,BOL,OVO",hg006,Handel en ondernemerschap,sg031,Management en ondernemerschap,23422,Leidinggeven op basis van vakmanschap,04,Handel
94640,Logistiek medewerker houthandel (Meewerkend leidinggevende logistiek houthandel),4,middenkaderopleiding,"BBL,BOL",hg013,"Transport, scheepvaart en logistiek",sg028,Logistiek,23310,Management transport en logistiek,02,"Mobiliteit, transport, logistiek en maritiem"
94650,Werkvoorbereider houtbranche,4,middenkaderopleiding,"BBL,BOL",hg001,"Afbouw, hout en onderhoud",sg022,Hout en meubel,23235,Industrieel produceren met hout,01,Techniek en gebouwde omgeving
94651,Werkvoorbereider meubelindustrie/(scheeps)interieurbouw,4,middenkaderopleiding,"BBL,BOL,OVO",hg001,"Afbouw, hout en onderhoud",sg022,Hout en meubel,23373,Meubels en (scheeps)interieurs maken,01,Techniek en gebouwde omgeving
94652,Werkvoorbereider timmerindustrie,4,middenkaderopleiding,"BBL,BOL,OVO",hg001,"Afbouw, hout en onderhoud",sg022,Hout en meubel,23235,Industrieel produceren met hout,01,Techniek en gebouwde omgeving
94653,Werkvoorbereider houtbranche (Werkvoorbereider houthandel),4,middenkaderopleiding,"BBL,BOL",hg005,Economie en administratie,sg059,Zakelijke dienstverlening,23354,Commercie,04,Handel
94654,Commercieel technisch medewerker houthandel,4,middenkaderopleiding,"BBL,BOL,OVO",hg005,Economie en administratie,sg059,Zakelijke dienstverlening,23354,Commercie,04,Handel
94660,Onderwerkmaker/Ondernemer,3,vakopleiding,"BBL,BOL,OVO",hg003,"Ambacht, laboratorium en gezondheidstechniek",sg017,Gezondheidstechniek,23350,Orthopedische schoentechniek,08,Specialistisch vakmanschap
94670,Schachtenmaker/Ondernemer,3,vakopleiding,"BBL,BOL,OVO",hg003,"Ambacht, laboratorium en gezondheidstechniek",sg003,Ambachtelijke techniek,23387,Schoentechniek,08,Specialistisch vakmanschap
94680,Schoenconsulent,4,middenkaderopleiding,"BBL,BOL",hg006,Handel en ondernemerschap,sg010,Detailhandel en groothandel,23398,Ondernemerschap op basis van een vakspecialisme,04,Handel
94681,Schoenconsulent,4,middenkaderopleiding,"BBL,BOL,OVO",hg006,Handel en ondernemerschap,sg010,Detailhandel en groothandel,23398,Ondernemerschap op basis van een vakspecialisme,04,Handel
94682,Schoenconsulent/Ondernemer,4,middenkaderopleiding,"BBL,BOL,OVO",hg006,Handel en ondernemerschap,sg010,Detailhandel en groothandel,23398,Ondernemerschap op basis van een vakspecialisme,04,Handel
94690,Orthopedisch schoentechnisch medewerker (Schoentechnisch Voorzieningenmaker),2,basisberoepsopleiding,"BBL,BOL",hg003,"Ambacht, laboratorium en gezondheidstechniek",sg003,Ambachtelijke techniek,23387,Schoentechniek,08,Specialistisch vakmanschap
94700,Orthopedisch schoentechnisch medewerker (Leestenmaker),3,vakopleiding,"BBL,BOL",hg003,"Ambacht, laboratorium en gezondheidstechniek",sg017,Gezondheidstechniek,23350,Orthopedische schoentechniek,08,Specialistisch vakmanschap
94710,Tandtechniek,3,vakopleiding,"BBL,BOL",hg003,"Ambacht, laboratorium en gezondheidstechniek",sg017,Gezondheidstechniek,23271,Tandtechniek,08,Specialistisch vakmanschap
94711,tandtechniek (Tandtechnisch medewerker kroon-en brugwerk),3,vakopleiding,"BBL,BOL",hg003,"Ambacht, laboratorium en gezondheidstechniek",sg017,Gezondheidstechniek,23271,Tandtechniek,08,Specialistisch vakmanschap
94712,Tandtechniek (Tandtechnisch medewerker prothese),3,vakopleiding,"BBL,BOL",hg003,"Ambacht, laboratorium en gezondheidstechniek",sg017,Gezondheidstechniek,23271,Tandtechniek,08,Specialistisch vakmanschap
94720,Tandtechniek,4,middenkaderopleiding,"BBL,BOL",hg003,"Ambacht, laboratorium en gezondheidstechniek",sg017,Gezondheidstechniek,23271,Tandtechniek,08,Specialistisch vakmanschap
94721,Tandtechniek (Tandtechnicus kroon- en brugwerk),4,middenkaderopleiding,"BBL,BOL",hg003,"Ambacht, laboratorium en gezondheidstechniek",sg017,Gezondheidstechniek,23271,Tandtechniek,08,Specialistisch vakmanschap
94722,Tandtechniek (Tandtechnicus prothese),4,middenkaderopleiding,"BBL,BOL",hg003,"Ambacht, laboratorium en gezondheidstechniek",sg017,Gezondheidstechniek,23271,Tandtechniek,08,Specialistisch vakmanschap
94723,Tandtechniek (Tandtechnicus/manager kroon- en brugwerk),4,middenkaderopleiding,"BBL,BOL",hg003,"Ambacht, laboratorium en gezondheidstechniek",sg017,Gezondheidstechniek,23271,Tandtechniek,08,Specialistisch vakmanschap
94724,Tandtechniek (Tandtechniucs/manager prothese),4,middenkaderopleiding,"BBL,BOL",hg003,"Ambacht, laboratorium en gezondheidstechniek",sg017,Gezondheidstechniek,23271,Tandtechniek,08,Specialistisch vakmanschap
94730,Productievakkracht versindustrie,3,vakopleiding,"BBL,BOL,OVO",hg016,"Voedsel, natuur en leefomgeving",sg053,Verse voeding,23227,Vers: vakmanschap & industrie,06,"Voedsel, groen en gastvrijheid"
94740,Leidinggevende versdetailhandel (Chef versdetailhandel),3,vakopleiding,"BBL,BOL",hg016,"Voedsel, natuur en leefomgeving",sg053,Verse voeding,23287,Vers: leidinggeven & ambacht,06,"Voedsel, groen en gastvrijheid"
94750,Leidinggevende versdetailhandel (Ondernemer versdetailhandel),4,middenkaderopleiding,"BBL,BOL",hg016,"Voedsel, natuur en leefomgeving",sg053,Verse voeding,23287,Vers: leidinggeven & ambacht,06,"Voedsel, groen en gastvrijheid"
94760,Meewerkend voorman versindustrie,3,vakopleiding,"BBL,BOL,OVO",hg016,"Voedsel, natuur en leefomgeving",sg053,Verse voeding,23227,Vers: vakmanschap & industrie,06,"Voedsel, groen en gastvrijheid"
94770,Productieleider versindustrie,4,middenkaderopleiding,"BBL,BOL,OVO",hg016,"Voedsel, natuur en leefomgeving",sg053,Verse voeding,23226,Vers: leidinggeven & industrie,06,"Voedsel, groen en gastvrijheid"
94790,Human technology,4,middenkaderopleiding,"BBL,BOL,OVO",hg011,Techniek en procesindustrie,sg013,Elektrotechniek,23371,Middenkader engineering,01,Techniek en gebouwde omgeving
94800,Natuursteenbewerker,3,vakopleiding,"BBL,BOL",hg004,Bouw en infra,sg004,Bouwkunde,23054,Natuursteenbewerken,01,Techniek en gebouwde omgeving
94801,Natuursteenbewerker (Allround natuursteenbewerker productie),3,vakopleiding,"BBL,BOL",hg004,Bouw en infra,sg004,Bouwkunde,23054,Natuursteenbewerken,01,Techniek en gebouwde omgeving
94802,Natuursteenbewerker (Allround natuursteenbewerker stellen),3,vakopleiding,"BBL,BOL",hg004,Bouw en infra,sg004,Bouwkunde,23054,Natuursteenbewerken,01,Techniek en gebouwde omgeving
94810,Handhaver toezicht en veiligheid,3,vakopleiding,"BBL,BOL,OVO",hg015,Veiligheid en sport,sg041,Publieke veiligheid,23322,Publieke veiligheid,07,Zakelijke dienstverlening en veiligheid
94820,Metselaar,3,vakopleiding,"BBL,BOL",hg004,Bouw en infra,sg004,Bouwkunde,23313,Metselen,01,Techniek en gebouwde omgeving
94821,Allround Metselaar inclusief nieuwe metseltechnieken,3,vakopleiding,"BBL,BOL,OVO",hg004,Bouw en infra,sg004,Bouwkunde,23313,Metselen,01,Techniek en gebouwde omgeving
94822,Allround Metselaar herstel en restauratie,3,vakopleiding,"BBL,BOL,OVO",hg004,Bouw en infra,sg004,Bouwkunde,23313,Metselen,01,Techniek en gebouwde omgeving
94823,Allround Metselaar aan- en verbouw,3,vakopleiding,"BBL,BOL,OVO",hg004,Bouw en infra,sg004,Bouwkunde,23313,Metselen,01,Techniek en gebouwde omgeving
94830,Verzorgende-IG,3,vakopleiding,"BBL,BOL",hg017,Zorg en welzijn,sg052,Verpleging en verzorging,23268,verzorgende-IG,03,"Zorg, welzijn en sport"
94840,Medewerker versdetailhandel (Eerste verkoopmedewerker vers supermarkt),3,vakopleiding,"BBL,BOL",hg016,"Voedsel, natuur en leefomgeving",sg053,Verse voeding,23288,Vers: vakmanschap & ambacht,06,"Voedsel, groen en gastvrijheid"
94850,Beveiliger,2,basisberoepsopleiding,"BBL,BOL,OVO",hg015,Veiligheid en sport,sg038,Particuliere veiligheid,23281,Particuliere beveiliging,07,Zakelijke dienstverlening en veiligheid
94860,Vrede en veiligheid  (Medewerker vrede en veiligheid),2,basisberoepsopleiding,"BBL,BOL",hg015,Veiligheid en sport,sg009,Defensie,23240,Veiligheid en vakmanschap,07,Zakelijke dienstverlening en veiligheid
94870,Vrede en veiligheid (Aspirant-onderofficier),3,vakopleiding,"BBL,BOL",hg015,Veiligheid en sport,sg009,Defensie,23240,Veiligheid en vakmanschap,07,Zakelijke dienstverlening en veiligheid
94890,Juridisch medewerker,4,middenkaderopleiding,"BBL,BOL",hg005,Economie en administratie,sg059,Zakelijke dienstverlening,23296,Business Services,07,Zakelijke dienstverlening en veiligheid
94891,Juridisch medewerker zakelijke dienstverlening,4,middenkaderopleiding,"BBL,BOL,OVO",hg005,Economie en administratie,sg059,Zakelijke dienstverlening,23296,Business Services,07,Zakelijke dienstverlening en veiligheid
94892,Juridisch medewerker openbaar bestuur,4,middenkaderopleiding,"BBL,BOL,OVO",hg005,Economie en administratie,sg059,Zakelijke dienstverlening,23296,Business Services,07,Zakelijke dienstverlening en veiligheid
94900,Medewerker personeel en arbeid,4,middenkaderopleiding,"BBL,BOL,OVO",hg005,Economie en administratie,sg059,Zakelijke dienstverlening,23296,Business Services,07,Zakelijke dienstverlening en veiligheid
94910,Medewerker sociale zekerheid,4,middenkaderopleiding,"BBL,BOL,OVO",hg005,Economie en administratie,sg059,Zakelijke dienstverlening,23296,Business Services,07,Zakelijke dienstverlening en veiligheid
94920,Timmerman,2,basisberoepsopleiding,"BBL,BOL,OVO",hg004,Bouw en infra,sg004,Bouwkunde,23331,Timmeren,01,Techniek en gebouwde omgeving
94930,Timmerman,3,vakopleiding,"BBL,BOL",hg004,Bouw en infra,sg004,Bouwkunde,23331,Timmeren,01,Techniek en gebouwde omgeving
94931,Allround timmerman bouw- en werkplaats,3,vakopleiding,"BBL,BOL,OVO",hg004,Bouw en infra,sg004,Bouwkunde,23331,Timmeren,01,Techniek en gebouwde omgeving
94932,Allround timmerman nieuwbouw,3,vakopleiding,"BBL,BOL,OVO",hg004,Bouw en infra,sg004,Bouwkunde,23331,Timmeren,01,Techniek en gebouwde omgeving
94933,Allround timmerman restauratie,3,vakopleiding,"BBL,BOL,OVO",hg004,Bouw en infra,sg004,Bouwkunde,23331,Timmeren,01,Techniek en gebouwde omgeving
94950,Kok,3,vakopleiding,"BBL,BOL",hg007,Horeca en bakkerij,sg021,Horeca,23085,Keuken,06,"Voedsel, groen en gastvrijheid"
94951,Kok (Instellingskok),3,vakopleiding,"BBL,BOL",hg007,Horeca en bakkerij,sg021,Horeca,23085,Keuken,06,"Voedsel, groen en gastvrijheid"
94952,Kok (Zelfstandig werkend kok),3,vakopleiding,"BBL,BOL",hg007,Horeca en bakkerij,sg021,Horeca,23085,Keuken,06,"Voedsel, groen en gastvrijheid"
94960,Medewerker watersportindustrie,2,basisberoepsopleiding,"BBL,BOL,OVO",hg013,"Transport, scheepvaart en logistiek",sg044,Scheepvaart,23239,Maritieme techniek,02,"Mobiliteit, transport, logistiek en maritiem"
94970,Watersportindustrie (Allround medewerker watersportindustrie),,,,hg013,"Transport, scheepvaart en logistiek",sg044,Scheepvaart,23239,Maritieme techniek,02,"Mobiliteit, transport, logistiek en maritiem"
94980,Meewerkend voorman watersportindustrie,4,middenkaderopleiding,"BBL,BOL,OVO",hg013,"Transport, scheepvaart en logistiek",sg044,Scheepvaart,23239,Maritieme techniek,02,"Mobiliteit, transport, logistiek en maritiem"
94990,Signspecialist,4,middenkaderopleiding,"BBL,BOL,OVO",hg009,Media en vormgeving,sg043,Ruimtelijke vormgeving,23402,Signmaking,05,Ict en creatieve industrie
95000,Machinaal houtbewerker,2,basisberoepsopleiding,"BBL,BOL,OVO",hg001,"Afbouw, hout en onderhoud",sg022,Hout en meubel,23373,Meubels en (scheeps)interieurs maken,01,Techniek en gebouwde omgeving
95010,Medewerker Steriele Medische Hulpmiddelen,3,vakopleiding,"BBL,BOL,OVO",hg003,"Ambacht, laboratorium en gezondheidstechniek",sg017,Gezondheidstechniek,23412,Medewerkers steriele medische hulpmiddelen,08,Specialistisch vakmanschap
95030,Autoschadehersteller niveau 2,2,basisberoepsopleiding,"BBL,BOL,OVO",hg010,Mobiliteit en voertuigen,sg006,Carrosserietechniek,23358,Autoschadehersteltechniek,02,"Mobiliteit, transport, logistiek en maritiem"
95040,Autoschadehersteltechniek,3,vakopleiding,"BBL,BOL",hg010,Mobiliteit en voertuigen,sg006,Carrosserietechniek,23358,Autoschadehersteltechniek,02,"Mobiliteit, transport, logistiek en maritiem"
95041,Autoschadehersteller niveau 3,3,vakopleiding,"BBL,BOL,OVO",hg010,Mobiliteit en voertuigen,sg006,Carrosserietechniek,23358,Autoschadehersteltechniek,02,"Mobiliteit, transport, logistiek en maritiem"
95042,Autoschadetechnicus niveau 3,3,vakopleiding,"BBL,BOL,OVO",hg010,Mobiliteit en voertuigen,sg006,Carrosserietechniek,23358,Autoschadehersteltechniek,02,"Mobiliteit, transport, logistiek en maritiem"
95050,Schipper rondvaartboot beperkt vaargebied,2,basisberoepsopleiding,"BBL,BOL,OVO",hg013,"Transport, scheepvaart en logistiek",sg044,Scheepvaart,23277,Rondvaartboot,02,"Mobiliteit, transport, logistiek en maritiem"
95060,Medewerker ICT,2,basisberoepsopleiding,"BBL,BOL,OVO",hg008,Informatie en communicatietechnologie,sg026,Kantoorautomatisering,23400,ICT support,05,Ict en creatieve industrie
95070,Medewerker beheer ICT,3,vakopleiding,"BBL,BOL,OVO",hg008,Informatie en communicatietechnologie,sg023,ICT en media,23405,ICT support and systems,05,Ict en creatieve industrie
95080,Veiligheid en vakmanschap,2,basisberoepsopleiding,"BBL,BOL",hg015,Veiligheid en sport,sg009,Defensie,23240,Veiligheid en vakmanschap,07,Zakelijke dienstverlening en veiligheid
95081,Aankomend medewerker grondoptreden,2,basisberoepsopleiding,"BBL,BOL,OVO",hg015,Veiligheid en sport,sg009,Defensie,23240,Veiligheid en vakmanschap,07,Zakelijke dienstverlening en veiligheid
95082,Aankomend medewerker maritiem,2,basisberoepsopleiding,"BBL,BOL,OVO",hg015,Veiligheid en sport,sg009,Defensie,23240,Veiligheid en vakmanschap,07,Zakelijke dienstverlening en veiligheid
95090,Veiligheid en vakmanschap,3,vakopleiding,"BBL,BOL",hg015,Veiligheid en sport,sg009,Defensie,23240,Veiligheid en vakmanschap,07,Zakelijke dienstverlening en veiligheid
95091,Aankomend onderofficier grondoptreden,3,vakopleiding,"BBL,BOL,OVO",hg015,Veiligheid en sport,sg009,Defensie,23240,Veiligheid en vakmanschap,07,Zakelijke dienstverlening en veiligheid
95092,Aankomend onderofficier maritiem,3,vakopleiding,"BBL,BOL,OVO",hg015,Veiligheid en sport,sg009,Defensie,23240,Veiligheid en vakmanschap,07,Zakelijke dienstverlening en veiligheid
95100,Kok,4,middenkaderopleiding,"BBL,BOL",hg007,Horeca en bakkerij,sg021,Horeca,23085,Keuken,06,"Voedsel, groen en gastvrijheid"
95101,Gespecialiseerd kok,4,middenkaderopleiding,"BBL,BOL,OVO",hg007,Horeca en bakkerij,sg021,Horeca,23085,Keuken,06,"Voedsel, groen en gastvrijheid"
95102,Leidinggevende keuken,4,middenkaderopleiding,"BBL,BOL,OVO",hg007,Horeca en bakkerij,sg021,Horeca,23085,Keuken,06,"Voedsel, groen en gastvrijheid"
95110,Tweewielertechniek (Eerste Fietstechnicus),3,vakopleiding,"BBL,BOL",hg010,Mobiliteit en voertuigen,sg034,Mobiliteitstechniek,23415,Fietstechniek,02,"Mobiliteit, transport, logistiek en maritiem"
95120,Junior Kapper,2,basisberoepsopleiding,"BBL,BOL,OVO",hg014,Uiterlijke verzorging,sg019,Haarverzorging,23263,Haarverzorging,06,"Voedsel, groen en gastvrijheid"
95150,Dekvloerenlegger,2,basisberoepsopleiding,"BBL,BOL,OVO",hg001,"Afbouw, hout en onderhoud",sg049,Stukadoren en afbouw,23376,Dekvloeren leggen,01,Techniek en gebouwde omgeving
95160,Gezel dekvloerenlegger,3,vakopleiding,"BBL,BOL,OVO",hg001,"Afbouw, hout en onderhoud",sg049,Stukadoren en afbouw,23376,Dekvloeren leggen,01,Techniek en gebouwde omgeving
95170,Plafond-/wandmonteur,2,basisberoepsopleiding,"BBL,BOL,OVO",hg001,"Afbouw, hout en onderhoud",sg049,Stukadoren en afbouw,23022,Plafond-/wandmontage,01,Techniek en gebouwde omgeving
95180,Audicien,4,middenkaderopleiding,"BBL,BOL",hg003,"Ambacht, laboratorium en gezondheidstechniek",sg017,Gezondheidstechniek,23388,Audiciens,08,Specialistisch vakmanschap
95181,Audicien,4,middenkaderopleiding,"BBL,BOL,OVO",hg003,"Ambacht, laboratorium en gezondheidstechniek",sg017,Gezondheidstechniek,23388,Audiciens,08,Specialistisch vakmanschap
95182,Audicien/Manager,4,middenkaderopleiding,"BBL,BOL,OVO",hg003,"Ambacht, laboratorium en gezondheidstechniek",sg017,Gezondheidstechniek,23388,Audiciens,08,Specialistisch vakmanschap
95190,Orthopedisch Technisch Medewerker,3,vakopleiding,"BBL,BOL",hg003,"Ambacht, laboratorium en gezondheidstechniek",sg017,Gezondheidstechniek,23351,Orthopedische techniek,08,Specialistisch vakmanschap
95200,Medewerker Uurwerktechniek,3,vakopleiding,"BBL,BOL,OVO",hg003,"Ambacht, laboratorium en gezondheidstechniek",sg003,Ambachtelijke techniek,23386,Uurwerktechniek,08,Specialistisch vakmanschap
95210,Uurwerktechnicus,4,middenkaderopleiding,"BBL,BOL,OVO",hg003,"Ambacht, laboratorium en gezondheidstechniek",sg003,Ambachtelijke techniek,23386,Uurwerktechniek,08,Specialistisch vakmanschap
95220,Tandtechniek,2,basisberoepsopleiding,"BBL,BOL",hg003,"Ambacht, laboratorium en gezondheidstechniek",sg017,Gezondheidstechniek,23271,Tandtechniek,08,Specialistisch vakmanschap
95221,Tandtechnisch Medewerker Basistechnieken,2,basisberoepsopleiding,"BBL,BOL,OVO",hg003,"Ambacht, laboratorium en gezondheidstechniek",sg017,Gezondheidstechniek,23271,Tandtechniek,08,Specialistisch vakmanschap
95222,Tandtechnisch Medewerker Orthodontie,2,basisberoepsopleiding,"BBL,BOL,OVO",hg003,"Ambacht, laboratorium en gezondheidstechniek",sg017,Gezondheidstechniek,23271,Tandtechniek,08,Specialistisch vakmanschap
95230,Tandtechniek,4,middenkaderopleiding,"BBL,BOL",hg003,"Ambacht, laboratorium en gezondheidstechniek",sg017,Gezondheidstechniek,23271,Tandtechniek,08,Specialistisch vakmanschap
95231,Tandtechnicus Kroon- en Brugwerk,4,middenkaderopleiding,"BBL,BOL,OVO",hg003,"Ambacht, laboratorium en gezondheidstechniek",sg017,Gezondheidstechniek,23271,Tandtechniek,08,Specialistisch vakmanschap
95232,Tandtechnicus Prothese,4,middenkaderopleiding,"BBL,BOL,OVO",hg003,"Ambacht, laboratorium en gezondheidstechniek",sg017,Gezondheidstechniek,23271,Tandtechniek,08,Specialistisch vakmanschap
95233,Tandtechnicus/Manager Kroon- en Brugwerk,4,middenkaderopleiding,"BBL,BOL,OVO",hg003,"Ambacht, laboratorium en gezondheidstechniek",sg017,Gezondheidstechniek,23271,Tandtechniek,08,Specialistisch vakmanschap
95234,Tandtechnicus/Manager Prothese,4,middenkaderopleiding,"BBL,BOL,OVO",hg003,"Ambacht, laboratorium en gezondheidstechniek",sg017,Gezondheidstechniek,23271,Tandtechniek,08,Specialistisch vakmanschap
95240,Medewerker havenlogistiek,2,basisberoepsopleiding,"BBL,BOL,OVO",hg013,"Transport, scheepvaart en logistiek",sg044,Scheepvaart,23364,Havenlogistiek,02,"Mobiliteit, transport, logistiek en maritiem"
95250,Coördinator havenlogistiek,3,vakopleiding,"BBL,BOL,OVO",hg013,"Transport, scheepvaart en logistiek",sg044,Scheepvaart,23364,Havenlogistiek,02,"Mobiliteit, transport, logistiek en maritiem"
95260,Manager havenlogistiek,4,middenkaderopleiding,"BBL,BOL,OVO",hg013,"Transport, scheepvaart en logistiek",sg044,Scheepvaart,23364,Havenlogistiek,02,"Mobiliteit, transport, logistiek en maritiem"
95270,Onderhoud- en verbouwbedrijf,3,vakopleiding,"BBL,BOL",hg001,"Afbouw, hout en onderhoud",sg049,Stukadoren en afbouw,23315,Onderhoud- en verbouwbedrijf,01,Techniek en gebouwde omgeving
95271,Bouwkundig onderhoudsmedewerker,3,vakopleiding,"BBL,BOL,OVO",hg001,"Afbouw, hout en onderhoud",sg049,Stukadoren en afbouw,23315,Onderhoud- en verbouwbedrijf,01,Techniek en gebouwde omgeving
95272,Allround ondernemer klussenbedrijf,3,vakopleiding,"BBL,BOL,OVO",hg001,"Afbouw, hout en onderhoud",sg049,Stukadoren en afbouw,23315,Onderhoud- en verbouwbedrijf,01,Techniek en gebouwde omgeving
95280,Sport- en bewegingsleider,3,vakopleiding,"BBL,BOL,OVO",hg015,Veiligheid en sport,sg048,Sport en bewegen,23366,Sport en Bewegen,03,"Zorg, welzijn en sport"
95290,Sport en bewegen,4,middenkaderopleiding,"BBL,BOL",hg015,Veiligheid en sport,sg048,Sport en bewegen,23366,Sport en Bewegen,03,"Zorg, welzijn en sport"
95291,Sport- en bewegingscoördinator/ Bewegingsagoog,4,middenkaderopleiding,"BBL,BOL,OVO",hg015,Veiligheid en sport,sg048,Sport en bewegen,23366,Sport en Bewegen,03,"Zorg, welzijn en sport"
95292,Sport- en bewegingscoördinator/ BOS-medewerker,4,middenkaderopleiding,"BBL,BOL,OVO",hg015,Veiligheid en sport,sg048,Sport en bewegen,23366,Sport en Bewegen,03,"Zorg, welzijn en sport"
95293,Sport- en bewegingscoördinator/ Operationeel sport- en bewegingsmanager,4,middenkaderopleiding,"BBL,BOL,OVO",hg015,Veiligheid en sport,sg048,Sport en bewegen,23366,Sport en Bewegen,03,"Zorg, welzijn en sport"
95294,Sport- en bewegingscoördinator/ Trainer/coach,4,middenkaderopleiding,"BBL,BOL,OVO",hg015,Veiligheid en sport,sg048,Sport en bewegen,23366,Sport en Bewegen,03,"Zorg, welzijn en sport"
95300,Sport- en bewegingsbegeleider,2,basisberoepsopleiding,"BBL,BOL,OVO",hg017,Zorg en welzijn,sg060,Basis dienstverlening,23385,Dienstverlening,03,"Zorg, welzijn en sport"
95310,Applicatie- en mediaontwikkeling,4,middenkaderopleiding,"BBL,BOL",hg008,Informatie en communicatietechnologie,sg023,ICT en media,23399,Software development,05,Ict en creatieve industrie
95311,Applicatieontwikkelaar,4,middenkaderopleiding,"BBL,BOL,OVO",hg008,Informatie en communicatietechnologie,sg023,ICT en media,23399,Software development,05,Ict en creatieve industrie
95312,Gamedeveloper,4,middenkaderopleiding,"BBL,BOL,OVO",hg008,Informatie en communicatietechnologie,sg023,ICT en media,23399,Software development,05,Ict en creatieve industrie
95313,Mediadeveloper,4,middenkaderopleiding,"BBL,BOL,OVO",hg008,Informatie en communicatietechnologie,sg023,ICT en media,23399,Software development,05,Ict en creatieve industrie
95320,ICT- en mediabeheer,4,middenkaderopleiding,"BBL,BOL",hg008,Informatie en communicatietechnologie,sg023,ICT en media,23405,ICT support and systems,05,Ict en creatieve industrie
95321,ICT-beheerder,4,middenkaderopleiding,"BBL,BOL,OVO",hg008,Informatie en communicatietechnologie,sg023,ICT en media,23405,ICT support and systems,05,Ict en creatieve industrie
95322,Mediaworkflowbeheerder,4,middenkaderopleiding,"BBL,BOL,OVO",hg008,Informatie en communicatietechnologie,sg023,ICT en media,23405,ICT support and systems,05,Ict en creatieve industrie
95323,Netwerkbeheerder,4,middenkaderopleiding,"BBL,BOL,OVO",hg008,Informatie en communicatietechnologie,sg023,ICT en media,23405,ICT support and systems,05,Ict en creatieve industrie
95330,Logistiek vakman,2,basisberoepsopleiding,"BBL,BOL",hg013,"Transport, scheepvaart en logistiek",sg028,Logistiek,23309,Logistiek,02,"Mobiliteit, transport, logistiek en maritiem"
95331,Logistiek medewerker houthandel,2,basisberoepsopleiding,"BBL,BOL,OVO",hg013,"Transport, scheepvaart en logistiek",sg028,Logistiek,23309,Logistiek,02,"Mobiliteit, transport, logistiek en maritiem"
95332,Logistiek medewerker versindustrie,2,basisberoepsopleiding,"BBL,BOL,OVO",hg016,"Voedsel, natuur en leefomgeving",sg053,Verse voeding,23227,Vers: vakmanschap & industrie,06,"Voedsel, groen en gastvrijheid"
95340,Allround logistiek medewerker houthandel,3,vakopleiding,"BBL,BOL,OVO",hg013,"Transport, scheepvaart en logistiek",sg028,Logistiek,23309,Logistiek,02,"Mobiliteit, transport, logistiek en maritiem"
95350,Meewerkend leidinggevende logistiek houthandel,4,middenkaderopleiding,"BBL,BOL,OVO",hg013,"Transport, scheepvaart en logistiek",sg028,Logistiek,23310,Management transport en logistiek,02,"Mobiliteit, transport, logistiek en maritiem"
95360,proefdierverzorger,3,vakopleiding,"BBL,BOL,OVO",hg016,"Voedsel, natuur en leefomgeving",sg011,Dier,23298,Dierverzorging,06,"Voedsel, groen en gastvrijheid"
95370,biotechnicus,4,middenkaderopleiding,"BBL,BOL,OVO",hg016,"Voedsel, natuur en leefomgeving",sg011,Dier,23368,Gespecialiseerde proefdierverzorging,06,"Voedsel, groen en gastvrijheid"
95380,Secretaresse,3,vakopleiding,"BBL,BOL,OVO",hg005,Economie en administratie,sg059,Zakelijke dienstverlening,23296,Business Services,07,Zakelijke dienstverlening en veiligheid
95390,Secretariële beroepen,4,middenkaderopleiding,"BBL,BOL",hg005,Economie en administratie,sg059,Zakelijke dienstverlening,23296,Business Services,07,Zakelijke dienstverlening en veiligheid
95391,Directiesecretaresse/Managementassistent,4,middenkaderopleiding,"BBL,BOL,OVO",hg005,Economie en administratie,sg059,Zakelijke dienstverlening,23296,Business Services,07,Zakelijke dienstverlening en veiligheid
95392,Juridisch secretaresse,4,middenkaderopleiding,"BBL,BOL,OVO",hg005,Economie en administratie,sg059,Zakelijke dienstverlening,23296,Business Services,07,Zakelijke dienstverlening en veiligheid
95393,Medisch secretaresse,4,middenkaderopleiding,"BBL,BOL,OVO",hg005,Economie en administratie,sg059,Zakelijke dienstverlening,23296,Business Services,07,Zakelijke dienstverlening en veiligheid
95400,Mediamanager,4,middenkaderopleiding,"BBL,BOL,OVO",hg009,Media en vormgeving,sg033,Mediavormgeving,23356,Mediamanagement,05,Ict en creatieve industrie
95410,Printmedia (Basismedewerker Printmedia),2,basisberoepsopleiding,"BBL,BOL",hg009,Media en vormgeving,sg032,Mediatechniek,23242,Printmedia,05,Ict en creatieve industrie
95420,Zelfstandig werkend kok,3,vakopleiding,"BBL,BOL,OVO",hg007,Horeca en bakkerij,sg021,Horeca,23085,Keuken,06,"Voedsel, groen en gastvrijheid"
95430,Fastservice,4,middenkaderopleiding,"BBL,BOL",hg007,Horeca en bakkerij,sg021,Horeca,23084,Fastservice,06,"Voedsel, groen en gastvrijheid"
95431,Cateringbeheerder/ -manager,4,middenkaderopleiding,"BBL,BOL,OVO",hg007,Horeca en bakkerij,sg021,Horeca,23084,Fastservice,06,"Voedsel, groen en gastvrijheid"
95432,Manager/ bedrijfsleider fastservice,4,middenkaderopleiding,"BBL,BOL,OVO",hg007,Horeca en bakkerij,sg021,Horeca,23084,Fastservice,06,"Voedsel, groen en gastvrijheid"
95440,Tweewielertechniek,3,vakopleiding,"BBL,BOL",hg010,Mobiliteit en voertuigen,sg034,Mobiliteitstechniek,23273,Voertuigen en mobiele werktuigen,02,"Mobiliteit, transport, logistiek en maritiem"
95441,Eerste Scootertechnicus,3,vakopleiding,"BBL,BOL,OVO",hg010,Mobiliteit en voertuigen,sg034,Mobiliteitstechniek,23273,Voertuigen en mobiele werktuigen,02,"Mobiliteit, transport, logistiek en maritiem"
95442,Eerste Fietstechnicus,3,vakopleiding,"BBL,BOL,OVO",hg010,Mobiliteit en voertuigen,sg034,Mobiliteitstechniek,23415,Fietstechniek,02,"Mobiliteit, transport, logistiek en maritiem"
95450,Verkoopadviseur Mobiliteitsbranche,3,vakopleiding,"BBL,BOL,OVO",hg010,Mobiliteit en voertuigen,sg034,Mobiliteitstechniek,23292,(After)sales in de mobiliteitsbranche,02,"Mobiliteit, transport, logistiek en maritiem"
95460,Balie-/shopmedewerker,2,basisberoepsopleiding,"BBL,BOL,OVO",hg013,"Transport, scheepvaart en logistiek",sg028,Logistiek,23309,Logistiek,02,"Mobiliteit, transport, logistiek en maritiem"
95470,Service apparatuur en installaties,2,basisberoepsopleiding,"BBL,BOL",hg011,Techniek en procesindustrie,sg025,Installatietechniek,23329,Service- en onderhoudstechniek,01,Techniek en gebouwde omgeving
95471,Onderhoudsmonteur industrie,2,basisberoepsopleiding,"BBL,BOL,OVO",hg011,Techniek en procesindustrie,sg025,Installatietechniek,23329,Service- en onderhoudstechniek,01,Techniek en gebouwde omgeving
95472,Onderhoudsmonteur installatietechniek,2,basisberoepsopleiding,"BBL,BOL,OVO",hg011,Techniek en procesindustrie,sg025,Installatietechniek,23329,Service- en onderhoudstechniek,01,Techniek en gebouwde omgeving
95480,"Assistent metaal-, elektro- en installatietechniek",1,entreeopleiding,"BBL,BOL",hg002,Entree,sg061,Entree,23301,Entree,09,Entree
95481,Assistent installatie,1,entreeopleiding,"BBL,BOL,OVO",hg002,Entree,sg061,Entree,23301,Entree,09,Entree
95482,Assistent metaalbewerking,1,entreeopleiding,"BBL,BOL,OVO",hg002,Entree,sg061,Entree,23301,Entree,09,Entree
95483,Assistent montage,1,entreeopleiding,"BBL,BOL,OVO",hg002,Entree,sg061,Entree,23301,Entree,09,Entree
95490,Vliegtuigtechniek,3,vakopleiding,"BBL,BOL",hg011,Techniek en procesindustrie,sg054,Vliegtuigtechniek,23375,Luchtvaarttechniek,01,Techniek en gebouwde omgeving
95491,Eerste monteur,3,vakopleiding,"BBL,BOL,OVO",hg011,Techniek en procesindustrie,sg054,Vliegtuigtechniek,23375,Luchtvaarttechniek,01,Techniek en gebouwde omgeving
95492,Plaat-/kunststofbewerker,3,vakopleiding,"BBL,BOL,OVO",hg011,Techniek en procesindustrie,sg054,Vliegtuigtechniek,23375,Luchtvaarttechniek,01,Techniek en gebouwde omgeving
95500,Schoonheidsspecialist,3,vakopleiding,"BBL,BOL",hg014,Uiterlijke verzorging,sg046,Schoonheidsverzorging,23365,Schoonheidsverzorging,03,"Zorg, welzijn en sport"
95510,Schoonheidsspecialist (Allround schoonheidsspecialist),4,middenkaderopleiding,"BBL,BOL",hg014,Uiterlijke verzorging,sg046,Schoonheidsverzorging,23365,Schoonheidsverzorging,03,"Zorg, welzijn en sport"
95520,Mbo-Verpleegkundige,4,middenkaderopleiding,"BBL,BOL,OVO",hg017,Zorg en welzijn,sg052,Verpleging en verzorging,23267,Mbo-Verpleegkundige,03,"Zorg, welzijn en sport"
95530,Verzorgende-IG,3,vakopleiding,"BBL,BOL,OVO",hg017,Zorg en welzijn,sg052,Verpleging en verzorging,23268,verzorgende-IG,03,"Zorg, welzijn en sport"
95540,Ambulant objectleider,4,middenkaderopleiding,"BBL,BOL,OVO",hg001,"Afbouw, hout en onderhoud",sg047,Schoonmaak en glazenwassen,23025,Schoonmaak en glazenwassen,06,"Voedsel, groen en gastvrijheid"
95550,Assistent schoonmaak,1,entreeopleiding,"BBL,BOL,OVO",hg002,Entree,sg061,Entree,23301,Entree,09,Entree
95560,Assistent afbouw,1,entreeopleiding,"BBL,BOL,OVO",hg002,Entree,sg061,Entree,23301,Entree,09,Entree
95570,Allround machinaal houtbewerker,3,vakopleiding,"BBL,BOL,OVO",hg001,"Afbouw, hout en onderhoud",sg022,Hout en meubel,23373,Meubels en (scheeps)interieurs maken,01,Techniek en gebouwde omgeving
95580,Allround meubelmaker/(scheeps)interieurbouwer,3,vakopleiding,"BBL,BOL,OVO",hg001,"Afbouw, hout en onderhoud",sg022,Hout en meubel,23373,Meubels en (scheeps)interieurs maken,01,Techniek en gebouwde omgeving
95590,Schoenhersteller/Ondernemer,3,vakopleiding,"BBL,BOL,OVO",hg003,"Ambacht, laboratorium en gezondheidstechniek",sg003,Ambachtelijke techniek,23387,Schoentechniek,08,Specialistisch vakmanschap
95600,Chef vers,3,vakopleiding,"BBL,BOL,OVO",hg016,"Voedsel, natuur en leefomgeving",sg053,Verse voeding,23287,Vers: leidinggeven & ambacht,06,"Voedsel, groen en gastvrijheid"
95610,Ondernemer vers,4,middenkaderopleiding,"BBL,BOL,OVO",hg016,"Voedsel, natuur en leefomgeving",sg053,Verse voeding,23287,Vers: leidinggeven & ambacht,06,"Voedsel, groen en gastvrijheid"
95620,Matroos binnenvaart,2,basisberoepsopleiding,"BBL,BOL,OVO",hg013,"Transport, scheepvaart en logistiek",sg044,Scheepvaart,23389,Binnenvaart,02,"Mobiliteit, transport, logistiek en maritiem"
95630,Schipper binnenvaart,3,vakopleiding,"BBL,BOL,OVO",hg013,"Transport, scheepvaart en logistiek",sg044,Scheepvaart,23389,Binnenvaart,02,"Mobiliteit, transport, logistiek en maritiem"
95640,Kapitein binnenvaart,4,middenkaderopleiding,"BBL,BOL,OVO",hg013,"Transport, scheepvaart en logistiek",sg044,Scheepvaart,23389,Binnenvaart,02,"Mobiliteit, transport, logistiek en maritiem"
95650,Machinist railvervoer,3,vakopleiding,"BBL,BOL,OVO",hg013,"Transport, scheepvaart en logistiek",sg057,Weg- en railtransport,23419,Railvervoer,02,"Mobiliteit, transport, logistiek en maritiem"
95660,Vliegtuigonderhoud Part-66 (Eerste monteur Part-66 Cat.A),3,vakopleiding,"BBL,BOL",hg011,Techniek en procesindustrie,sg054,Vliegtuigtechniek,23375,Luchtvaarttechniek,01,Techniek en gebouwde omgeving
95670,Vliegtuigonderhoud Part-66,4,middenkaderopleiding,"BBL,BOL",hg011,Techniek en procesindustrie,sg054,Vliegtuigtechniek,23375,Luchtvaarttechniek,01,Techniek en gebouwde omgeving
95671,Vliegtuigonderhoud Part-66 (Technicus Part-66 Cat.B2),4,middenkaderopleiding,"BBL,BOL",hg011,Techniek en procesindustrie,sg054,Vliegtuigtechniek,23375,Luchtvaarttechniek,01,Techniek en gebouwde omgeving
95672,Vliegtuigonderhoud Part-66 (Technicus Part-66 Cat.B1),4,middenkaderopleiding,"BBL,BOL",hg011,Techniek en procesindustrie,sg054,Vliegtuigtechniek,23375,Luchtvaarttechniek,01,Techniek en gebouwde omgeving
95680,Allround natuursteenbewerker,3,vakopleiding,"BBL,BOL,OVO",hg004,Bouw en infra,sg004,Bouwkunde,23054,Natuursteenbewerken,01,Techniek en gebouwde omgeving
95681,Allround sloper,3,vakopleiding,"BBL,BOL,OVO",hg004,Bouw en infra,sg004,Bouwkunde,23408,Slopen,01,Techniek en gebouwde omgeving
95682,Sloper,2,basisberoepsopleiding,"BBL,BOL,OVO",hg004,Bouw en infra,sg004,Bouwkunde,23408,Slopen,01,Techniek en gebouwde omgeving
95683,Logistiek medewerker versindustrie,2,basisberoepsopleiding,"BBL,BOL,OVO",hg016,"Voedsel, natuur en leefomgeving",sg053,Verse voeding,23227,Vers: vakmanschap & industrie,06,"Voedsel, groen en gastvrijheid"
95684,Gezel schilder,3,vakopleiding,"BBL,BOL,OVO",hg001,"Afbouw, hout en onderhoud",sg045,Schilderen en onderhoud,23236,Schilderen,01,Techniek en gebouwde omgeving
95685,Restauratiestukadoor,4,middenkaderopleiding,"BBL,BOL,OVO",hg001,"Afbouw, hout en onderhoud",sg049,Stukadoren en afbouw,23229,Decoratiestukadoor,01,Techniek en gebouwde omgeving
95686,Allround voedingsoperator,3,vakopleiding,"BBL,BOL,OVO",hg016,"Voedsel, natuur en leefomgeving",sg053,Verse voeding,23227,Vers: vakmanschap & industrie,06,"Voedsel, groen en gastvrijheid"
95687,Assistent operator productietechniek,1,entreeopleiding,"BBL,BOL,OVO",hg002,Entree,sg061,Entree,23301,Entree,09,Entree
95688,Basisoperator,1,entreeopleiding,"BBL,BOL,OVO",hg002,Entree,sg061,Entree,23301,Entree,09,Entree
95689,Isolatiemonteur,2,basisberoepsopleiding,"BBL,BOL,OVO",hg011,Techniek en procesindustrie,sg013,Elektrotechniek,23116,Isolatiewerken,01,Techniek en gebouwde omgeving
95690,Plaatwerker,2,basisberoepsopleiding,"BBL,BOL,OVO",hg011,Techniek en procesindustrie,sg058,Werktuigbouwkunde,23361,Productietechniek,01,Techniek en gebouwde omgeving
95691,Voedingsoperator,2,basisberoepsopleiding,"BBL,BOL,OVO",hg016,"Voedsel, natuur en leefomgeving",sg053,Verse voeding,23227,Vers: vakmanschap & industrie,06,"Voedsel, groen en gastvrijheid"
95692,Opmeter,3,vakopleiding,"BBL,BOL,OVO",hg011,Techniek en procesindustrie,sg013,Elektrotechniek,23116,Isolatiewerken,01,Techniek en gebouwde omgeving
95693,Behoudsmedewerker,4,middenkaderopleiding,"BBL,BOL,OVO",hg003,"Ambacht, laboratorium en gezondheidstechniek",sg003,Ambachtelijke techniek,23217,Creatief Vakmanschap,08,Specialistisch vakmanschap
95694,Leestenmaker,3,vakopleiding,"BBL,BOL,OVO",hg003,"Ambacht, laboratorium en gezondheidstechniek",sg017,Gezondheidstechniek,23350,Orthopedische schoentechniek,08,Specialistisch vakmanschap
95695,Orthopedisch Schoentechnicus,4,middenkaderopleiding,"BBL,BOL,OVO",hg003,"Ambacht, laboratorium en gezondheidstechniek",sg017,Gezondheidstechniek,23350,Orthopedische schoentechniek,08,Specialistisch vakmanschap
95696,Orthopedisch Technicus,4,middenkaderopleiding,"BBL,BOL,OVO",hg003,"Ambacht, laboratorium en gezondheidstechniek",sg017,Gezondheidstechniek,23351,Orthopedische techniek,08,Specialistisch vakmanschap
95697,Orthopedisch Technisch Medewerker,3,vakopleiding,"BBL,BOL,OVO",hg003,"Ambacht, laboratorium en gezondheidstechniek",sg017,Gezondheidstechniek,23351,Orthopedische techniek,08,Specialistisch vakmanschap
95698,Schoentechnisch Voorzieningenmaker,2,basisberoepsopleiding,"BBL,BOL,OVO",hg003,"Ambacht, laboratorium en gezondheidstechniek",sg003,Ambachtelijke techniek,23387,Schoentechniek,08,Specialistisch vakmanschap
95699,Applicatieontwikkelaar,4,middenkaderopleiding,"BBL,BOL,OVO",hg008,Informatie en communicatietechnologie,sg023,ICT en media,23399,Software development,05,Ict en creatieve industrie
95700,Gamedeveloper,4,middenkaderopleiding,"BBL,BOL,OVO",hg008,Informatie en communicatietechnologie,sg023,ICT en media,23399,Software development,05,Ict en creatieve industrie
95701,Mediadeveloper,4,middenkaderopleiding,"BBL,BOL,OVO",hg008,Informatie en communicatietechnologie,sg023,ICT en media,23399,Software development,05,Ict en creatieve industrie
95702,AV-specialist,4,middenkaderopleiding,"BBL,BOL,OVO",hg009,Media en vormgeving,sg032,Mediatechniek,23294,AV-productie,05,Ict en creatieve industrie
95703,AV-specialist,4,middenkaderopleiding,"BBL,BOL,OVO",hg009,Media en vormgeving,sg032,Mediatechniek,23294,AV-productie,05,Ict en creatieve industrie
95704,AV-specialist,4,middenkaderopleiding,"BBL,BOL,OVO",hg009,Media en vormgeving,sg032,Mediatechniek,23294,AV-productie,05,Ict en creatieve industrie
95705,Allround DTP-er,3,vakopleiding,"BBL,BOL,OVO",hg009,Media en vormgeving,sg032,Mediatechniek,23237,Mediamaken,05,Ict en creatieve industrie
95706,Allround DTP-er,3,vakopleiding,"BBL,BOL,OVO",hg009,Media en vormgeving,sg032,Mediatechniek,23237,Mediamaken,05,Ict en creatieve industrie
95707,Medewerker DTP,2,basisberoepsopleiding,"BBL,BOL,OVO",hg009,Media en vormgeving,sg032,Mediatechniek,23237,Mediamaken,05,Ict en creatieve industrie
95708,Medewerker DTP,2,basisberoepsopleiding,"BBL,BOL,OVO",hg009,Media en vormgeving,sg032,Mediatechniek,23237,Mediamaken,05,Ict en creatieve industrie
95709,ICT-beheerder,4,middenkaderopleiding,"BBL,BOL,OVO",hg008,Informatie en communicatietechnologie,sg023,ICT en media,23405,ICT support and systems,05,Ict en creatieve industrie
95710,Mediaworkflowbeheerder,4,middenkaderopleiding,"BBL,BOL,OVO",hg008,Informatie en communicatietechnologie,sg023,ICT en media,23405,ICT support and systems,05,Ict en creatieve industrie
95711,Netwerkbeheerder,4,middenkaderopleiding,"BBL,BOL,OVO",hg008,Informatie en communicatietechnologie,sg023,ICT en media,23405,ICT support and systems,05,Ict en creatieve industrie
95712,medewerker Podium- en evenemententechniek,2,basisberoepsopleiding,"BBL,BOL,OVO",hg009,Media en vormgeving,sg014,Evenemententechniek,23319,Podium- en evenemententechniek,05,Ict en creatieve industrie
95713,Podium- en evenemententechnicus,3,vakopleiding,"BBL,BOL,OVO",hg009,Media en vormgeving,sg014,Evenemententechniek,23319,Podium- en evenemententechniek,05,Ict en creatieve industrie
95714,Podium- en evenemententechnicus Geluid,4,middenkaderopleiding,"BBL,BOL,OVO",hg009,Media en vormgeving,sg014,Evenemententechniek,23319,Podium- en evenemententechniek,05,Ict en creatieve industrie
95715,Podium- en evenemententechnicus Licht,4,middenkaderopleiding,"BBL,BOL,OVO",hg009,Media en vormgeving,sg014,Evenemententechniek,23319,Podium- en evenemententechniek,05,Ict en creatieve industrie
95716,Podium- en evenemententechnicus Podium & Rigging,4,middenkaderopleiding,"BBL,BOL,OVO",hg009,Media en vormgeving,sg014,Evenemententechniek,23319,Podium- en evenemententechniek,05,Ict en creatieve industrie
95717,Basismedewerker printmedia,2,basisberoepsopleiding,"BBL,BOL,OVO",hg009,Media en vormgeving,sg032,Mediatechniek,23242,Printmedia,05,Ict en creatieve industrie
95718,Digitaal Drukker,3,vakopleiding,"BBL,BOL,OVO",hg009,Media en vormgeving,sg032,Mediatechniek,23242,Printmedia,05,Ict en creatieve industrie
95719,Drukker,3,vakopleiding,"BBL,BOL,OVO",hg009,Media en vormgeving,sg032,Mediatechniek,23242,Printmedia,05,Ict en creatieve industrie
95720,Nabewerker,3,vakopleiding,"BBL,BOL,OVO",hg009,Media en vormgeving,sg032,Mediatechniek,23242,Printmedia,05,Ict en creatieve industrie
95721,Printmediatechnoloog,4,middenkaderopleiding,"BBL,BOL,OVO",hg009,Media en vormgeving,sg032,Mediatechniek,23242,Printmedia,05,Ict en creatieve industrie
95722,Technisch specialist verbrandingsmotoren,4,middenkaderopleiding,"BBL,BOL,OVO",hg010,Mobiliteit en voertuigen,sg034,Mobiliteitstechniek,23332,Verbrandingsmotortechniek,02,"Mobiliteit, transport, logistiek en maritiem"
95723,Touringcarchauffeur,2,basisberoepsopleiding,"BBL,BOL,OVO",hg013,"Transport, scheepvaart en logistiek",sg057,Weg- en railtransport,23276,Personenvervoer,02,"Mobiliteit, transport, logistiek en maritiem"
95724,Touringcarchauffeur / reisleider,3,vakopleiding,"BBL,BOL,OVO",hg013,"Transport, scheepvaart en logistiek",sg057,Weg- en railtransport,23276,Personenvervoer,02,"Mobiliteit, transport, logistiek en maritiem"
95725,Coördinator Havenoperaties,3,vakopleiding,"BBL,BOL,OVO",hg013,"Transport, scheepvaart en logistiek",sg044,Scheepvaart,23363,Havenoperaties,02,"Mobiliteit, transport, logistiek en maritiem"
95726,Manager Havenoperaties,4,middenkaderopleiding,"BBL,BOL,OVO",hg013,"Transport, scheepvaart en logistiek",sg044,Scheepvaart,23363,Havenoperaties,02,"Mobiliteit, transport, logistiek en maritiem"
95727,Medewerker Havenoperaties,2,basisberoepsopleiding,"BBL,BOL,OVO",hg013,"Transport, scheepvaart en logistiek",sg044,Scheepvaart,23363,Havenoperaties,02,"Mobiliteit, transport, logistiek en maritiem"
95728,Maritiem officier alle schepen,4,middenkaderopleiding,"BBL,BOL,OVO",hg013,"Transport, scheepvaart en logistiek",sg044,Scheepvaart,23278,Maritiem officier,02,"Mobiliteit, transport, logistiek en maritiem"
95729,Scheepswerktuigkundige alle schepen,4,middenkaderopleiding,"BBL,BOL,OVO",hg013,"Transport, scheepvaart en logistiek",sg044,Scheepvaart,23278,Maritiem officier,02,"Mobiliteit, transport, logistiek en maritiem"
95730,Stuurman alle schepen,4,middenkaderopleiding,"BBL,BOL,OVO",hg013,"Transport, scheepvaart en logistiek",sg044,Scheepvaart,23278,Maritiem officier,02,"Mobiliteit, transport, logistiek en maritiem"
95731,Scheepswerktuigkundige kleine schepen,3,vakopleiding,"BBL,BOL,OVO",hg013,"Transport, scheepvaart en logistiek",sg044,Scheepvaart,23278,Maritiem officier,02,"Mobiliteit, transport, logistiek en maritiem"
95732,Stuurman kleine schepen,3,vakopleiding,"BBL,BOL,OVO",hg013,"Transport, scheepvaart en logistiek",sg044,Scheepvaart,23278,Maritiem officier,02,"Mobiliteit, transport, logistiek en maritiem"
95733,Stuurman-werktuigkundige kleine schepen,3,vakopleiding,"BBL,BOL,OVO",hg013,"Transport, scheepvaart en logistiek",sg044,Scheepvaart,23278,Maritiem officier,02,"Mobiliteit, transport, logistiek en maritiem"
95734,Scheepswerktuigkundige waterbouw,4,middenkaderopleiding,"BBL,BOL,OVO",hg013,"Transport, scheepvaart en logistiek",sg044,Scheepvaart,23278,Maritiem officier,02,"Mobiliteit, transport, logistiek en maritiem"
95735,Stuurman waterbouw,4,middenkaderopleiding,"BBL,BOL,OVO",hg013,"Transport, scheepvaart en logistiek",sg044,Scheepvaart,23278,Maritiem officier,02,"Mobiliteit, transport, logistiek en maritiem"
95736,De schipper-machinist beperkt werkgebied,2,basisberoepsopleiding,"BBL,BOL,OVO",hg013,"Transport, scheepvaart en logistiek",sg044,Scheepvaart,23420,Zee- en zeevisvaart beperkt vaargebied,02,"Mobiliteit, transport, logistiek en maritiem"
95737,Stuurman alle vissersschepen S4,4,middenkaderopleiding,"BBL,BOL,OVO",hg013,"Transport, scheepvaart en logistiek",sg044,Scheepvaart,23278,Maritiem officier,02,"Mobiliteit, transport, logistiek en maritiem"
95738,Stuurman-scheepswerktuigkundige vissersschepen SW5,3,vakopleiding,"BBL,BOL,OVO",hg013,"Transport, scheepvaart en logistiek",sg044,Scheepvaart,23278,Maritiem officier,02,"Mobiliteit, transport, logistiek en maritiem"
95739,Werktuigkundige alle vissersschepen W4,4,middenkaderopleiding,"BBL,BOL,OVO",hg013,"Transport, scheepvaart en logistiek",sg044,Scheepvaart,23278,Maritiem officier,02,"Mobiliteit, transport, logistiek en maritiem"
95740,Specialist mode/maatkleding,4,middenkaderopleiding,"BBL,BOL,OVO",hg006,Handel en ondernemerschap,sg035,Mode en interieurindustrie,23279,Fashion,04,Handel
95741,Afrokapper,3,vakopleiding,"BBL,BOL,OVO",hg014,Uiterlijke verzorging,sg019,Haarverzorging,23263,Haarverzorging,06,"Voedsel, groen en gastvrijheid"
95742,Ondernemend kapper,4,middenkaderopleiding,"BBL,BOL,OVO",hg014,Uiterlijke verzorging,sg019,Haarverzorging,23263,Haarverzorging,06,"Voedsel, groen en gastvrijheid"
95743,Medisch Pedicure,4,middenkaderopleiding,"BBL,BOL,OVO",hg014,Uiterlijke verzorging,sg056,Voetverzorging,23283,Voetzorg,03,"Zorg, welzijn en sport"
95744,Pedicure,3,vakopleiding,"BBL,BOL,OVO",hg014,Uiterlijke verzorging,sg056,Voetverzorging,23283,Voetzorg,03,"Zorg, welzijn en sport"
95745,Allround schoonheidsspecialist,4,middenkaderopleiding,"BBL,BOL,OVO",hg014,Uiterlijke verzorging,sg046,Schoonheidsverzorging,23365,Schoonheidsverzorging,03,"Zorg, welzijn en sport"
95746,Schoonheidsspecialist,3,vakopleiding,"BBL,BOL,OVO",hg014,Uiterlijke verzorging,sg046,Schoonheidsverzorging,23365,Schoonheidsverzorging,03,"Zorg, welzijn en sport"
95747,Uitvoerend bakker,2,basisberoepsopleiding,"BBL,BOL,OVO",hg007,Horeca en bakkerij,sg005,Brood en banket,23295,Brood en banket,06,"Voedsel, groen en gastvrijheid"
95748,Zelfstandig werkend banketbakker,3,vakopleiding,"BBL,BOL,OVO",hg007,Horeca en bakkerij,sg005,Brood en banket,23295,Brood en banket,06,"Voedsel, groen en gastvrijheid"
95749,Zelfstandig werkend broodbakker,3,vakopleiding,"BBL,BOL,OVO",hg007,Horeca en bakkerij,sg005,Brood en banket,23295,Brood en banket,06,"Voedsel, groen en gastvrijheid"
95750,Facilitair leidinggevende,4,middenkaderopleiding,"BBL,BOL,OVO",hg007,Horeca en bakkerij,sg015,Facilitaire dienstverlening,23247,Facilitaire dienstverlening,06,"Voedsel, groen en gastvrijheid"
95751,Facilitair medewerker,2,basisberoepsopleiding,"BBL,BOL,OVO",hg017,Zorg en welzijn,sg060,Basis dienstverlening,23385,Dienstverlening,06,"Voedsel, groen en gastvrijheid"
95752,Allround operator productietechniek,3,vakopleiding,"BBL,BOL,OVO",hg011,Techniek en procesindustrie,sg040,Procestechniek,23305,Industriële processen,01,Techniek en gebouwde omgeving
95753,Operator B,3,vakopleiding,"BBL,BOL,OVO",hg011,Techniek en procesindustrie,sg040,Procestechniek,23305,Industriële processen,01,Techniek en gebouwde omgeving
95754,Specialist textiel,3,vakopleiding,"BBL,BOL,OVO",hg006,Handel en ondernemerschap,sg035,Mode en interieurindustrie,23279,Fashion,04,Handel
95755,Allround logistiek medewerker houthandel,3,vakopleiding,"BBL,BOL,OVO",hg013,"Transport, scheepvaart en logistiek",sg028,Logistiek,23309,Logistiek,02,"Mobiliteit, transport, logistiek en maritiem"
95756,Logistiek medewerker houthandel,2,basisberoepsopleiding,"BBL,BOL,OVO",hg013,"Transport, scheepvaart en logistiek",sg028,Logistiek,23309,Logistiek,02,"Mobiliteit, transport, logistiek en maritiem"
95757,Meewerkend leidinggevende logistiek houthandel,4,middenkaderopleiding,"BBL,BOL,OVO",hg013,"Transport, scheepvaart en logistiek",sg028,Logistiek,23310,Management transport en logistiek,02,"Mobiliteit, transport, logistiek en maritiem"
95758,Operator A,2,basisberoepsopleiding,"BBL,BOL,OVO",hg011,Techniek en procesindustrie,sg040,Procestechniek,23305,Industriële processen,01,Techniek en gebouwde omgeving
95759,Operator productietechniek,2,basisberoepsopleiding,"BBL,BOL,OVO",hg011,Techniek en procesindustrie,sg040,Procestechniek,23305,Industriële processen,01,Techniek en gebouwde omgeving
95760,Operator textiel,2,basisberoepsopleiding,"BBL,BOL,OVO",hg011,Techniek en procesindustrie,sg040,Procestechniek,23305,Industriële processen,01,Techniek en gebouwde omgeving
95761,Constructiewerker,2,basisberoepsopleiding,"BBL,BOL,OVO",hg011,Techniek en procesindustrie,sg058,Werktuigbouwkunde,23361,Productietechniek,01,Techniek en gebouwde omgeving
95762,Eerste monteur,3,vakopleiding,"BBL,BOL,OVO",hg011,Techniek en procesindustrie,sg054,Vliegtuigtechniek,23375,Luchtvaarttechniek,01,Techniek en gebouwde omgeving
95763,Technicus avionica,4,middenkaderopleiding,"BBL,BOL,OVO",hg011,Techniek en procesindustrie,sg054,Vliegtuigtechniek,23375,Luchtvaarttechniek,01,Techniek en gebouwde omgeving
95764,Technicus mechanica,4,middenkaderopleiding,"BBL,BOL,OVO",hg011,Techniek en procesindustrie,sg054,Vliegtuigtechniek,23375,Luchtvaarttechniek,01,Techniek en gebouwde omgeving
95765,Balie-/shopmedewerker,2,basisberoepsopleiding,"BBL,BOL,OVO",hg013,"Transport, scheepvaart en logistiek",sg028,Logistiek,23309,Logistiek,02,"Mobiliteit, transport, logistiek en maritiem"
95766,Monteur vliegtuigonderhoud,2,basisberoepsopleiding,"BBL,BOL,OVO",hg011,Techniek en procesindustrie,sg054,Vliegtuigtechniek,23375,Luchtvaarttechniek,01,Techniek en gebouwde omgeving
95767,Stuurman werktuigkundige zeevisvaart sw6,2,basisberoepsopleiding,"BBL,BOL,OVO",hg013,"Transport, scheepvaart en logistiek",sg044,Scheepvaart,23420,Zee- en zeevisvaart beperkt vaargebied,02,"Mobiliteit, transport, logistiek en maritiem"
95768,Assistent logistiek,1,andere_opleiding,"BBL,BOL,OVO",hg002,Entree,sg061,Entree,23301,Entree,09,Entree
95769,Assistent dienstverlening en zorg,1,andere_opleiding,"BBL,BOL,OVO",hg002,Entree,sg061,Entree,23301,Entree,09,Entree
95770,Assistent procestechniek,1,andere_opleiding,"BBL,BOL,OVO",hg002,Entree,sg061,Entree,23301,Entree,09,Entree
95771,"Assistent bouwen, wonen en onderhoud",1,andere_opleiding,"BBL,BOL,OVO",hg002,Entree,sg061,Entree,23301,Entree,09,Entree
95772,Assistent verkoop/retail,1,andere_opleiding,"BBL,BOL,OVO",hg002,Entree,sg061,Entree,23301,Entree,09,Entree
95773,Assistent mobiliteitsbranche,1,andere_opleiding,"BBL,BOL,OVO",hg002,Entree,sg061,Entree,23301,Entree,09,Entree
95774,"Assistent horeca, voeding of voedingsindustrie",1,andere_opleiding,"BBL,BOL,OVO",hg002,Entree,sg061,Entree,23301,Entree,09,Entree
95775,Assistent installatie- en constructietechniek,1,andere_opleiding,"BBL,BOL,OVO",hg002,Entree,sg061,Entree,23301,Entree,09,Entree
97010,Middenkaderfunctionaris groothandel en logistiek voedsel en leefomgeving (Bedrijfsleider groothandel en logistiek),4,middenkaderopleiding,"BBL,BOL",hg016,"Voedsel, natuur en leefomgeving",sg055,"Voeding, teelt en verwerking",23393,"Agro productie, handel en technologie",06,"Voedsel, groen en gastvrijheid"
97020,Assistent medewerker voedsel en leefomgeving,1,entreeopleiding,"BBL,BOL",hg002,Entree,sg061,Entree,23301,Entree,09,Entree
97021,Assistent medewerker voedsel en leefomgeving (Dierverzorging/dierhouderij),1,entreeopleiding,"BBL,BOL",hg016,"Voedsel, natuur en leefomgeving",sg011,Dier,23298,Dierverzorging,06,"Voedsel, groen en gastvrijheid"
97022,Assistent medewerker voedsel en leefomgeving (Groene detailhandel ),1,entreeopleiding,"BBL,BOL",hg002,Entree,sg061,Entree,23301,Entree,09,Entree
97023,Assistent medewerker voedsel en leefomgeving (Natuur en leefomgeving),1,entreeopleiding,"BBL,BOL",hg002,Entree,sg061,Entree,23301,Entree,09,Entree
97024,Assistent medewerker voedsel en leefomgeving (Plantenteelt),1,entreeopleiding,"BBL,BOL",hg002,Entree,sg061,Entree,23301,Entree,09,Entree
97025,Assistent medewerker voedsel en leefomgeving (Voedingsindustrie),1,entreeopleiding,"BBL,BOL",hg002,Entree,sg061,Entree,23301,Entree,09,Entree
97030,Middenkaderfunctionaris plant,4,middenkaderopleiding,"BBL,BOL",hg016,"Voedsel, natuur en leefomgeving",sg055,"Voeding, teelt en verwerking",23393,"Agro productie, handel en technologie",06,"Voedsel, groen en gastvrijheid"
97031,Middenkaderfunctionaris plant (Bedrijfleider biologisch-dynamisch bedrijf),4,middenkaderopleiding,"BBL,BOL",hg016,"Voedsel, natuur en leefomgeving",sg055,"Voeding, teelt en verwerking",23393,"Agro productie, handel en technologie",06,"Voedsel, groen en gastvrijheid"
97032,Middenkaderfunctionaris plant (Bedrijfleider gemechaniseerd loonbedrijf),4,middenkaderopleiding,"BBL,BOL",hg016,"Voedsel, natuur en leefomgeving",sg055,"Voeding, teelt en verwerking",23395,"Groen, grond en groene infra",06,"Voedsel, groen en gastvrijheid"
97033,Middenkaderfunctionaris plant (Bedrijfsleider bedekte teelt),4,middenkaderopleiding,"BBL,BOL",hg016,"Voedsel, natuur en leefomgeving",sg055,"Voeding, teelt en verwerking",23393,"Agro productie, handel en technologie",06,"Voedsel, groen en gastvrijheid"
97034,Middenkaderfunctionaris plant (Bedrijfsleider open teelt),4,middenkaderopleiding,"BBL,BOL",hg016,"Voedsel, natuur en leefomgeving",sg055,"Voeding, teelt en verwerking",23393,"Agro productie, handel en technologie",06,"Voedsel, groen en gastvrijheid"
97040,Dierenassistent paraveterinair,4,middenkaderopleiding,"BBL,BOL",hg016,"Voedsel, natuur en leefomgeving",sg011,Dier,23298,Dierverzorging,06,"Voedsel, groen en gastvrijheid"
97050,Dierenhouder,4,middenkaderopleiding,"BBL,BOL",hg016,"Voedsel, natuur en leefomgeving",sg011,Dier,23298,Dierverzorging,06,"Voedsel, groen en gastvrijheid"
97051,Dierenhouder (Dierenhouder graasdieren),4,middenkaderopleiding,"BBL,BOL",hg016,"Voedsel, natuur en leefomgeving",sg055,"Voeding, teelt en verwerking",23393,"Agro productie, handel en technologie",06,"Voedsel, groen en gastvrijheid"
97052,Dierenhouder (Dierenhouder hokdieren),4,middenkaderopleiding,"BBL,BOL",hg016,"Voedsel, natuur en leefomgeving",sg055,"Voeding, teelt en verwerking",23393,"Agro productie, handel en technologie",06,"Voedsel, groen en gastvrijheid"
97053,Dierenhouder (Manager dierverzorging),4,middenkaderopleiding,"BBL,BOL",hg016,"Voedsel, natuur en leefomgeving",sg011,Dier,23298,Dierverzorging,06,"Voedsel, groen en gastvrijheid"
97054,Dierenhouder (Melkveehouder),4,middenkaderopleiding,"BBL,BOL",hg016,"Voedsel, natuur en leefomgeving",sg055,"Voeding, teelt en verwerking",23393,"Agro productie, handel en technologie",06,"Voedsel, groen en gastvrijheid"
97070,Gespecialiseerd dierverzorger,3,vakopleiding,"BBL,BOL",hg016,"Voedsel, natuur en leefomgeving",sg011,Dier,23298,Dierverzorging,06,"Voedsel, groen en gastvrijheid"
97071,Gespecialiseerd dierverzorger (Dierentrimmer),3,vakopleiding,"BBL,BOL",hg016,"Voedsel, natuur en leefomgeving",sg011,Dier,23298,Dierverzorging,06,"Voedsel, groen en gastvrijheid"
97072,Gespecialiseerd dierverzorger (Hoefsmid),3,vakopleiding,"BBL,BOL",hg016,"Voedsel, natuur en leefomgeving",sg011,Dier,23367,Hoefsmederij,06,"Voedsel, groen en gastvrijheid"
97073,Gespecialiseerd dierverzorger (Rundveepedicure),3,vakopleiding,"BBL,BOL",hg016,"Voedsel, natuur en leefomgeving",sg055,"Voeding, teelt en verwerking",23393,"Agro productie, handel en technologie",06,"Voedsel, groen en gastvrijheid"
97080,In- en verkoper groothandel voedsel en leefomgeving,3,vakopleiding,"BBL,BOL",hg006,Handel en ondernemerschap,sg010,Detailhandel en groothandel,23324,Retail operationeel,04,Handel
97081,In- en verkoper groothandel voedsel en leefomgeving (Inkoper in de groothandel voedsel en groen),3,vakopleiding,"BBL,BOL",hg006,Handel en ondernemerschap,sg010,Detailhandel en groothandel,23324,Retail operationeel,04,Handel
97082,In- en verkoper groothandel voedsel en leefomgeving (Verkoper in de groothandel voedsel en groen),3,vakopleiding,"BBL,BOL",hg006,Handel en ondernemerschap,sg010,Detailhandel en groothandel,23324,Retail operationeel,04,Handel
97090,Manager natuur en recreatie,4,middenkaderopleiding,"BBL,BOL,OVO",hg016,"Voedsel, natuur en leefomgeving",sg055,"Voeding, teelt en verwerking",23394,Groene ruimte,06,"Voedsel, groen en gastvrijheid"
97100,Vakfunctionaris bedekte teelt (Medewerker bedekte teelt),2,basisberoepsopleiding,"BBL,BOL",hg016,"Voedsel, natuur en leefomgeving",sg055,"Voeding, teelt en verwerking",23393,"Agro productie, handel en technologie",06,"Voedsel, groen en gastvrijheid"
97110,Vakfunctionaris bedekte teelt (Vakbekwaam medewerker bedekte teelt),3,vakopleiding,"BBL,BOL",hg016,"Voedsel, natuur en leefomgeving",sg055,"Voeding, teelt en verwerking",23393,"Agro productie, handel en technologie",06,"Voedsel, groen en gastvrijheid"
97120,Medewerker biologisch-dynamisch bedrijf,2,basisberoepsopleiding,"BBL,BOL,OVO",hg016,"Voedsel, natuur en leefomgeving",sg055,"Voeding, teelt en verwerking",23393,"Agro productie, handel en technologie",06,"Voedsel, groen en gastvrijheid"
97130,Vakbekwaam medewerker biologisch-dynamisch bedrijf,3,vakopleiding,"BBL,BOL,OVO",hg016,"Voedsel, natuur en leefomgeving",sg055,"Voeding, teelt en verwerking",23393,"Agro productie, handel en technologie",06,"Voedsel, groen en gastvrijheid"
97140,Medewerker gemechaniseerd loonbedrijf,2,basisberoepsopleiding,"BBL,BOL,OVO",hg016,"Voedsel, natuur en leefomgeving",sg055,"Voeding, teelt en verwerking",23395,"Groen, grond en groene infra",06,"Voedsel, groen en gastvrijheid"
97150,Vakbekwaam medewerker gemechaniseerd loonbedrijf,3,vakopleiding,"BBL,BOL,OVO",hg016,"Voedsel, natuur en leefomgeving",sg055,"Voeding, teelt en verwerking",23395,"Groen, grond en groene infra",06,"Voedsel, groen en gastvrijheid"
97160,Vakfunctionaris groothandel en logistiek voedsel en leefomgeving (Medewerker groothandel en logistiek voedsel en leefomgeving),2,basisberoepsopleiding,"BBL,BOL",hg016,"Voedsel, natuur en leefomgeving",sg055,"Voeding, teelt en verwerking",23393,"Agro productie, handel en technologie",06,"Voedsel, groen en gastvrijheid"
97170,Vakfunctionaris groothandel en logistiek voedsel en leefomgeving (Vakbekwaam medewerker groothandel en logistiek voedsel en leefomgeving),3,vakopleiding,"BBL,BOL",hg016,"Voedsel, natuur en leefomgeving",sg055,"Voeding, teelt en verwerking",23393,"Agro productie, handel en technologie",06,"Voedsel, groen en gastvrijheid"
97180,Medewerker natuur en leefomgeving,2,basisberoepsopleiding,"BBL,BOL",hg016,"Voedsel, natuur en leefomgeving",sg055,"Voeding, teelt en verwerking",23395,"Groen, grond en groene infra",06,"Voedsel, groen en gastvrijheid"
97181,Medewerker natuur en leefomgeving (Medewerker bos en natuurbeheer),2,basisberoepsopleiding,"BBL,BOL",hg016,"Voedsel, natuur en leefomgeving",sg055,"Voeding, teelt en verwerking",23395,"Groen, grond en groene infra",06,"Voedsel, groen en gastvrijheid"
97182,Medewerker natuur en leefomgeving (Medewerker hoverniersbedrijf/ groenvoorziening),2,basisberoepsopleiding,"BBL,BOL",hg016,"Voedsel, natuur en leefomgeving",sg055,"Voeding, teelt en verwerking",23395,"Groen, grond en groene infra",06,"Voedsel, groen en gastvrijheid"
97183,"Medewerker natuur en leefomgeving (Medewerker land, water en milieutechniek)",2,basisberoepsopleiding,"BBL,BOL",hg016,"Voedsel, natuur en leefomgeving",sg055,"Voeding, teelt en verwerking",23395,"Groen, grond en groene infra",06,"Voedsel, groen en gastvrijheid"
97184,Medewerker natuur en leefomgeving (Medewerker recreatiebedrijf),2,basisberoepsopleiding,"BBL,BOL",hg016,"Voedsel, natuur en leefomgeving",sg055,"Voeding, teelt en verwerking",23394,Groene ruimte,06,"Voedsel, groen en gastvrijheid"
97190,Vakfunctionaris open teelt (Medewerker open teelt),2,basisberoepsopleiding,"BBL,BOL",hg016,"Voedsel, natuur en leefomgeving",sg055,"Voeding, teelt en verwerking",23393,"Agro productie, handel en technologie",06,"Voedsel, groen en gastvrijheid"
97200,Vakfunctionaris open teelt (Vakbekwaam medewerker open teelt),3,vakopleiding,"BBL,BOL",hg016,"Voedsel, natuur en leefomgeving",sg055,"Voeding, teelt en verwerking",23393,"Agro productie, handel en technologie",06,"Voedsel, groen en gastvrijheid"
97210,Technoloog voedingsindustrie,4,middenkaderopleiding,"BBL,BOL",hg016,"Voedsel, natuur en leefomgeving",sg055,"Voeding, teelt en verwerking",23392,Voeding,06,"Voedsel, groen en gastvrijheid"
97211,Technoloog voedingsindustrie (Specialist product en proces),4,middenkaderopleiding,"BBL,BOL",hg016,"Voedsel, natuur en leefomgeving",sg055,"Voeding, teelt en verwerking",23392,Voeding,06,"Voedsel, groen en gastvrijheid"
97212,Technoloog voedingsindustrie (Teamleider/ coordinator),4,middenkaderopleiding,"BBL,BOL",hg016,"Voedsel, natuur en leefomgeving",sg055,"Voeding, teelt en verwerking",23392,Voeding,06,"Voedsel, groen en gastvrijheid"
97213,Technoloog voedingsindustrie (Kwaliteitsmedewerker),4,middenkaderopleiding,"BBL,BOL",hg016,"Voedsel, natuur en leefomgeving",sg055,"Voeding, teelt en verwerking",23392,Voeding,06,"Voedsel, groen en gastvrijheid"
97220,Begeleider paardensport II,2,basisberoepsopleiding,"BBL,BOL,OVO",hg016,"Voedsel, natuur en leefomgeving",sg011,Dier,23298,Dierverzorging,06,"Voedsel, groen en gastvrijheid"
97230,Instructeur paardensport III,3,vakopleiding,"BBL,BOL,OVO",hg016,"Voedsel, natuur en leefomgeving",sg011,Dier,23369,Paardensport en -houderij,06,"Voedsel, groen en gastvrijheid"
97240,Instructeur paardensport,4,middenkaderopleiding,"BBL,BOL",hg016,"Voedsel, natuur en leefomgeving",sg011,Dier,23369,Paardensport en -houderij,06,"Voedsel, groen en gastvrijheid"
97241,Instructeur paardensport IV,4,middenkaderopleiding,"BBL,BOL,OVO",hg016,"Voedsel, natuur en leefomgeving",sg011,Dier,23369,Paardensport en -houderij,06,"Voedsel, groen en gastvrijheid"
97242,Manager paardensportbedrijf,4,middenkaderopleiding,"BBL,BOL,OVO",hg016,"Voedsel, natuur en leefomgeving",sg011,Dier,23369,Paardensport en -houderij,06,"Voedsel, groen en gastvrijheid"
97250,Vakbekwaam medewerker natuur en leefomgeving,3,vakopleiding,"BBL,BOL",hg016,"Voedsel, natuur en leefomgeving",sg055,"Voeding, teelt en verwerking",23394,Groene ruimte,06,"Voedsel, groen en gastvrijheid"
97251,Vakbekwaam medewerker bos en natuurbeheer,3,vakopleiding,"BBL,BOL,OVO",hg016,"Voedsel, natuur en leefomgeving",sg055,"Voeding, teelt en verwerking",23395,"Groen, grond en groene infra",06,"Voedsel, groen en gastvrijheid"
97252,Vakbekwaam medewerker groenvoorziening,3,vakopleiding,"BBL,BOL,OVO",hg016,"Voedsel, natuur en leefomgeving",sg055,"Voeding, teelt en verwerking",23395,"Groen, grond en groene infra",06,"Voedsel, groen en gastvrijheid"
97253,Vakbekwaam hovenier,3,vakopleiding,"BBL,BOL,OVO",hg016,"Voedsel, natuur en leefomgeving",sg055,"Voeding, teelt en verwerking",23394,Groene ruimte,06,"Voedsel, groen en gastvrijheid"
97254,"Vakbekwaam medewerker land, water en milieu",3,vakopleiding,"BBL,BOL,OVO",hg016,"Voedsel, natuur en leefomgeving",sg055,"Voeding, teelt en verwerking",23394,Groene ruimte,06,"Voedsel, groen en gastvrijheid"
97255,Vakbekwaam medewerker recreatiebedrijf,3,vakopleiding,"BBL,BOL,OVO",hg016,"Voedsel, natuur en leefomgeving",sg055,"Voeding, teelt en verwerking",23394,Groene ruimte,06,"Voedsel, groen en gastvrijheid"
97260,Vormgever leefomgeving,4,middenkaderopleiding,"BBL,BOL",hg016,"Voedsel, natuur en leefomgeving",sg055,"Voeding, teelt en verwerking",23289,"Bloem, groen en styling",06,"Voedsel, groen en gastvrijheid"
97261,Vormgever leefomgeving (Arrangeur/vormgever),4,middenkaderopleiding,"BBL,BOL",hg016,"Voedsel, natuur en leefomgeving",sg055,"Voeding, teelt en verwerking",23289,"Bloem, groen en styling",06,"Voedsel, groen en gastvrijheid"
97262,Vormgever leefomgeving (Ondernemer bloemist),4,middenkaderopleiding,"BBL,BOL",hg016,"Voedsel, natuur en leefomgeving",sg055,"Voeding, teelt en verwerking",23289,"Bloem, groen en styling",06,"Voedsel, groen en gastvrijheid"
97270,Vakfunctionaris zorg en leefomgeving (Werkbegeleider agrarisch zorgbedrijf),4,middenkaderopleiding,"BBL,BOL",hg016,"Voedsel, natuur en leefomgeving",sg055,"Voeding, teelt en verwerking",23393,"Agro productie, handel en technologie",06,"Voedsel, groen en gastvrijheid"
97280,Bloembinder (Tweede bloembinder),2,basisberoepsopleiding,"BBL,BOL",hg016,"Voedsel, natuur en leefomgeving",sg055,"Voeding, teelt en verwerking",23289,"Bloem, groen en styling",06,"Voedsel, groen en gastvrijheid"
97290,Bloembinder (Eerste bloembinder),3,vakopleiding,"BBL,BOL",hg016,"Voedsel, natuur en leefomgeving",sg055,"Voeding, teelt en verwerking",23289,"Bloem, groen en styling",06,"Voedsel, groen en gastvrijheid"
97300,Verkoper groene detailhandel (Verkoopmedewerker groene detailhandel),2,basisberoepsopleiding,"BBL,BOL",hg006,Handel en ondernemerschap,sg010,Detailhandel en groothandel,23324,Retail operationeel,04,Handel
97310,Verkoper groene detailhandel (Verkoopspecialist groene detailhandel),3,vakopleiding,"BBL,BOL",hg006,Handel en ondernemerschap,sg010,Detailhandel en groothandel,23325,Retail advies,04,Handel
97320,Manager groene detailhandel,4,middenkaderopleiding,"BBL,BOL",hg016,"Voedsel, natuur en leefomgeving",sg055,"Voeding, teelt en verwerking",23289,"Bloem, groen en styling",06,"Voedsel, groen en gastvrijheid"
97330,Medewerker dierverzorging,2,basisberoepsopleiding,"BBL,BOL,OVO",hg016,"Voedsel, natuur en leefomgeving",sg011,Dier,23298,Dierverzorging,06,"Voedsel, groen en gastvrijheid"
97340,Allround voedingsoperator,3,vakopleiding,"BBL,BOL,OVO",hg016,"Voedsel, natuur en leefomgeving",sg055,"Voeding, teelt en verwerking",23392,Voeding,06,"Voedsel, groen en gastvrijheid"
97350,Assistent voedingsindustrie,1,entreeopleiding,"BBL,BOL",hg002,Entree,sg061,Entree,23301,Entree,09,Entree
97360,Dierverzorger,3,vakopleiding,"BBL,BOL",hg016,"Voedsel, natuur en leefomgeving",sg011,Dier,23298,Dierverzorging,06,"Voedsel, groen en gastvrijheid"
97361,Dierverzorger (Dierverzorger graasdieren ),3,vakopleiding,"BBL,BOL",hg016,"Voedsel, natuur en leefomgeving",sg055,"Voeding, teelt en verwerking",23393,"Agro productie, handel en technologie",06,"Voedsel, groen en gastvrijheid"
97362,Dierverzorger (Dierverzorger hokdieren),3,vakopleiding,"BBL,BOL",hg016,"Voedsel, natuur en leefomgeving",sg055,"Voeding, teelt en verwerking",23393,"Agro productie, handel en technologie",06,"Voedsel, groen en gastvrijheid"
97363,Dierverzorger (Dierverzorger melkvee),3,vakopleiding,"BBL,BOL",hg016,"Voedsel, natuur en leefomgeving",sg055,"Voeding, teelt en verwerking",23393,"Agro productie, handel en technologie",06,"Voedsel, groen en gastvrijheid"
97364,Dierverzorger (Dierverzorger recreatiedieren),3,vakopleiding,"BBL,BOL",hg016,"Voedsel, natuur en leefomgeving",sg011,Dier,23298,Dierverzorging,06,"Voedsel, groen en gastvrijheid"
97365,Dierverzorger (Proefdierverzorger),3,vakopleiding,"BBL,BOL",hg016,"Voedsel, natuur en leefomgeving",sg011,Dier,23298,Dierverzorging,06,"Voedsel, groen en gastvrijheid"
97366,Dierverzorger (Biotechnicus),4,middenkaderopleiding,"BBL,BOL",hg016,"Voedsel, natuur en leefomgeving",sg011,Dier,23368,Gespecialiseerde proefdierverzorging,06,"Voedsel, groen en gastvrijheid"
97370,Middenkaderfunctionaris milieu en ruimte,4,middenkaderopleiding,"BBL,BOL",hg016,"Voedsel, natuur en leefomgeving",sg036,Natuur en groene ruimte,23234,Advies en onderzoek leefomgeving,06,"Voedsel, groen en gastvrijheid"
97371,Toezichthouder milieu en ruimte,4,middenkaderopleiding,"BBL,BOL,OVO",hg016,"Voedsel, natuur en leefomgeving",sg036,Natuur en groene ruimte,23234,Advies en onderzoek leefomgeving,06,"Voedsel, groen en gastvrijheid"
97372,Milieufunctionaris,4,middenkaderopleiding,"BBL,BOL,OVO",hg016,"Voedsel, natuur en leefomgeving",sg036,Natuur en groene ruimte,23234,Advies en onderzoek leefomgeving,06,"Voedsel, groen en gastvrijheid"
97380,Voedingsoperator,2,basisberoepsopleiding,"BBL,BOL,OVO",hg016,"Voedsel, natuur en leefomgeving",sg055,"Voeding, teelt en verwerking",23392,Voeding,06,"Voedsel, groen en gastvrijheid"
97390,Arbeidsmarktgekwalificeerd assistent,1,entreeopleiding,"BBL,BOL,OVO",hg002,Entree,sg061,Entree,23301,Entree,09,Entree
97400,Vakfunctionaris huisdierenbranche (Bedrijfsleider detailhandel dier en dierbenodigdheden),4,middenkaderopleiding,"BBL,BOL",hg016,"Voedsel, natuur en leefomgeving",sg011,Dier,23298,Dierverzorging,06,"Voedsel, groen en gastvrijheid"
97410,Vakfunctionaris huisdierenbranche (Eerste verkoper dier en dierbenodigdheden),3,vakopleiding,"BBL,BOL",hg016,"Voedsel, natuur en leefomgeving",sg011,Dier,23298,Dierverzorging,06,"Voedsel, groen en gastvrijheid"
97420,Medewerker bloembinden,2,basisberoepsopleiding,"BBL,BOL,OVO",hg016,"Voedsel, natuur en leefomgeving",sg055,"Voeding, teelt en verwerking",23289,"Bloem, groen en styling",06,"Voedsel, groen en gastvrijheid"
97430,Vakbekwaam medewerker bloembinden,3,vakopleiding,"BBL,BOL,OVO",hg016,"Voedsel, natuur en leefomgeving",sg055,"Voeding, teelt en verwerking",23289,"Bloem, groen en styling",06,"Voedsel, groen en gastvrijheid"
97440,Manager bloembinden,4,middenkaderopleiding,"BBL,BOL,OVO",hg016,"Voedsel, natuur en leefomgeving",sg055,"Voeding, teelt en verwerking",23289,"Bloem, groen en styling",06,"Voedsel, groen en gastvrijheid"
97450,Verkoper groene detailhandel (Manager groene detailhandel),4,middenkaderopleiding,"BBL,BOL",hg016,"Voedsel, natuur en leefomgeving",sg055,"Voeding, teelt en verwerking",23289,"Bloem, groen en styling",06,"Voedsel, groen en gastvrijheid"
97460,Trimmer,3,vakopleiding,"BBL,BOL,OVO",hg016,"Voedsel, natuur en leefomgeving",sg011,Dier,23298,Dierverzorging,06,"Voedsel, groen en gastvrijheid"
97470,Assistent medewerker voedsel en leefomgeving,1,entreeopleiding,"BBL,BOL",hg002,Entree,sg061,Entree,23301,Entree,09,Entree
97471,Assistent medewerker voedsel en leefomgeving (Assistent medewerker dierverzorging),1,entreeopleiding,"BBL,BOL",hg016,"Voedsel, natuur en leefomgeving",sg011,Dier,23298,Dierverzorging,06,"Voedsel, groen en gastvrijheid"
97472,Assistent groene detailhandel,1,entreeopleiding,"BBL,BOL,OVO",hg002,Entree,sg061,Entree,23301,Entree,09,Entree
97473,Assistent natuur en groen,1,entreeopleiding,"BBL,BOL,OVO",hg002,Entree,sg061,Entree,23301,Entree,09,Entree
97474,Assistent plantenteelt,1,entreeopleiding,"BBL,BOL,OVO",hg002,Entree,sg061,Entree,23301,Entree,09,Entree
97475,Assistent voeding/voedingsindustrie,1,entreeopleiding,"BBL,BOL,OVO",hg002,Entree,sg061,Entree,23301,Entree,09,Entree
97480,Vakbekwaam medewerker natuur en vormgeving,3,vakopleiding,"BBL,BOL,OVO",hg016,"Voedsel, natuur en leefomgeving",sg055,"Voeding, teelt en verwerking",23289,"Bloem, groen en styling",06,"Voedsel, groen en gastvrijheid"
97490,Specialist natuur en vormgeving,4,middenkaderopleiding,"BBL,BOL,OVO",hg016,"Voedsel, natuur en leefomgeving",sg055,"Voeding, teelt en verwerking",23289,"Bloem, groen en styling",06,"Voedsel, groen en gastvrijheid"
97500,Dierenverzorger (Biotechnicus),4,middenkaderopleiding,"BBL,BOL",hg016,"Voedsel, natuur en leefomgeving",sg011,Dier,23368,Gespecialiseerde proefdierverzorging,06,"Voedsel, groen en gastvrijheid"
97510,Hoefsmid,3,vakopleiding,"BBL,BOL,OVO",hg016,"Voedsel, natuur en leefomgeving",sg011,Dier,23367,Hoefsmederij,06,"Voedsel, groen en gastvrijheid"
97520,Kwaliteitscoördinator,4,middenkaderopleiding,"BBL,BOL,OVO",hg016,"Voedsel, natuur en leefomgeving",sg055,"Voeding, teelt en verwerking",23392,Voeding,06,"Voedsel, groen en gastvrijheid"
97530,Medewerker natuur en leefomgeving,2,basisberoepsopleiding,"BBL,BOL",hg016,"Voedsel, natuur en leefomgeving",sg055,"Voeding, teelt en verwerking",23394,Groene ruimte,06,"Voedsel, groen en gastvrijheid"
97531,Medewerker buitenruimte,2,basisberoepsopleiding,"BBL,BOL,OVO",hg016,"Voedsel, natuur en leefomgeving",sg055,"Voeding, teelt en verwerking",23395,"Groen, grond en groene infra",06,"Voedsel, groen en gastvrijheid"
97532,Medewerker recreatiebedrijf,2,basisberoepsopleiding,"BBL,BOL,OVO",hg016,"Voedsel, natuur en leefomgeving",sg055,"Voeding, teelt en verwerking",23394,Groene ruimte,06,"Voedsel, groen en gastvrijheid"
97540,Food manager,4,middenkaderopleiding,"BBL,BOL",hg016,"Voedsel, natuur en leefomgeving",sg055,"Voeding, teelt en verwerking",23392,Voeding,06,"Voedsel, groen en gastvrijheid"
97541,Voedingsspecialist,4,middenkaderopleiding,"BBL,BOL,OVO",hg016,"Voedsel, natuur en leefomgeving",sg055,"Voeding, teelt en verwerking",23392,Voeding,06,"Voedsel, groen en gastvrijheid"
97542,Manager voeding,4,middenkaderopleiding,"BBL,BOL,OVO",hg016,"Voedsel, natuur en leefomgeving",sg055,"Voeding, teelt en verwerking",23392,Voeding,06,"Voedsel, groen en gastvrijheid"
97550,Vakfunctionaris zorg en leefomgeving,3,vakopleiding,"BBL,BOL",hg016,"Voedsel, natuur en leefomgeving",sg055,"Voeding, teelt en verwerking",23393,"Agro productie, handel en technologie",06,"Voedsel, groen en gastvrijheid"
97551,Werkbegeleider zorgbedrijf dier,3,vakopleiding,"BBL,BOL,OVO",hg016,"Voedsel, natuur en leefomgeving",sg055,"Voeding, teelt en verwerking",23393,"Agro productie, handel en technologie",06,"Voedsel, groen en gastvrijheid"
97552,Werkbegeleider zorgbedrijf plant,3,vakopleiding,"BBL,BOL,OVO",hg016,"Voedsel, natuur en leefomgeving",sg055,"Voeding, teelt en verwerking",23393,"Agro productie, handel en technologie",06,"Voedsel, groen en gastvrijheid"
97560,Vakfunctionaris zorg en leefomgeving,4,middenkaderopleiding,"BBL,BOL",hg016,"Voedsel, natuur en leefomgeving",sg055,"Voeding, teelt en verwerking",23393,"Agro productie, handel en technologie",06,"Voedsel, groen en gastvrijheid"
97561,Ondernemer zorgbedrijf dier,4,middenkaderopleiding,"BBL,BOL,OVO",hg016,"Voedsel, natuur en leefomgeving",sg055,"Voeding, teelt en verwerking",23393,"Agro productie, handel en technologie",06,"Voedsel, groen en gastvrijheid"
97562,Ondernemer zorgbedrijf plant,4,middenkaderopleiding,"BBL,BOL,OVO",hg016,"Voedsel, natuur en leefomgeving",sg055,"Voeding, teelt en verwerking",23393,"Agro productie, handel en technologie",06,"Voedsel, groen en gastvrijheid"
97570,Rundveepedicure,3,vakopleiding,"BBL,BOL,OVO",hg016,"Voedsel, natuur en leefomgeving",sg055,"Voeding, teelt en verwerking",23393,"Agro productie, handel en technologie",06,"Voedsel, groen en gastvrijheid"
97590,Dierenartsassistent paraveterinair,4,middenkaderopleiding,"BBL,BOL,OVO",hg016,"Voedsel, natuur en leefomgeving",sg011,Dier,23298,Dierverzorging,06,"Voedsel, groen en gastvrijheid"
97640,Manager biologisch-dynamisch bedrijf,4,middenkaderopleiding,"BBL,BOL,OVO",hg016,"Voedsel, natuur en leefomgeving",sg055,"Voeding, teelt en verwerking",23393,"Agro productie, handel en technologie",06,"Voedsel, groen en gastvrijheid"
97650,Manager gemechaniseerd loonbedrijf,4,middenkaderopleiding,"BBL,BOL,OVO",hg016,"Voedsel, natuur en leefomgeving",sg055,"Voeding, teelt en verwerking",23395,"Groen, grond en groene infra",06,"Voedsel, groen en gastvrijheid"
97660,Medewerker teelt,2,basisberoepsopleiding,"BBL,BOL,OVO",hg016,"Voedsel, natuur en leefomgeving",sg055,"Voeding, teelt en verwerking",23393,"Agro productie, handel en technologie",06,"Voedsel, groen en gastvrijheid"
97670,Vakbekwaam medewerker teelt,3,vakopleiding,"BBL,BOL,OVO",hg016,"Voedsel, natuur en leefomgeving",sg055,"Voeding, teelt en verwerking",23393,"Agro productie, handel en technologie",06,"Voedsel, groen en gastvrijheid"
97680,Teelt 4,4,middenkaderopleiding,"BBL,BOL",hg016,"Voedsel, natuur en leefomgeving",sg055,"Voeding, teelt en verwerking",23393,"Agro productie, handel en technologie",06,"Voedsel, groen en gastvrijheid"
97681,Manager teelt,4,middenkaderopleiding,"BBL,BOL,OVO",hg016,"Voedsel, natuur en leefomgeving",sg055,"Voeding, teelt en verwerking",23393,"Agro productie, handel en technologie",06,"Voedsel, groen en gastvrijheid"
97682,Specialist teelt en techniek,4,middenkaderopleiding,"BBL,BOL,OVO",hg016,"Voedsel, natuur en leefomgeving",sg055,"Voeding, teelt en verwerking",23393,"Agro productie, handel en technologie",06,"Voedsel, groen en gastvrijheid"
97683,Teamleider teelt en arbeid,4,middenkaderopleiding,"BBL,BOL,OVO",hg016,"Voedsel, natuur en leefomgeving",sg055,"Voeding, teelt en verwerking",23393,"Agro productie, handel en technologie",06,"Voedsel, groen en gastvrijheid"
97690,In- en verkoper vershandel,4,middenkaderopleiding,"BBL,BOL,OVO",hg016,"Voedsel, natuur en leefomgeving",sg055,"Voeding, teelt en verwerking",23393,"Agro productie, handel en technologie",06,"Voedsel, groen en gastvrijheid"
97700,Productiedieren,3,vakopleiding,"BBL,BOL",hg016,"Voedsel, natuur en leefomgeving",sg055,"Voeding, teelt en verwerking",23393,"Agro productie, handel en technologie",06,"Voedsel, groen en gastvrijheid"
97701,Dierverzorger graasdieren,3,vakopleiding,"BBL,BOL,OVO",hg016,"Voedsel, natuur en leefomgeving",sg055,"Voeding, teelt en verwerking",23393,"Agro productie, handel en technologie",06,"Voedsel, groen en gastvrijheid"
97702,Dierverzorger hokdieren,3,vakopleiding,"BBL,BOL,OVO",hg016,"Voedsel, natuur en leefomgeving",sg055,"Voeding, teelt en verwerking",23393,"Agro productie, handel en technologie",06,"Voedsel, groen en gastvrijheid"
97703,Dierverzorger melkvee,3,vakopleiding,"BBL,BOL,OVO",hg016,"Voedsel, natuur en leefomgeving",sg055,"Voeding, teelt en verwerking",23393,"Agro productie, handel en technologie",06,"Voedsel, groen en gastvrijheid"
97710,Productiedieren,4,middenkaderopleiding,"BBL,BOL",hg016,"Voedsel, natuur en leefomgeving",sg055,"Voeding, teelt en verwerking",23393,"Agro productie, handel en technologie",06,"Voedsel, groen en gastvrijheid"
97711,Dierenhouder graasdieren,4,middenkaderopleiding,"BBL,BOL,OVO",hg016,"Voedsel, natuur en leefomgeving",sg055,"Voeding, teelt en verwerking",23393,"Agro productie, handel en technologie",06,"Voedsel, groen en gastvrijheid"
97712,Dierenhouder hokdieren,4,middenkaderopleiding,"BBL,BOL,OVO",hg016,"Voedsel, natuur en leefomgeving",sg055,"Voeding, teelt en verwerking",23393,"Agro productie, handel en technologie",06,"Voedsel, groen en gastvrijheid"
97713,Melkveehouder,4,middenkaderopleiding,"BBL,BOL,OVO",hg016,"Voedsel, natuur en leefomgeving",sg055,"Voeding, teelt en verwerking",23393,"Agro productie, handel en technologie",06,"Voedsel, groen en gastvrijheid"
97720,Dierverzorger recreatiedieren,3,vakopleiding,"BBL,BOL,OVO",hg016,"Voedsel, natuur en leefomgeving",sg011,Dier,23298,Dierverzorging,06,"Voedsel, groen en gastvrijheid"
97730,Ondernemer/manager recreatiedieren,4,middenkaderopleiding,"BBL,BOL,OVO",hg016,"Voedsel, natuur en leefomgeving",sg011,Dier,23298,Dierverzorging,06,"Voedsel, groen en gastvrijheid"
97740,"Medewerker vershandel, logistiek en transport",2,basisberoepsopleiding,"BBL,BOL,OVO",hg016,"Voedsel, natuur en leefomgeving",sg055,"Voeding, teelt en verwerking",23393,"Agro productie, handel en technologie",06,"Voedsel, groen en gastvrijheid"
97750,"Vakbekwaam medewerker vershandel, logistiek en transport",3,vakopleiding,"BBL,BOL,OVO",hg016,"Voedsel, natuur en leefomgeving",sg055,"Voeding, teelt en verwerking",23393,"Agro productie, handel en technologie",06,"Voedsel, groen en gastvrijheid"
97760,Logistiek vakman,4,middenkaderopleiding,"BBL,BOL",hg013,"Transport, scheepvaart en logistiek",sg028,Logistiek,23309,Logistiek,02,"Mobiliteit, transport, logistiek en maritiem"
97761,"Manager vershandel, logistiek en transport",4,middenkaderopleiding,"BBL,BOL,OVO",hg016,"Voedsel, natuur en leefomgeving",sg055,"Voeding, teelt en verwerking",23393,"Agro productie, handel en technologie",06,"Voedsel, groen en gastvrijheid"
97762,Specialist logistiek en kwaliteit,4,middenkaderopleiding,"BBL,BOL,OVO",hg016,"Voedsel, natuur en leefomgeving",sg055,"Voeding, teelt en verwerking",23393,"Agro productie, handel en technologie",06,"Voedsel, groen en gastvrijheid"
97770,Proefdierverzorger,3,vakopleiding,"BBL,BOL,OVO",hg016,"Voedsel, natuur en leefomgeving",sg011,Dier,23298,Dierverzorging,06,"Voedsel, groen en gastvrijheid"
97780,Biotechnicus,4,middenkaderopleiding,"BBL,BOL,OVO",hg016,"Voedsel, natuur en leefomgeving",sg011,Dier,23368,Gespecialiseerde proefdierverzorging,06,"Voedsel, groen en gastvrijheid"
97790,Ondernemer gezelschapsdieren,4,middenkaderopleiding,"BBL,BOL,OVO",hg016,"Voedsel, natuur en leefomgeving",sg011,Dier,23298,Dierverzorging,06,"Voedsel, groen en gastvrijheid"
97791,Vakbekwaam verkoper gezelschapsdieren,3,vakopleiding,"BBL,BOL,OVO",hg016,"Voedsel, natuur en leefomgeving",sg011,Dier,23298,Dierverzorging,06,"Voedsel, groen en gastvrijheid"
97792,Manager groene detailhandel,4,middenkaderopleiding,"BBL,BOL,OVO",hg016,"Voedsel, natuur en leefomgeving",sg055,"Voeding, teelt en verwerking",23289,"Bloem, groen en styling",06,"Voedsel, groen en gastvrijheid"
97793,Medewerker groene detailhandel,2,basisberoepsopleiding,"BBL,BOL,OVO",hg006,Handel en ondernemerschap,sg010,Detailhandel en groothandel,23324,Retail operationeel,04,Handel
97794,Vakbekwaam medewerker groene detailhandel,3,vakopleiding,"BBL,BOL,OVO",hg006,Handel en ondernemerschap,sg010,Detailhandel en groothandel,23325,Retail advies,04,Handel
97795,Manager teelt en gewasbescherming,4,middenkaderopleiding,"BBL,BOL,OVO",hg016,"Voedsel, natuur en leefomgeving",sg055,"Voeding, teelt en verwerking",23393,"Agro productie, handel en technologie",06,"Voedsel, groen en gastvrijheid"
97796,Assistent Logistiek (groen),1,andere_opleiding,"BBL,BOL,OVO",hg002,Entree,sg061,Entree,23301,Entree,09,Entree
97797,"Assistent horeca, voeding of voedingsindustrie (groen)",1,andere_opleiding,"BBL,BOL,OVO",hg002,Entree,sg061,Entree,23301,Entree,09,Entree
97798,Assistent verkoop/retail (groen),1,andere_opleiding,"BBL,BOL,OVO",hg002,Entree,sg061,Entree,23301,Entree,09,Entree
97799,Assistent plant of (groene) leefomgeving,1,andere_opleiding,"BBL,BOL,OVO",hg002,Entree,sg061,Entree,23301,Entree,09,Entree
